-- MySQL dump 10.13  Distrib 8.0.12, for Win64 (x86_64)
--
-- Host: localhost    Database: 72crm
-- ------------------------------------------------------
-- Server version	8.0.12

/*!40101 SET @OLD_CHARACTER_SET_CLIENT=@@CHARACTER_SET_CLIENT */;
/*!40101 SET @OLD_CHARACTER_SET_RESULTS=@@CHARACTER_SET_RESULTS */;
/*!40101 SET @OLD_COLLATION_CONNECTION=@@COLLATION_CONNECTION */;
 SET NAMES utf8mb4 ;
/*!40103 SET @OLD_TIME_ZONE=@@TIME_ZONE */;
/*!40103 SET TIME_ZONE='+00:00' */;
/*!40014 SET @OLD_UNIQUE_CHECKS=@@UNIQUE_CHECKS, UNIQUE_CHECKS=0 */;
/*!40014 SET @OLD_FOREIGN_KEY_CHECKS=@@FOREIGN_KEY_CHECKS, FOREIGN_KEY_CHECKS=0 */;
/*!40101 SET @OLD_SQL_MODE=@@SQL_MODE, SQL_MODE='NO_AUTO_VALUE_ON_ZERO' */;
/*!40111 SET @OLD_SQL_NOTES=@@SQL_NOTES, SQL_NOTES=0 */;

--
-- Table structure for table `5kcrm_admin_access`
--

DROP TABLE IF EXISTS `5kcrm_admin_access`;
/*!40101 SET @saved_cs_client     = @@character_set_client */;
 SET character_set_client = utf8mb4 ;
CREATE TABLE `5kcrm_admin_access` (
  `user_id` int(11) NOT NULL,
  `group_id` int(11) NOT NULL
) ENGINE=InnoDB DEFAULT CHARSET=utf8;
/*!40101 SET character_set_client = @saved_cs_client */;

--
-- Dumping data for table `5kcrm_admin_access`
--

LOCK TABLES `5kcrm_admin_access` WRITE;
/*!40000 ALTER TABLE `5kcrm_admin_access` DISABLE KEYS */;
INSERT INTO `5kcrm_admin_access` VALUES (2,1),(4,1),(5,1),(6,8),(7,8),(8,8),(9,8),(10,8),(11,8),(12,8),(13,8),(14,8),(16,8),(17,8),(18,8),(19,8),(20,8),(21,8),(15,10),(22,8),(23,8),(24,8),(25,8),(26,8),(27,8),(28,8),(29,8),(30,8),(32,8),(33,8),(34,10),(31,8),(1,1),(3,3),(3,6),(3,10),(35,6),(35,10),(35,1);
/*!40000 ALTER TABLE `5kcrm_admin_access` ENABLE KEYS */;
UNLOCK TABLES;

--
-- Table structure for table `5kcrm_admin_action_log`
--

DROP TABLE IF EXISTS `5kcrm_admin_action_log`;
/*!40101 SET @saved_cs_client     = @@character_set_client */;
 SET character_set_client = utf8mb4 ;
CREATE TABLE `5kcrm_admin_action_log` (
  `log_id` int(11) NOT NULL AUTO_INCREMENT,
  `user_id` int(10) NOT NULL COMMENT '操作人ID',
  `module_name` varchar(50) NOT NULL COMMENT '模块',
  `controller_name` varchar(50) NOT NULL COMMENT '控制器',
  `action_name` varchar(50) NOT NULL COMMENT '方法',
  `action_id` int(10) NOT NULL COMMENT '操作ID',
  `action_delete` tinyint(1) NOT NULL DEFAULT '0' COMMENT '1为删除操作',
  `content` varchar(500) NOT NULL DEFAULT '' COMMENT '操作内容',
  `create_time` int(11) NOT NULL COMMENT '操作时间',
  `join_user_ids` varchar(255) NOT NULL DEFAULT '' COMMENT '抄送人IDs',
  `structure_ids` varchar(255) NOT NULL DEFAULT '' COMMENT '抄送部门IDs',
  PRIMARY KEY (`log_id`)
) ENGINE=InnoDB AUTO_INCREMENT=394 DEFAULT CHARSET=utf8 COMMENT='操作记录表';
/*!40101 SET character_set_client = @saved_cs_client */;

--
-- Dumping data for table `5kcrm_admin_action_log`
--

LOCK TABLES `5kcrm_admin_action_log` WRITE;
/*!40000 ALTER TABLE `5kcrm_admin_action_log` DISABLE KEYS */;
INSERT INTO `5kcrm_admin_action_log` VALUES (1,1,'admin','field','update',14,0,'管理员管理员在2019-08-15 14:09:48修改了id为14的字段',1565849388,'',''),(2,1,'admin','field','update',15,0,'管理员管理员在2019-08-15 14:09:49修改了id为15的字段',1565849389,'',''),(3,1,'admin','field','update',16,0,'管理员管理员在2019-08-15 14:09:49修改了id为16的字段',1565849389,'',''),(4,1,'admin','field','update',17,0,'管理员管理员在2019-08-15 14:09:50修改了id为17的字段',1565849390,'',''),(5,1,'admin','field','update',18,0,'管理员管理员在2019-08-15 14:09:50修改了id为18的字段',1565849390,'',''),(6,1,'admin','field','update',19,0,'管理员管理员在2019-08-15 14:09:51修改了id为19的字段',1565849391,'',''),(7,1,'admin','field','update',20,0,'管理员管理员在2019-08-15 14:09:51修改了id为20的字段',1565849391,'',''),(8,1,'admin','field','update',21,0,'管理员管理员在2019-08-15 14:09:52修改了id为21的字段',1565849392,'',''),(9,1,'admin','field','update',22,0,'管理员管理员在2019-08-15 14:09:52修改了id为22的字段',1565849392,'',''),(10,1,'admin','field','update',99,0,'管理员管理员在2019-08-15 14:09:52修改了id为99的字段',1565849392,'',''),(11,1,'admin','field','update',100,0,'管理员管理员在2019-08-15 14:20:23修改了id为100的字段',1565850023,'',''),(12,1,'admin','field','update',101,0,'管理员管理员在2019-08-15 14:20:24修改了id为101的字段',1565850024,'',''),(13,1,'admin','field','update',14,0,'管理员管理员在2019-08-15 14:20:24修改了id为14的字段',1565850024,'',''),(14,1,'admin','field','update',15,0,'管理员管理员在2019-08-15 14:20:24修改了id为15的字段',1565850024,'',''),(15,1,'admin','field','update',16,0,'管理员管理员在2019-08-15 14:20:24修改了id为16的字段',1565850024,'',''),(16,1,'admin','field','update',17,0,'管理员管理员在2019-08-15 14:20:24修改了id为17的字段',1565850024,'',''),(17,1,'admin','field','update',18,0,'管理员管理员在2019-08-15 14:20:25修改了id为18的字段',1565850025,'',''),(18,1,'admin','field','update',19,0,'管理员管理员在2019-08-15 14:20:25修改了id为19的字段',1565850025,'',''),(19,1,'admin','field','update',20,0,'管理员管理员在2019-08-15 14:20:25修改了id为20的字段',1565850025,'',''),(20,1,'admin','field','update',21,0,'管理员管理员在2019-08-15 14:20:25修改了id为21的字段',1565850025,'',''),(21,1,'admin','field','update',22,0,'管理员管理员在2019-08-15 14:20:25修改了id为22的字段',1565850025,'',''),(22,1,'admin','field','update',99,0,'管理员管理员在2019-08-15 14:20:26修改了id为99的字段',1565850026,'',''),(23,1,'admin','field','update',14,0,'管理员管理员在2019-08-15 14:27:37修改了id为14的字段',1565850457,'',''),(24,1,'admin','field','update',15,0,'管理员管理员在2019-08-15 14:27:37修改了id为15的字段',1565850457,'',''),(25,1,'admin','field','update',16,0,'管理员管理员在2019-08-15 14:27:37修改了id为16的字段',1565850457,'',''),(26,1,'admin','field','update',100,0,'管理员管理员在2019-08-15 14:27:38修改了id为100的字段',1565850458,'',''),(27,1,'admin','field','update',17,0,'管理员管理员在2019-08-15 14:27:38修改了id为17的字段',1565850458,'',''),(28,1,'admin','field','update',18,0,'管理员管理员在2019-08-15 14:27:38修改了id为18的字段',1565850458,'',''),(29,1,'admin','field','update',19,0,'管理员管理员在2019-08-15 14:27:38修改了id为19的字段',1565850458,'',''),(30,1,'admin','field','update',20,0,'管理员管理员在2019-08-15 14:27:38修改了id为20的字段',1565850458,'',''),(31,1,'admin','field','update',21,0,'管理员管理员在2019-08-15 14:27:38修改了id为21的字段',1565850458,'',''),(32,1,'admin','field','update',22,0,'管理员管理员在2019-08-15 14:27:38修改了id为22的字段',1565850458,'',''),(33,1,'admin','field','update',101,0,'管理员管理员在2019-08-15 14:27:38修改了id为101的字段',1565850458,'',''),(34,1,'admin','field','update',99,0,'管理员管理员在2019-08-15 14:27:38修改了id为99的字段',1565850458,'',''),(35,1,'admin','field','update',14,0,'管理员管理员在2019-08-15 14:34:17修改了id为14的字段',1565850857,'',''),(36,1,'admin','field','update',15,0,'管理员管理员在2019-08-15 14:34:17修改了id为15的字段',1565850857,'',''),(37,1,'admin','field','update',16,0,'管理员管理员在2019-08-15 14:34:17修改了id为16的字段',1565850857,'',''),(38,1,'admin','field','update',100,0,'管理员管理员在2019-08-15 14:34:18修改了id为100的字段',1565850858,'',''),(39,1,'admin','field','update',17,0,'管理员管理员在2019-08-15 14:34:18修改了id为17的字段',1565850858,'',''),(40,1,'admin','field','update',18,0,'管理员管理员在2019-08-15 14:34:18修改了id为18的字段',1565850858,'',''),(41,1,'admin','field','update',19,0,'管理员管理员在2019-08-15 14:34:18修改了id为19的字段',1565850858,'',''),(42,1,'admin','field','update',20,0,'管理员管理员在2019-08-15 14:34:18修改了id为20的字段',1565850858,'',''),(43,1,'admin','field','update',21,0,'管理员管理员在2019-08-15 14:34:18修改了id为21的字段',1565850858,'',''),(44,1,'admin','field','update',22,0,'管理员管理员在2019-08-15 14:34:18修改了id为22的字段',1565850858,'',''),(45,1,'admin','field','update',101,0,'管理员管理员在2019-08-15 14:34:18修改了id为101的字段',1565850858,'',''),(46,1,'admin','field','update',99,0,'管理员管理员在2019-08-15 14:34:19修改了id为99的字段',1565850859,'',''),(47,1,'admin','field','update',23,0,'管理员管理员在2019-08-15 21:51:13修改了id为23的字段',1565877073,'',''),(48,1,'admin','field','update',24,0,'管理员管理员在2019-08-15 21:51:13修改了id为24的字段',1565877073,'',''),(49,1,'admin','field','update',25,0,'管理员管理员在2019-08-15 21:51:13修改了id为25的字段',1565877073,'',''),(50,1,'admin','field','update',26,0,'管理员管理员在2019-08-15 21:51:13修改了id为26的字段',1565877073,'',''),(51,1,'admin','field','update',27,0,'管理员管理员在2019-08-15 21:51:14修改了id为27的字段',1565877074,'',''),(52,1,'admin','field','update',28,0,'管理员管理员在2019-08-15 21:51:14修改了id为28的字段',1565877074,'',''),(53,1,'admin','field','update',29,0,'管理员管理员在2019-08-15 21:51:14修改了id为29的字段',1565877074,'',''),(54,1,'admin','field','update',30,0,'管理员管理员在2019-08-15 21:51:14修改了id为30的字段',1565877074,'',''),(55,1,'admin','field','update',31,0,'管理员管理员在2019-08-15 21:51:15修改了id为31的字段',1565877075,'',''),(56,1,'admin','field','update',32,0,'管理员管理员在2019-08-15 21:51:15修改了id为32的字段',1565877075,'',''),(57,1,'admin','field','update',33,0,'管理员管理员在2019-08-15 21:51:15修改了id为33的字段',1565877075,'',''),(58,1,'admin','field','update',23,0,'管理员管理员在2019-08-15 21:51:48修改了id为23的字段',1565877108,'',''),(59,1,'admin','field','update',24,0,'管理员管理员在2019-08-15 21:51:48修改了id为24的字段',1565877108,'',''),(60,1,'admin','field','update',25,0,'管理员管理员在2019-08-15 21:51:48修改了id为25的字段',1565877108,'',''),(61,1,'admin','field','update',26,0,'管理员管理员在2019-08-15 21:51:48修改了id为26的字段',1565877108,'',''),(62,1,'admin','field','update',27,0,'管理员管理员在2019-08-15 21:51:48修改了id为27的字段',1565877108,'',''),(63,1,'admin','field','update',28,0,'管理员管理员在2019-08-15 21:51:48修改了id为28的字段',1565877108,'',''),(64,1,'admin','field','update',29,0,'管理员管理员在2019-08-15 21:51:48修改了id为29的字段',1565877108,'',''),(65,1,'admin','field','update',30,0,'管理员管理员在2019-08-15 21:51:48修改了id为30的字段',1565877108,'',''),(66,1,'admin','field','update',31,0,'管理员管理员在2019-08-15 21:51:48修改了id为31的字段',1565877108,'',''),(67,1,'admin','field','update',32,0,'管理员管理员在2019-08-15 21:51:48修改了id为32的字段',1565877108,'',''),(68,1,'admin','field','update',33,0,'管理员管理员在2019-08-15 21:51:48修改了id为33的字段',1565877108,'',''),(69,1,'admin','field','update',60,0,'管理员管理员在2019-08-15 22:03:25修改了id为60的字段',1565877805,'',''),(70,1,'admin','field','update',61,0,'管理员管理员在2019-08-15 22:03:25修改了id为61的字段',1565877805,'',''),(71,1,'admin','field','update',62,0,'管理员管理员在2019-08-15 22:03:25修改了id为62的字段',1565877805,'',''),(72,1,'admin','field','update',63,0,'管理员管理员在2019-08-15 22:03:25修改了id为63的字段',1565877805,'',''),(73,1,'admin','field','update',64,0,'管理员管理员在2019-08-15 22:03:26修改了id为64的字段',1565877806,'',''),(74,1,'admin','field','update',65,0,'管理员管理员在2019-08-15 22:03:26修改了id为65的字段',1565877806,'',''),(75,1,'admin','field','update',66,0,'管理员管理员在2019-08-15 22:03:26修改了id为66的字段',1565877806,'',''),(76,1,'admin','field','update',60,0,'管理员管理员在2019-08-15 22:03:41修改了id为60的字段',1565877821,'',''),(77,1,'admin','field','update',61,0,'管理员管理员在2019-08-15 22:03:41修改了id为61的字段',1565877821,'',''),(78,1,'admin','field','update',62,0,'管理员管理员在2019-08-15 22:03:41修改了id为62的字段',1565877821,'',''),(79,1,'admin','field','update',63,0,'管理员管理员在2019-08-15 22:03:41修改了id为63的字段',1565877821,'',''),(80,1,'admin','field','update',64,0,'管理员管理员在2019-08-15 22:03:41修改了id为64的字段',1565877821,'',''),(81,1,'admin','field','update',65,0,'管理员管理员在2019-08-15 22:03:41修改了id为65的字段',1565877821,'',''),(82,1,'admin','field','update',66,0,'管理员管理员在2019-08-15 22:03:41修改了id为66的字段',1565877821,'',''),(83,1,'admin','field','update',34,0,'管理员管理员在2019-08-15 22:03:57修改了id为34的字段',1565877837,'',''),(84,1,'admin','field','update',35,0,'管理员管理员在2019-08-15 22:03:57修改了id为35的字段',1565877837,'',''),(85,1,'admin','field','update',36,0,'管理员管理员在2019-08-15 22:03:57修改了id为36的字段',1565877837,'',''),(86,1,'admin','field','update',37,0,'管理员管理员在2019-08-15 22:03:57修改了id为37的字段',1565877837,'',''),(87,1,'admin','field','update',38,0,'管理员管理员在2019-08-15 22:03:58修改了id为38的字段',1565877838,'',''),(88,1,'admin','field','update',39,0,'管理员管理员在2019-08-15 22:03:58修改了id为39的字段',1565877838,'',''),(89,1,'admin','field','update',40,0,'管理员管理员在2019-08-15 22:03:58修改了id为40的字段',1565877838,'',''),(90,1,'admin','field','update',5,0,'管理员管理员在2019-08-15 22:04:42修改了id为5的字段',1565877882,'',''),(91,1,'admin','field','update',6,0,'管理员管理员在2019-08-15 22:04:42修改了id为6的字段',1565877882,'',''),(92,1,'admin','field','update',7,0,'管理员管理员在2019-08-15 22:04:42修改了id为7的字段',1565877882,'',''),(93,1,'admin','field','update',8,0,'管理员管理员在2019-08-15 22:04:42修改了id为8的字段',1565877882,'',''),(94,1,'admin','field','update',9,0,'管理员管理员在2019-08-15 22:04:43修改了id为9的字段',1565877883,'',''),(95,1,'admin','field','update',10,0,'管理员管理员在2019-08-15 22:04:43修改了id为10的字段',1565877883,'',''),(96,1,'admin','field','update',11,0,'管理员管理员在2019-08-15 22:04:43修改了id为11的字段',1565877883,'',''),(97,1,'admin','field','update',12,0,'管理员管理员在2019-08-15 22:04:43修改了id为12的字段',1565877883,'',''),(98,1,'admin','field','update',13,0,'管理员管理员在2019-08-15 22:04:43修改了id为13的字段',1565877883,'',''),(99,1,'admin','field','update',5,0,'管理员管理员在2019-08-15 22:05:40修改了id为5的字段',1565877940,'',''),(100,1,'admin','field','update',6,0,'管理员管理员在2019-08-15 22:05:40修改了id为6的字段',1565877940,'',''),(101,1,'admin','field','update',7,0,'管理员管理员在2019-08-15 22:05:40修改了id为7的字段',1565877940,'',''),(102,1,'admin','field','update',8,0,'管理员管理员在2019-08-15 22:05:40修改了id为8的字段',1565877940,'',''),(103,1,'admin','field','update',9,0,'管理员管理员在2019-08-15 22:05:40修改了id为9的字段',1565877940,'',''),(104,1,'admin','field','update',10,0,'管理员管理员在2019-08-15 22:05:41修改了id为10的字段',1565877941,'',''),(105,1,'admin','field','update',11,0,'管理员管理员在2019-08-15 22:05:41修改了id为11的字段',1565877941,'',''),(106,1,'admin','field','update',12,0,'管理员管理员在2019-08-15 22:05:41修改了id为12的字段',1565877941,'',''),(107,1,'admin','field','update',13,0,'管理员管理员在2019-08-15 22:05:41修改了id为13的字段',1565877941,'',''),(108,1,'admin','field','update',60,0,'管理员管理员在2019-08-15 22:12:57修改了id为60的字段',1565878377,'',''),(109,1,'admin','field','update',61,0,'管理员管理员在2019-08-15 22:12:57修改了id为61的字段',1565878377,'',''),(110,1,'admin','field','update',62,0,'管理员管理员在2019-08-15 22:12:57修改了id为62的字段',1565878377,'',''),(111,1,'admin','field','update',63,0,'管理员管理员在2019-08-15 22:12:57修改了id为63的字段',1565878377,'',''),(112,1,'admin','field','update',64,0,'管理员管理员在2019-08-15 22:12:57修改了id为64的字段',1565878377,'',''),(113,1,'admin','field','update',65,0,'管理员管理员在2019-08-15 22:12:57修改了id为65的字段',1565878377,'',''),(114,1,'admin','field','update',66,0,'管理员管理员在2019-08-15 22:12:57修改了id为66的字段',1565878377,'',''),(115,1,'admin','field','update',60,0,'管理员管理员在2019-08-15 22:14:20修改了id为60的字段',1565878460,'',''),(116,1,'admin','field','update',61,0,'管理员管理员在2019-08-15 22:14:20修改了id为61的字段',1565878460,'',''),(117,1,'admin','field','update',62,0,'管理员管理员在2019-08-15 22:14:21修改了id为62的字段',1565878461,'',''),(118,1,'admin','field','update',63,0,'管理员管理员在2019-08-15 22:14:21修改了id为63的字段',1565878461,'',''),(119,1,'admin','field','update',64,0,'管理员管理员在2019-08-15 22:14:21修改了id为64的字段',1565878461,'',''),(120,1,'admin','field','update',65,0,'管理员管理员在2019-08-15 22:14:21修改了id为65的字段',1565878461,'',''),(121,1,'admin','field','update',66,0,'管理员管理员在2019-08-15 22:14:21修改了id为66的字段',1565878461,'',''),(122,1,'admin','field','update',14,0,'管理员管理员在2019-08-15 22:26:59修改了id为14的字段',1565879219,'',''),(123,1,'admin','field','update',15,0,'管理员管理员在2019-08-15 22:26:59修改了id为15的字段',1565879219,'',''),(124,1,'admin','field','update',16,0,'管理员管理员在2019-08-15 22:26:59修改了id为16的字段',1565879219,'',''),(125,1,'admin','field','update',100,0,'管理员管理员在2019-08-15 22:26:59修改了id为100的字段',1565879219,'',''),(126,1,'admin','field','update',17,0,'管理员管理员在2019-08-15 22:27:00修改了id为17的字段',1565879220,'',''),(127,1,'admin','field','update',18,0,'管理员管理员在2019-08-15 22:27:00修改了id为18的字段',1565879220,'',''),(128,1,'admin','field','update',19,0,'管理员管理员在2019-08-15 22:27:00修改了id为19的字段',1565879220,'',''),(129,1,'admin','field','update',20,0,'管理员管理员在2019-08-15 22:27:00修改了id为20的字段',1565879220,'',''),(130,1,'admin','field','update',21,0,'管理员管理员在2019-08-15 22:27:00修改了id为21的字段',1565879220,'',''),(131,1,'admin','field','update',22,0,'管理员管理员在2019-08-15 22:27:00修改了id为22的字段',1565879220,'',''),(132,1,'admin','field','update',101,0,'管理员管理员在2019-08-15 22:27:00修改了id为101的字段',1565879220,'',''),(133,1,'admin','field','update',99,0,'管理员管理员在2019-08-15 22:27:00修改了id为99的字段',1565879220,'',''),(134,32,'admin','record','save',1,0,'创建了日程',1565879967,'',''),(135,1,'admin','field','update',14,0,'管理员管理员在2019-08-15 22:44:30修改了id为14的字段',1565880270,'',''),(136,1,'admin','field','update',15,0,'管理员管理员在2019-08-15 22:44:30修改了id为15的字段',1565880270,'',''),(137,1,'admin','field','update',16,0,'管理员管理员在2019-08-15 22:44:30修改了id为16的字段',1565880270,'',''),(138,1,'admin','field','update',100,0,'管理员管理员在2019-08-15 22:44:30修改了id为100的字段',1565880270,'',''),(139,1,'admin','field','update',17,0,'管理员管理员在2019-08-15 22:44:30修改了id为17的字段',1565880270,'',''),(140,1,'admin','field','update',18,0,'管理员管理员在2019-08-15 22:44:30修改了id为18的字段',1565880270,'',''),(141,1,'admin','field','update',19,0,'管理员管理员在2019-08-15 22:44:30修改了id为19的字段',1565880270,'',''),(142,1,'admin','field','update',20,0,'管理员管理员在2019-08-15 22:44:30修改了id为20的字段',1565880270,'',''),(143,1,'admin','field','update',21,0,'管理员管理员在2019-08-15 22:44:30修改了id为21的字段',1565880270,'',''),(144,1,'admin','field','update',22,0,'管理员管理员在2019-08-15 22:44:30修改了id为22的字段',1565880270,'',''),(145,1,'admin','field','update',101,0,'管理员管理员在2019-08-15 22:44:30修改了id为101的字段',1565880270,'',''),(146,1,'admin','field','update',99,0,'管理员管理员在2019-08-15 22:44:30修改了id为99的字段',1565880270,'',''),(147,1,'admin','field','update',102,0,'管理员管理员在2019-08-15 22:49:44修改了id为102的字段',1565880584,'',''),(148,1,'admin','field','update',14,0,'管理员管理员在2019-08-15 22:49:44修改了id为14的字段',1565880584,'',''),(149,1,'admin','field','update',15,0,'管理员管理员在2019-08-15 22:49:44修改了id为15的字段',1565880584,'',''),(150,1,'admin','field','update',16,0,'管理员管理员在2019-08-15 22:49:44修改了id为16的字段',1565880584,'',''),(151,1,'admin','field','update',100,0,'管理员管理员在2019-08-15 22:49:44修改了id为100的字段',1565880584,'',''),(152,1,'admin','field','update',17,0,'管理员管理员在2019-08-15 22:49:44修改了id为17的字段',1565880584,'',''),(153,1,'admin','field','update',18,0,'管理员管理员在2019-08-15 22:49:44修改了id为18的字段',1565880584,'',''),(154,1,'admin','field','update',19,0,'管理员管理员在2019-08-15 22:49:44修改了id为19的字段',1565880584,'',''),(155,1,'admin','field','update',20,0,'管理员管理员在2019-08-15 22:49:44修改了id为20的字段',1565880584,'',''),(156,1,'admin','field','update',21,0,'管理员管理员在2019-08-15 22:49:44修改了id为21的字段',1565880584,'',''),(157,1,'admin','field','update',22,0,'管理员管理员在2019-08-15 22:49:44修改了id为22的字段',1565880584,'',''),(158,1,'admin','field','update',101,0,'管理员管理员在2019-08-15 22:49:44修改了id为101的字段',1565880584,'',''),(159,1,'admin','field','update',99,0,'管理员管理员在2019-08-15 22:49:44修改了id为99的字段',1565880584,'',''),(160,1,'admin','field','update',14,0,'管理员管理员在2019-08-15 22:49:57修改了id为14的字段',1565880597,'',''),(161,1,'admin','field','update',102,0,'管理员管理员在2019-08-15 22:49:57修改了id为102的字段',1565880597,'',''),(162,1,'admin','field','update',15,0,'管理员管理员在2019-08-15 22:49:57修改了id为15的字段',1565880597,'',''),(163,1,'admin','field','update',16,0,'管理员管理员在2019-08-15 22:49:57修改了id为16的字段',1565880597,'',''),(164,1,'admin','field','update',100,0,'管理员管理员在2019-08-15 22:49:57修改了id为100的字段',1565880597,'',''),(165,1,'admin','field','update',17,0,'管理员管理员在2019-08-15 22:49:57修改了id为17的字段',1565880597,'',''),(166,1,'admin','field','update',18,0,'管理员管理员在2019-08-15 22:49:57修改了id为18的字段',1565880597,'',''),(167,1,'admin','field','update',19,0,'管理员管理员在2019-08-15 22:49:57修改了id为19的字段',1565880597,'',''),(168,1,'admin','field','update',20,0,'管理员管理员在2019-08-15 22:49:57修改了id为20的字段',1565880597,'',''),(169,1,'admin','field','update',21,0,'管理员管理员在2019-08-15 22:49:58修改了id为21的字段',1565880598,'',''),(170,1,'admin','field','update',22,0,'管理员管理员在2019-08-15 22:49:58修改了id为22的字段',1565880598,'',''),(171,1,'admin','field','update',101,0,'管理员管理员在2019-08-15 22:49:58修改了id为101的字段',1565880598,'',''),(172,1,'admin','field','update',99,0,'管理员管理员在2019-08-15 22:49:58修改了id为99的字段',1565880598,'',''),(173,1,'crm','contract','delete',1,1,'管理员管理员在2019-08-15 22:57:31删除了id为1的contract',1565881051,'',''),(174,3,'work','task','save',1,0,'新建了任务',1565931263,'',''),(175,3,'work','task','taskover',1,0,'任务标记结束',1565931301,',3,',''),(176,3,'work','task','taskover',1,0,'任务标记开始',1565931307,',3,',''),(177,3,'work','task','taskover',1,0,'任务标记结束',1565931314,',3,',''),(178,3,'work','task','taskover',1,0,'任务标记开始',1565931316,',3,',''),(179,3,'work','task','updatestoptime',1,0,'修改了任务',1565931324,'',''),(180,3,'work','task','save',2,0,'新建了任务',1565931442,'',''),(181,1,'admin','field','update',23,0,'管理员竭友在2019-08-17 15:09:46修改了id为23的字段',1566025786,'',''),(182,1,'admin','field','update',24,0,'管理员竭友在2019-08-17 15:09:46修改了id为24的字段',1566025786,'',''),(183,1,'admin','field','update',25,0,'管理员竭友在2019-08-17 15:09:46修改了id为25的字段',1566025786,'',''),(184,1,'admin','field','update',26,0,'管理员竭友在2019-08-17 15:09:46修改了id为26的字段',1566025786,'',''),(185,1,'admin','field','update',27,0,'管理员竭友在2019-08-17 15:09:46修改了id为27的字段',1566025786,'',''),(186,1,'admin','field','update',28,0,'管理员竭友在2019-08-17 15:09:46修改了id为28的字段',1566025786,'',''),(187,1,'admin','field','update',29,0,'管理员竭友在2019-08-17 15:09:46修改了id为29的字段',1566025786,'',''),(188,1,'admin','field','update',30,0,'管理员竭友在2019-08-17 15:09:46修改了id为30的字段',1566025786,'',''),(189,1,'admin','field','update',31,0,'管理员竭友在2019-08-17 15:09:47修改了id为31的字段',1566025787,'',''),(190,1,'admin','field','update',32,0,'管理员竭友在2019-08-17 15:09:47修改了id为32的字段',1566025787,'',''),(191,1,'admin','field','update',33,0,'管理员竭友在2019-08-17 15:09:47修改了id为33的字段',1566025787,'',''),(192,1,'admin','field','update',14,0,'管理员竭友在2019-08-17 15:10:58修改了id为14的字段',1566025858,'',''),(193,1,'admin','field','update',102,0,'管理员竭友在2019-08-17 15:10:58修改了id为102的字段',1566025858,'',''),(194,1,'admin','field','update',15,0,'管理员竭友在2019-08-17 15:10:58修改了id为15的字段',1566025858,'',''),(195,1,'admin','field','update',16,0,'管理员竭友在2019-08-17 15:10:58修改了id为16的字段',1566025858,'',''),(196,1,'admin','field','update',100,0,'管理员竭友在2019-08-17 15:10:58修改了id为100的字段',1566025858,'',''),(197,1,'admin','field','update',17,0,'管理员竭友在2019-08-17 15:10:58修改了id为17的字段',1566025858,'',''),(198,1,'admin','field','update',18,0,'管理员竭友在2019-08-17 15:10:58修改了id为18的字段',1566025858,'',''),(199,1,'admin','field','update',101,0,'管理员竭友在2019-08-17 15:10:58修改了id为101的字段',1566025858,'',''),(200,1,'admin','field','update',99,0,'管理员竭友在2019-08-17 15:10:58修改了id为99的字段',1566025858,'',''),(201,1,'admin','field','update',19,0,'管理员竭友在2019-08-17 15:10:58修改了id为19的字段',1566025858,'',''),(202,1,'admin','field','update',20,0,'管理员竭友在2019-08-17 15:10:58修改了id为20的字段',1566025858,'',''),(203,1,'admin','field','update',21,0,'管理员竭友在2019-08-17 15:10:58修改了id为21的字段',1566025858,'',''),(204,1,'admin','field','update',22,0,'管理员竭友在2019-08-17 15:10:58修改了id为22的字段',1566025858,'',''),(205,1,'admin','field','update',103,0,'管理员竭友在2019-08-17 21:04:38修改了id为103的字段',1566047078,'',''),(206,1,'admin','field','update',14,0,'管理员竭友在2019-08-17 21:04:38修改了id为14的字段',1566047078,'',''),(207,1,'admin','field','update',102,0,'管理员竭友在2019-08-17 21:04:38修改了id为102的字段',1566047078,'',''),(208,1,'admin','field','update',15,0,'管理员竭友在2019-08-17 21:04:38修改了id为15的字段',1566047078,'',''),(209,1,'admin','field','update',16,0,'管理员竭友在2019-08-17 21:04:38修改了id为16的字段',1566047078,'',''),(210,1,'admin','field','update',100,0,'管理员竭友在2019-08-17 21:04:38修改了id为100的字段',1566047078,'',''),(211,1,'admin','field','update',17,0,'管理员竭友在2019-08-17 21:04:38修改了id为17的字段',1566047078,'',''),(212,1,'admin','field','update',18,0,'管理员竭友在2019-08-17 21:04:38修改了id为18的字段',1566047078,'',''),(213,1,'admin','field','update',99,0,'管理员竭友在2019-08-17 21:04:38修改了id为99的字段',1566047078,'',''),(214,1,'admin','field','update',19,0,'管理员竭友在2019-08-17 21:04:38修改了id为19的字段',1566047078,'',''),(215,1,'admin','field','update',20,0,'管理员竭友在2019-08-17 21:04:38修改了id为20的字段',1566047078,'',''),(216,1,'admin','field','update',21,0,'管理员竭友在2019-08-17 21:04:39修改了id为21的字段',1566047079,'',''),(217,1,'admin','field','update',22,0,'管理员竭友在2019-08-17 21:04:39修改了id为22的字段',1566047079,'',''),(218,1,'admin','field','update',104,0,'管理员竭友在2019-08-17 21:05:21修改了id为104的字段',1566047121,'',''),(219,1,'admin','field','update',14,0,'管理员竭友在2019-08-17 21:05:21修改了id为14的字段',1566047121,'',''),(220,1,'admin','field','update',102,0,'管理员竭友在2019-08-17 21:05:21修改了id为102的字段',1566047121,'',''),(221,1,'admin','field','update',15,0,'管理员竭友在2019-08-17 21:05:21修改了id为15的字段',1566047121,'',''),(222,1,'admin','field','update',16,0,'管理员竭友在2019-08-17 21:05:21修改了id为16的字段',1566047121,'',''),(223,1,'admin','field','update',100,0,'管理员竭友在2019-08-17 21:05:21修改了id为100的字段',1566047121,'',''),(224,1,'admin','field','update',17,0,'管理员竭友在2019-08-17 21:05:21修改了id为17的字段',1566047121,'',''),(225,1,'admin','field','update',18,0,'管理员竭友在2019-08-17 21:05:21修改了id为18的字段',1566047121,'',''),(226,1,'admin','field','update',99,0,'管理员竭友在2019-08-17 21:05:21修改了id为99的字段',1566047121,'',''),(227,1,'admin','field','update',19,0,'管理员竭友在2019-08-17 21:05:21修改了id为19的字段',1566047121,'',''),(228,1,'admin','field','update',20,0,'管理员竭友在2019-08-17 21:05:22修改了id为20的字段',1566047122,'',''),(229,1,'admin','field','update',21,0,'管理员竭友在2019-08-17 21:05:22修改了id为21的字段',1566047122,'',''),(230,1,'admin','field','update',22,0,'管理员竭友在2019-08-17 21:05:22修改了id为22的字段',1566047122,'',''),(231,1,'admin','field','update',14,0,'管理员竭友在2019-08-17 21:05:36修改了id为14的字段',1566047136,'',''),(232,1,'admin','field','update',102,0,'管理员竭友在2019-08-17 21:05:36修改了id为102的字段',1566047136,'',''),(233,1,'admin','field','update',15,0,'管理员竭友在2019-08-17 21:05:36修改了id为15的字段',1566047136,'',''),(234,1,'admin','field','update',16,0,'管理员竭友在2019-08-17 21:05:36修改了id为16的字段',1566047136,'',''),(235,1,'admin','field','update',100,0,'管理员竭友在2019-08-17 21:05:36修改了id为100的字段',1566047136,'',''),(236,1,'admin','field','update',17,0,'管理员竭友在2019-08-17 21:05:36修改了id为17的字段',1566047136,'',''),(237,1,'admin','field','update',18,0,'管理员竭友在2019-08-17 21:05:36修改了id为18的字段',1566047136,'',''),(238,1,'admin','field','update',104,0,'管理员竭友在2019-08-17 21:05:37修改了id为104的字段',1566047137,'',''),(239,1,'admin','field','update',99,0,'管理员竭友在2019-08-17 21:05:37修改了id为99的字段',1566047137,'',''),(240,1,'admin','field','update',19,0,'管理员竭友在2019-08-17 21:05:37修改了id为19的字段',1566047137,'',''),(241,1,'admin','field','update',20,0,'管理员竭友在2019-08-17 21:05:37修改了id为20的字段',1566047137,'',''),(242,1,'admin','field','update',21,0,'管理员竭友在2019-08-17 21:05:37修改了id为21的字段',1566047137,'',''),(243,1,'admin','field','update',22,0,'管理员竭友在2019-08-17 21:05:37修改了id为22的字段',1566047137,'',''),(244,1,'admin','field','update',14,0,'管理员竭友在2019-08-17 21:05:42修改了id为14的字段',1566047142,'',''),(245,1,'admin','field','update',102,0,'管理员竭友在2019-08-17 21:05:43修改了id为102的字段',1566047143,'',''),(246,1,'admin','field','update',15,0,'管理员竭友在2019-08-17 21:05:43修改了id为15的字段',1566047143,'',''),(247,1,'admin','field','update',16,0,'管理员竭友在2019-08-17 21:05:43修改了id为16的字段',1566047143,'',''),(248,1,'admin','field','update',100,0,'管理员竭友在2019-08-17 21:05:43修改了id为100的字段',1566047143,'',''),(249,1,'admin','field','update',17,0,'管理员竭友在2019-08-17 21:05:43修改了id为17的字段',1566047143,'',''),(250,1,'admin','field','update',18,0,'管理员竭友在2019-08-17 21:05:43修改了id为18的字段',1566047143,'',''),(251,1,'admin','field','update',104,0,'管理员竭友在2019-08-17 21:05:43修改了id为104的字段',1566047143,'',''),(252,1,'admin','field','update',99,0,'管理员竭友在2019-08-17 21:05:43修改了id为99的字段',1566047143,'',''),(253,1,'admin','field','update',19,0,'管理员竭友在2019-08-17 21:05:43修改了id为19的字段',1566047143,'',''),(254,1,'admin','field','update',20,0,'管理员竭友在2019-08-17 21:05:43修改了id为20的字段',1566047143,'',''),(255,1,'admin','field','update',21,0,'管理员竭友在2019-08-17 21:05:43修改了id为21的字段',1566047143,'',''),(256,1,'admin','field','update',22,0,'管理员竭友在2019-08-17 21:05:43修改了id为22的字段',1566047143,'',''),(257,1,'crm','contacts','delete',3,1,'管理员竭友在2019-08-17 21:14:56删除了id为3的contacts',1566047696,'',''),(258,1,'crm','contacts','delete',2,1,'管理员竭友在2019-08-17 21:14:56删除了id为2的contacts',1566047696,'',''),(259,1,'crm','contacts','delete',1,1,'管理员竭友在2019-08-17 21:14:56删除了id为1的contacts',1566047696,'',''),(260,1,'crm','customer','delete',2,1,'管理员竭友在2019-08-19 01:41:47删除了id为2的客户',1566150107,'',''),(261,3,'oa','task','taskover',2,0,'任务标记结束',1566178855,',3,',''),(262,3,'oa','task','taskover',1,0,'任务标记结束',1566178856,',3,',''),(263,9,'oa','examine','save',1,0,'创建了审批',1566198317,'',''),(264,3,'admin','field','update',105,0,'员工张碧兰在2019-08-19 20:28:37修改了id为105的字段',1566217717,'',''),(265,3,'admin','field','update',106,0,'员工张碧兰在2019-08-19 20:28:38修改了id为106的字段',1566217718,'',''),(266,3,'admin','field','update',107,0,'员工张碧兰在2019-08-19 20:28:38修改了id为107的字段',1566217718,'',''),(267,3,'admin','field','update',108,0,'员工张碧兰在2019-08-19 20:28:38修改了id为108的字段',1566217718,'',''),(268,3,'admin','field','update',60,0,'员工张碧兰在2019-08-19 20:28:38修改了id为60的字段',1566217718,'',''),(269,3,'admin','field','update',61,0,'员工张碧兰在2019-08-19 20:28:38修改了id为61的字段',1566217718,'',''),(270,3,'admin','field','update',62,0,'员工张碧兰在2019-08-19 20:28:38修改了id为62的字段',1566217718,'',''),(271,3,'admin','field','update',63,0,'员工张碧兰在2019-08-19 20:28:38修改了id为63的字段',1566217718,'',''),(272,3,'admin','field','update',64,0,'员工张碧兰在2019-08-19 20:28:38修改了id为64的字段',1566217718,'',''),(273,3,'admin','field','update',65,0,'员工张碧兰在2019-08-19 20:28:38修改了id为65的字段',1566217718,'',''),(274,3,'admin','field','update',66,0,'员工张碧兰在2019-08-19 20:28:38修改了id为66的字段',1566217718,'',''),(275,3,'admin','field','update',109,0,'员工张碧兰在2019-08-20 09:02:37修改了id为109的字段',1566262957,'',''),(276,3,'admin','field','update',60,0,'员工张碧兰在2019-08-20 09:02:37修改了id为60的字段',1566262957,'',''),(277,3,'admin','field','update',61,0,'员工张碧兰在2019-08-20 09:02:37修改了id为61的字段',1566262957,'',''),(278,3,'admin','field','update',62,0,'员工张碧兰在2019-08-20 09:02:37修改了id为62的字段',1566262957,'',''),(279,3,'admin','field','update',63,0,'员工张碧兰在2019-08-20 09:02:37修改了id为63的字段',1566262957,'',''),(280,3,'admin','field','update',64,0,'员工张碧兰在2019-08-20 09:02:37修改了id为64的字段',1566262957,'',''),(281,3,'admin','field','update',65,0,'员工张碧兰在2019-08-20 09:02:37修改了id为65的字段',1566262957,'',''),(282,3,'admin','field','update',66,0,'员工张碧兰在2019-08-20 09:02:37修改了id为66的字段',1566262957,'',''),(283,3,'admin','field','update',105,0,'员工张碧兰在2019-08-20 09:02:37修改了id为105的字段',1566262957,'',''),(284,3,'admin','field','update',106,0,'员工张碧兰在2019-08-20 09:02:37修改了id为106的字段',1566262957,'',''),(285,3,'admin','field','update',107,0,'员工张碧兰在2019-08-20 09:02:37修改了id为107的字段',1566262957,'',''),(286,3,'admin','field','update',108,0,'员工张碧兰在2019-08-20 09:02:37修改了id为108的字段',1566262957,'',''),(287,3,'admin','field','update',60,0,'员工张碧兰在2019-08-20 14:32:51修改了id为60的字段',1566282771,'',''),(288,3,'admin','field','update',61,0,'员工张碧兰在2019-08-20 14:32:52修改了id为61的字段',1566282772,'',''),(289,3,'admin','field','update',62,0,'员工张碧兰在2019-08-20 14:32:52修改了id为62的字段',1566282772,'',''),(290,3,'admin','field','update',63,0,'员工张碧兰在2019-08-20 14:32:52修改了id为63的字段',1566282772,'',''),(291,3,'admin','field','update',64,0,'员工张碧兰在2019-08-20 14:32:52修改了id为64的字段',1566282772,'',''),(292,3,'admin','field','update',65,0,'员工张碧兰在2019-08-20 14:32:52修改了id为65的字段',1566282772,'',''),(293,3,'admin','field','update',66,0,'员工张碧兰在2019-08-20 14:32:52修改了id为66的字段',1566282772,'',''),(294,3,'admin','field','update',105,0,'员工张碧兰在2019-08-20 14:32:52修改了id为105的字段',1566282772,'',''),(295,3,'admin','field','update',106,0,'员工张碧兰在2019-08-20 14:32:52修改了id为106的字段',1566282772,'',''),(296,3,'admin','field','update',107,0,'员工张碧兰在2019-08-20 14:32:52修改了id为107的字段',1566282772,'',''),(297,3,'admin','field','update',108,0,'员工张碧兰在2019-08-20 14:32:52修改了id为108的字段',1566282772,'',''),(298,3,'admin','field','update',109,0,'员工张碧兰在2019-08-20 14:32:52修改了id为109的字段',1566282772,'',''),(299,1,'admin','field','update',110,0,'管理员竭友在2019-08-20 22:06:08修改了id为110的字段',1566309968,'',''),(300,1,'admin','field','update',23,0,'管理员竭友在2019-08-20 22:06:08修改了id为23的字段',1566309968,'',''),(301,1,'admin','field','update',24,0,'管理员竭友在2019-08-20 22:06:08修改了id为24的字段',1566309968,'',''),(302,1,'admin','field','update',25,0,'管理员竭友在2019-08-20 22:06:08修改了id为25的字段',1566309968,'',''),(303,1,'admin','field','update',26,0,'管理员竭友在2019-08-20 22:06:08修改了id为26的字段',1566309968,'',''),(304,1,'admin','field','update',27,0,'管理员竭友在2019-08-20 22:06:08修改了id为27的字段',1566309968,'',''),(305,1,'admin','field','update',28,0,'管理员竭友在2019-08-20 22:06:08修改了id为28的字段',1566309968,'',''),(306,1,'admin','field','update',29,0,'管理员竭友在2019-08-20 22:06:08修改了id为29的字段',1566309968,'',''),(307,1,'admin','field','update',30,0,'管理员竭友在2019-08-20 22:06:08修改了id为30的字段',1566309968,'',''),(308,1,'admin','field','update',31,0,'管理员竭友在2019-08-20 22:06:08修改了id为31的字段',1566309968,'',''),(309,1,'admin','field','update',32,0,'管理员竭友在2019-08-20 22:06:08修改了id为32的字段',1566309968,'',''),(310,1,'admin','field','update',33,0,'管理员竭友在2019-08-20 22:06:08修改了id为33的字段',1566309968,'',''),(311,1,'admin','field','update',14,0,'管理员竭友在2019-08-20 22:06:35修改了id为14的字段',1566309995,'',''),(312,1,'admin','field','update',102,0,'管理员竭友在2019-08-20 22:06:35修改了id为102的字段',1566309995,'',''),(313,1,'admin','field','update',15,0,'管理员竭友在2019-08-20 22:06:35修改了id为15的字段',1566309995,'',''),(314,1,'admin','field','update',16,0,'管理员竭友在2019-08-20 22:06:35修改了id为16的字段',1566309995,'',''),(315,1,'admin','field','update',100,0,'管理员竭友在2019-08-20 22:06:35修改了id为100的字段',1566309995,'',''),(316,1,'admin','field','update',17,0,'管理员竭友在2019-08-20 22:06:35修改了id为17的字段',1566309995,'',''),(317,1,'admin','field','update',18,0,'管理员竭友在2019-08-20 22:06:35修改了id为18的字段',1566309995,'',''),(318,1,'admin','field','update',104,0,'管理员竭友在2019-08-20 22:06:35修改了id为104的字段',1566309995,'',''),(319,1,'admin','field','update',99,0,'管理员竭友在2019-08-20 22:06:35修改了id为99的字段',1566309995,'',''),(320,1,'admin','field','update',19,0,'管理员竭友在2019-08-20 22:06:35修改了id为19的字段',1566309995,'',''),(321,1,'admin','field','update',20,0,'管理员竭友在2019-08-20 22:06:35修改了id为20的字段',1566309995,'',''),(322,1,'admin','field','update',21,0,'管理员竭友在2019-08-20 22:06:35修改了id为21的字段',1566309995,'',''),(323,1,'admin','field','update',22,0,'管理员竭友在2019-08-20 22:06:35修改了id为22的字段',1566309995,'',''),(324,1,'admin','field','update',14,0,'管理员竭友在2019-08-20 22:06:57修改了id为14的字段',1566310017,'',''),(325,1,'admin','field','update',102,0,'管理员竭友在2019-08-20 22:06:57修改了id为102的字段',1566310017,'',''),(326,1,'admin','field','update',15,0,'管理员竭友在2019-08-20 22:06:57修改了id为15的字段',1566310017,'',''),(327,1,'admin','field','update',16,0,'管理员竭友在2019-08-20 22:06:57修改了id为16的字段',1566310017,'',''),(328,1,'admin','field','update',100,0,'管理员竭友在2019-08-20 22:06:57修改了id为100的字段',1566310017,'',''),(329,1,'admin','field','update',17,0,'管理员竭友在2019-08-20 22:06:57修改了id为17的字段',1566310017,'',''),(330,1,'admin','field','update',18,0,'管理员竭友在2019-08-20 22:06:57修改了id为18的字段',1566310017,'',''),(331,1,'admin','field','update',104,0,'管理员竭友在2019-08-20 22:06:57修改了id为104的字段',1566310017,'',''),(332,1,'admin','field','update',99,0,'管理员竭友在2019-08-20 22:06:58修改了id为99的字段',1566310018,'',''),(333,1,'admin','field','update',19,0,'管理员竭友在2019-08-20 22:06:58修改了id为19的字段',1566310018,'',''),(334,1,'admin','field','update',20,0,'管理员竭友在2019-08-20 22:06:58修改了id为20的字段',1566310018,'',''),(335,1,'admin','field','update',21,0,'管理员竭友在2019-08-20 22:06:58修改了id为21的字段',1566310018,'',''),(336,1,'admin','field','update',22,0,'管理员竭友在2019-08-20 22:06:58修改了id为22的字段',1566310018,'',''),(337,1,'crm','business','delete',2,1,'管理员竭友在2019-08-20 22:14:49删除了id为2的business',1566310489,'',''),(338,1,'crm','business','delete',1,1,'管理员竭友在2019-08-20 22:15:01删除了id为1的business',1566310501,'',''),(339,9,'oa','examine','save',11,0,'创建了审批',1566368803,'',''),(340,11,'oa','event','save',2,0,'创建了日程',1566399226,'',''),(341,14,'oa','examine','save',12,0,'创建了审批',1566441841,'',''),(342,11,'oa','event','save',3,0,'创建了日程',1566612331,'',''),(343,11,'oa','event','save',4,0,'创建了日程',1566612452,'',''),(344,11,'oa','event','save',5,0,'创建了日程',1566612581,'',''),(345,11,'oa','event','save',6,0,'创建了日程',1566612706,'',''),(346,11,'oa','event','update',5,0,'修改了日程',1566612733,'',''),(347,11,'oa','event','update',3,0,'修改了日程',1566612802,'',''),(348,11,'oa','log','save',1,0,'创建了日志',1566615413,',1,2,35,',''),(349,1,'admin','field','update',14,0,'管理员竭友在2019-08-24 20:51:00修改了id为14的字段',1566651060,'',''),(350,1,'admin','field','update',102,0,'管理员竭友在2019-08-24 20:51:00修改了id为102的字段',1566651060,'',''),(351,1,'admin','field','update',15,0,'管理员竭友在2019-08-24 20:51:00修改了id为15的字段',1566651060,'',''),(352,1,'admin','field','update',16,0,'管理员竭友在2019-08-24 20:51:00修改了id为16的字段',1566651060,'',''),(353,1,'admin','field','update',100,0,'管理员竭友在2019-08-24 20:51:00修改了id为100的字段',1566651060,'',''),(354,1,'admin','field','update',17,0,'管理员竭友在2019-08-24 20:51:00修改了id为17的字段',1566651060,'',''),(355,1,'admin','field','update',18,0,'管理员竭友在2019-08-24 20:51:00修改了id为18的字段',1566651060,'',''),(356,1,'admin','field','update',104,0,'管理员竭友在2019-08-24 20:51:00修改了id为104的字段',1566651060,'',''),(357,1,'admin','field','update',99,0,'管理员竭友在2019-08-24 20:51:00修改了id为99的字段',1566651060,'',''),(358,1,'admin','field','update',19,0,'管理员竭友在2019-08-24 20:51:00修改了id为19的字段',1566651060,'',''),(359,1,'admin','field','update',20,0,'管理员竭友在2019-08-24 20:51:00修改了id为20的字段',1566651060,'',''),(360,1,'admin','field','update',21,0,'管理员竭友在2019-08-24 20:51:00修改了id为21的字段',1566651060,'',''),(361,1,'admin','field','update',22,0,'管理员竭友在2019-08-24 20:51:00修改了id为22的字段',1566651060,'',''),(362,1,'oa','announcement','save',1,0,'创建了公告',1566653329,'',',2,'),(363,1,'oa','log','save',2,0,'创建了日志',1566741286,',2,4,5,8,9,',''),(364,6,'oa','examine','save',13,0,'创建了审批',1566785618,'',''),(365,11,'oa','event','save',7,0,'创建了日程',1566790390,'',''),(366,11,'oa','event','save',8,0,'创建了日程',1566790458,'',''),(367,11,'oa','event','save',9,0,'创建了日程',1566790693,'',''),(368,11,'oa','event','delete',7,1,'删除了日程',1566790708,'',''),(369,11,'oa','event','delete',8,1,'删除了日程',1566790713,'',''),(370,13,'oa','event','save',10,0,'创建了日程',1566805241,',13,',''),(371,13,'oa','event','save',11,0,'创建了日程',1566805485,',1,2,35,',''),(372,11,'oa','event','update',9,0,'修改了日程',1566867553,'',''),(373,11,'oa','event','update',9,0,'修改了日程',1566867570,'',''),(374,11,'oa','event','update',9,0,'修改了日程',1566867592,'',''),(375,12,'admin','record','save',12,0,'创建了日程',1566963157,'',''),(376,11,'oa','event','save',13,0,'创建了日程',1566982923,',13,',''),(377,11,'oa','event','save',14,0,'创建了日程',1566983283,'',''),(378,13,'oa','log','save',3,0,'创建了日志',1566984905,'',''),(379,11,'admin','record','save',15,0,'创建了日程',1567046464,'',''),(380,11,'admin','record','save',16,0,'创建了日程',1567068561,'',''),(381,11,'oa','event','save',17,0,'创建了日程',1567135531,',2,',''),(382,11,'oa','log','save',4,0,'创建了日志',1567152500,',1,2,35,',''),(383,11,'oa','event','save',18,0,'创建了日程',1567152644,',2,4,',''),(384,8,'oa','log','save',5,0,'创建了日志',1567324667,'',''),(385,14,'oa','examine','save',15,0,'创建了审批',1567339507,'',''),(386,14,'oa','event','save',19,0,'创建了日程',1567340031,'',''),(387,14,'oa','log','save',6,0,'创建了日志',1567391582,',1,2,',''),(388,11,'oa','event','save',20,0,'创建了日程',1567417937,',1,2,4,',''),(389,12,'admin','record','save',21,0,'创建了日程',1567418609,'',''),(390,11,'oa','event','save',22,0,'创建了日程',1567501474,'',''),(391,11,'oa','event','save',23,0,'创建了日程',1567644883,'',''),(392,11,'oa','log','save',7,0,'创建了日志',1567754964,'',''),(393,11,'oa','log','update',7,0,'修改了日志',1567757214,'','');
/*!40000 ALTER TABLE `5kcrm_admin_action_log` ENABLE KEYS */;
UNLOCK TABLES;

--
-- Table structure for table `5kcrm_admin_action_record`
--

DROP TABLE IF EXISTS `5kcrm_admin_action_record`;
/*!40101 SET @saved_cs_client     = @@character_set_client */;
 SET character_set_client = utf8mb4 ;
CREATE TABLE `5kcrm_admin_action_record` (
  `id` int(11) NOT NULL AUTO_INCREMENT,
  `user_id` int(10) NOT NULL COMMENT '用户ID',
  `create_time` int(11) NOT NULL COMMENT '创建时间',
  `types` varchar(20) NOT NULL COMMENT '类型',
  `action_id` int(11) NOT NULL COMMENT '操作ID',
  `content` text COMMENT '内容',
  PRIMARY KEY (`id`)
) ENGINE=InnoDB AUTO_INCREMENT=2028 DEFAULT CHARSET=utf8 COMMENT='字段操作记录表';
/*!40101 SET character_set_client = @saved_cs_client */;

--
-- Dumping data for table `5kcrm_admin_action_record`
--

LOCK TABLES `5kcrm_admin_action_record` WRITE;
/*!40000 ALTER TABLE `5kcrm_admin_action_record` DISABLE KEYS */;
INSERT INTO `5kcrm_admin_action_record` VALUES (1,31,1565877324,'crm_customer',1,'创建了客户'),(2,34,1565879063,'crm_customer',2,'创建了客户'),(3,1,1565879248,'crm_customer',2,'将 \'所属部门\' 由 培训部 修改为 产品事业部'),(4,1,1565879293,'crm_customer',2,'将客户放入公海'),(5,32,1565879598,'crm_customer',2,'领取了客户'),(6,32,1565879659,'crm_customer',2,'将客户放入公海'),(7,32,1565879675,'crm_customer',2,'领取了客户'),(8,32,1565880796,'crm_customer',2,'将 \'省份\' 由 空 修改为 内蒙古'),(9,1,1566024586,'crm_customer',2,'将客户放入公海'),(10,31,1566043991,'crm_customer',3,'创建了客户'),(11,31,1566045668,'crm_customer',3,'将客户放入公海'),(12,31,1566045891,'crm_customer',3,'领取了客户'),(13,9,1566046765,'crm_customer',4,'创建了客户'),(14,9,1566047467,'crm_customer',4,'将 \'联系人\' 由 空 修改为 朱瑞芳.|.将 \'地区定位\' 由 空 修改为 贵州省\n黔东南苗族侗族自治州\n凯里市'),(15,9,1566047744,'crm_customer',5,'创建了客户'),(16,1,1566047804,'crm_customer',3,'将客户锁定'),(17,1,1566047805,'crm_customer',1,'将客户锁定'),(18,1,1566150086,'crm_customer',2,'领取了客户'),(19,1,1566150098,'crm_customer',2,'将客户锁定'),(20,13,1566180040,'crm_customer',6,'创建了客户'),(21,13,1566180555,'crm_customer',6,'将 \'手机\' 由 13520008752 修改为 13290085070.|.将 \'电话\' 由 13290085070 修改为 023-89855095.|.将 \'网址\' 由 空 修改为 http://www.swp.cn/.|.将 \'备注\' 由 此客户是我和孙志强共同跟进的企业 修改为 此客户是我和孙志强共同跟进的企业，企业目前各部门走流程和其他服务公司在做价格对比。'),(22,13,1566182695,'crm_customer',6,'将 \'网址\' 由 http://www.swp.cn/ 修改为 http://www.swp.cn/index.php?c=article&a=type&tid=135'),(23,13,1566182748,'crm_customer',6,'将客户转移给：孙志强'),(24,13,1566184359,'crm_customer',7,'创建了客户'),(25,13,1566186760,'crm_customer',8,'创建了客户'),(26,9,1566196142,'crm_customer',9,'创建了客户'),(27,9,1566205817,'crm_business',5,'将 \'商机名称\' 由 DMS单机版 修改为 会员需求'),(28,11,1566271172,'crm_customer',10,'创建了客户'),(29,3,1566281295,'crm_product',1,'将 \'产品名称\' 由 DMS网络版软件 修改为 中食药®嘉和eGMP-DMS数据管理系统（网络版）及DMS软件计算机化系统验证服务.|.将 \'报价金额\' 由 300000.00 修改为 330000.00'),(30,3,1566281623,'crm_product',1,'将 \'产品描述\' 由 空 修改为 软件+验证+实施费用'),(31,3,1566281704,'crm_product',1,'将 \'产品描述\' 由 软件+验证+实施费用 修改为 软件+验证+实施费用（10个端口+5个用户名）'),(32,3,1566282191,'crm_product',6,'将 \'产品描述\' 由 空 修改为 单机版验证'),(33,3,1566283314,'crm_product',21,'将 \'产品名称\' 由 模块验证 修改为 模块验证+实施.|.将 \'报价金额\' 由 150000.00 修改为 180000.00.|.将 \'产品描述\' 由 800001-800013产品模块的验证费用 修改为 800001-800013产品模块的验证+实施费用.|.将 \'单行文本\' 由 空 修改为 模块验证15万+实施3万'),(34,3,1566283481,'crm_product',22,'将 \'产品编码\' 由 1 修改为 100001-1'),(35,3,1566283585,'crm_product',22,'将 \'单位\' 由 套 修改为 台'),(36,3,1566283671,'crm_product',7,'将 \'产品名称\' 由 仪器软件计算机化系统验证服务 修改为 仪器软件计算机化系统验证（属于3类系统）'),(37,3,1566283744,'crm_product',24,'将 \'产品编码\' 由 1 修改为 700002'),(38,3,1566284595,'crm_product',24,'将 \'产品名称\' 由 CDS计算机化系统验证 修改为 网络版计算机化系统验证（例如安捷伦、岛津、沃特世等网络版验证）.|.将 \'报价金额\' 由 300000.00 修改为 200000.00'),(39,3,1566298131,'crm_customer',11,'创建了客户'),(40,3,1566298690,'crm_customer',12,'创建了客户'),(41,14,1566303490,'crm_customer',13,'创建了客户'),(42,14,1566304326,'crm_customer',14,'创建了客户'),(43,14,1566304786,'crm_customer',15,'创建了客户'),(44,14,1566304846,'crm_contacts',6,'将 \'职务\' 由 空 修改为 总经理'),(45,14,1566304904,'crm_customer',15,'将 \'客户来源\' 由 空 修改为 转介绍.|.将 \'下次联系时间\' 由 1970-01-01 修改为 2019-09-13'),(46,14,1566305298,'crm_customer',16,'创建了客户'),(47,14,1566305588,'crm_customer',16,'将 \'省份\' 由 江苏 修改为 江苏 山东'),(48,14,1566305806,'crm_customer',17,'创建了客户'),(49,14,1566305868,'crm_customer',18,'创建了客户'),(50,14,1566306295,'crm_customer',19,'创建了客户'),(51,14,1566307662,'crm_customer',20,'创建了客户'),(52,14,1566307835,'crm_customer',21,'创建了客户'),(53,11,1566310993,'crm_customer',22,'创建了客户'),(54,7,1566348532,'crm_customer',23,'创建了客户'),(55,7,1566348678,'crm_customer',24,'创建了客户'),(56,7,1566348883,'crm_customer',25,'创建了客户'),(57,7,1566348988,'crm_customer',24,'将 \'备注\' 由 空 修改为 客户想19年11月过认证   我们帮忙做质量体系文件审核和验证文件审核，已经做了报价 等待结果'),(58,7,1566349067,'crm_customer',23,'将 \'备注\' 由 空 修改为 客户上数据自动备份软件，钱已经批复  基本定了我们   现在沟通具体协议细节'),(59,7,1566349269,'crm_customer',26,'创建了客户'),(60,7,1566349483,'crm_customer',27,'创建了客户'),(61,7,1566349738,'crm_customer',28,'创建了客户'),(62,7,1566349873,'crm_customer',29,'创建了客户'),(63,7,1566350138,'crm_customer',30,'创建了客户'),(64,7,1566350325,'crm_customer',29,'将 \'地区定位\' 由 内蒙古自治区\n通辽市\n 修改为 内蒙古自治区\n乌兰察布市\n'),(65,7,1566350503,'crm_customer',31,'创建了客户'),(66,7,1566350644,'crm_customer',32,'创建了客户'),(67,7,1566350793,'crm_customer',33,'创建了客户'),(68,7,1566351336,'crm_customer',34,'创建了客户'),(69,7,1566351553,'crm_customer',35,'创建了客户'),(70,9,1566368944,'crm_customer',4,'将 \'客户级别\' 由 A（重点客户） 修改为 B（普通客户）'),(71,11,1566398533,'crm_customer',36,'创建了客户'),(72,3,1566435299,'crm_customer',12,'将客户解锁'),(73,3,1566435318,'crm_customer',12,'将客户锁定'),(74,3,1566435328,'crm_customer',11,'将客户锁定'),(75,3,1566436532,'crm_customer',37,'创建了客户'),(76,3,1566436617,'crm_customer',38,'创建了客户'),(77,3,1566436821,'crm_customer',39,'创建了客户'),(78,3,1566436891,'crm_customer',40,'创建了客户'),(79,3,1566437027,'crm_customer',41,'创建了客户'),(80,3,1566437111,'crm_customer',42,'创建了客户'),(81,3,1566437187,'crm_customer',43,'创建了客户'),(82,14,1566441200,'crm_customer',44,'创建了客户'),(83,14,1566441433,'crm_customer',45,'创建了客户'),(84,3,1566445489,'crm_customer',46,'创建了客户'),(85,6,1566519183,'crm_customer',47,'创建了客户'),(86,6,1566519321,'crm_customer',48,'创建了客户'),(87,6,1566519450,'crm_customer',49,'创建了客户'),(88,6,1566519560,'crm_customer',50,'创建了客户'),(89,6,1566519676,'crm_customer',51,'创建了客户'),(90,12,1566549397,'crm_customer',52,'创建了客户'),(91,12,1566554103,'crm_customer',53,'创建了客户'),(92,9,1566568124,'crm_customer',54,'创建了客户'),(93,9,1566568222,'crm_customer',55,'创建了客户'),(94,9,1566568393,'crm_customer',56,'创建了客户'),(95,9,1566568485,'crm_customer',57,'创建了客户'),(96,9,1566568553,'crm_customer',58,'创建了客户'),(97,9,1566568623,'crm_customer',59,'创建了客户'),(98,9,1566568707,'crm_customer',60,'创建了客户'),(99,9,1566568788,'crm_customer',61,'创建了客户'),(100,9,1566568911,'crm_customer',62,'创建了客户'),(101,9,1566569021,'crm_customer',63,'创建了客户'),(102,9,1566569086,'crm_customer',64,'创建了客户'),(103,9,1566569159,'crm_customer',65,'创建了客户'),(104,9,1566569232,'crm_customer',66,'创建了客户'),(105,9,1566569295,'crm_customer',67,'创建了客户'),(106,8,1566569361,'crm_customer',68,'创建了客户'),(107,9,1566569361,'crm_customer',69,'创建了客户'),(108,9,1566569431,'crm_customer',70,'创建了客户'),(109,9,1566569485,'crm_customer',71,'创建了客户'),(110,9,1566569611,'crm_customer',72,'创建了客户'),(111,9,1566569678,'crm_customer',73,'创建了客户'),(112,9,1566569762,'crm_customer',74,'创建了客户'),(113,9,1566569825,'crm_customer',75,'创建了客户'),(114,9,1566569891,'crm_customer',76,'创建了客户'),(115,9,1566569976,'crm_customer',77,'创建了客户'),(116,9,1566570087,'crm_customer',78,'创建了客户'),(117,9,1566570146,'crm_customer',79,'创建了客户'),(118,9,1566570204,'crm_customer',80,'创建了客户'),(119,9,1566570277,'crm_customer',81,'创建了客户'),(120,9,1566570348,'crm_customer',82,'创建了客户'),(121,9,1566570451,'crm_customer',83,'创建了客户'),(122,9,1566570656,'crm_customer',84,'创建了客户'),(123,9,1566570773,'crm_customer',85,'创建了客户'),(124,9,1566570868,'crm_customer',86,'创建了客户'),(125,9,1566570932,'crm_customer',87,'创建了客户'),(126,9,1566570998,'crm_customer',88,'创建了客户'),(127,9,1566571084,'crm_customer',89,'创建了客户'),(128,9,1566571221,'crm_customer',90,'创建了客户'),(129,9,1566571302,'crm_customer',91,'创建了客户'),(130,9,1566571401,'crm_customer',92,'创建了客户'),(131,9,1566571457,'crm_customer',93,'创建了客户'),(132,9,1566571581,'crm_customer',94,'创建了客户'),(133,9,1566571687,'crm_business',17,'将 \'商机名称\' 由 DMS 修改为 CSV'),(134,9,1566571931,'crm_customer',95,'创建了客户'),(135,9,1566572029,'crm_customer',96,'创建了客户'),(136,9,1566572155,'crm_customer',97,'创建了客户'),(137,9,1566572260,'crm_customer',98,'创建了客户'),(138,9,1566572329,'crm_customer',99,'创建了客户'),(139,9,1566572399,'crm_customer',100,'创建了客户'),(140,9,1566572515,'crm_customer',101,'创建了客户'),(141,9,1566572608,'crm_customer',102,'创建了客户'),(142,9,1566572748,'crm_customer',103,'创建了客户'),(143,9,1566572811,'crm_customer',103,'将 \'地区定位\' 由 广东省\n中山市\n 修改为 省\n市\n'),(144,9,1566572874,'crm_customer',104,'创建了客户'),(145,9,1566572932,'crm_customer',105,'创建了客户'),(146,9,1566573048,'crm_customer',106,'创建了客户'),(147,9,1566573100,'crm_customer',107,'创建了客户'),(148,11,1566615384,'crm_customer',108,'创建了客户'),(149,1,1566653071,'crm_customer',47,'将客户解锁'),(150,8,1566662691,'crm_customer',109,'创建了客户'),(151,3,1566790596,'crm_customer',110,'创建了客户'),(152,3,1566790683,'crm_customer',111,'创建了客户'),(153,3,1566790772,'crm_customer',112,'创建了客户'),(154,3,1566790888,'crm_customer',113,'创建了客户'),(155,3,1566790956,'crm_customer',114,'创建了客户'),(156,3,1566791081,'crm_customer',115,'创建了客户'),(157,3,1566791164,'crm_customer',116,'创建了客户'),(158,3,1566791407,'crm_customer',117,'创建了客户'),(159,3,1566791600,'crm_customer',118,'创建了客户'),(160,3,1566791686,'crm_customer',119,'创建了客户'),(161,3,1566791761,'crm_customer',120,'创建了客户'),(162,3,1566795795,'crm_customer',121,'创建了客户'),(163,3,1566795875,'crm_customer',122,'创建了客户'),(164,3,1566795952,'crm_customer',123,'创建了客户'),(165,3,1566796195,'crm_customer',124,'创建了客户'),(166,3,1566796255,'crm_customer',125,'创建了客户'),(167,3,1566796328,'crm_customer',126,'创建了客户'),(168,3,1566796395,'crm_customer',127,'创建了客户'),(169,3,1566796442,'crm_customer',127,'将 \'备注\' 由 湖北省利川市东城路666号 修改为 湖北省利川市东城路666号\n签约单机版DMS系统及DMS系统验证服务'),(170,3,1566796506,'crm_customer',128,'创建了客户'),(171,3,1566796667,'crm_customer',129,'创建了客户'),(172,3,1566796748,'crm_customer',130,'创建了客户'),(173,3,1566796831,'crm_customer',131,'创建了客户'),(174,3,1566796905,'crm_customer',132,'创建了客户'),(175,3,1566796971,'crm_customer',133,'创建了客户'),(176,3,1566797062,'crm_customer',134,'创建了客户'),(177,3,1566797152,'crm_customer',135,'创建了客户'),(178,3,1566797226,'crm_customer',136,'创建了客户'),(179,3,1566797299,'crm_customer',137,'创建了客户'),(180,3,1566797393,'crm_customer',138,'创建了客户'),(181,3,1566797665,'crm_customer',139,'创建了客户'),(182,3,1566797769,'crm_customer',140,'创建了客户'),(183,3,1566797833,'crm_customer',141,'创建了客户'),(184,3,1566797910,'crm_customer',142,'创建了客户'),(185,3,1566797977,'crm_customer',143,'创建了客户'),(186,3,1566798041,'crm_customer',144,'创建了客户'),(187,3,1566798102,'crm_customer',145,'创建了客户'),(188,3,1566798686,'crm_customer',146,'创建了客户'),(189,3,1566798778,'crm_customer',147,'创建了客户'),(190,3,1566798838,'crm_customer',148,'创建了客户'),(191,3,1566798980,'crm_customer',149,'创建了客户'),(192,3,1566799081,'crm_customer',150,'创建了客户'),(193,3,1566799147,'crm_customer',151,'创建了客户'),(194,3,1566799240,'crm_customer',152,'创建了客户'),(195,3,1566799288,'crm_customer',153,'创建了客户'),(196,3,1566799338,'crm_customer',154,'创建了客户'),(197,3,1566799386,'crm_customer',155,'创建了客户'),(198,3,1566799439,'crm_customer',156,'创建了客户'),(199,3,1566799482,'crm_customer',157,'创建了客户'),(200,11,1566804546,'crm_customer',158,'创建了客户'),(201,11,1566804777,'crm_customer',159,'创建了客户'),(202,3,1566804886,'crm_customer',160,'创建了客户'),(203,3,1566804934,'crm_customer',161,'创建了客户'),(204,3,1566804982,'crm_customer',162,'创建了客户'),(205,3,1566805028,'crm_customer',163,'创建了客户'),(206,3,1566805095,'crm_customer',164,'创建了客户'),(207,3,1566805141,'crm_customer',165,'创建了客户'),(208,3,1566805196,'crm_customer',166,'创建了客户'),(209,3,1566805241,'crm_customer',167,'创建了客户'),(210,3,1566805300,'crm_customer',168,'创建了客户'),(211,3,1566805357,'crm_customer',169,'创建了客户'),(212,3,1566805400,'crm_customer',170,'创建了客户'),(213,3,1566805447,'crm_customer',171,'创建了客户'),(214,3,1566805522,'crm_customer',172,'创建了客户'),(215,3,1566805660,'crm_customer',173,'创建了客户'),(216,3,1566805724,'crm_customer',174,'创建了客户'),(217,3,1566805782,'crm_customer',175,'创建了客户'),(218,3,1566805843,'crm_customer',176,'创建了客户'),(219,3,1566805895,'crm_customer',177,'创建了客户'),(220,11,1566805935,'crm_customer',178,'创建了客户'),(221,3,1566805984,'crm_customer',179,'创建了客户'),(222,3,1566806049,'crm_customer',180,'创建了客户'),(223,3,1566806105,'crm_customer',181,'创建了客户'),(224,3,1566806170,'crm_customer',182,'创建了客户'),(225,3,1566806236,'crm_customer',183,'创建了客户'),(226,3,1566806278,'crm_customer',184,'创建了客户'),(227,3,1566806487,'crm_customer',185,'创建了客户'),(228,3,1566806548,'crm_customer',186,'创建了客户'),(229,3,1566806650,'crm_customer',187,'创建了客户'),(230,3,1566806756,'crm_customer',188,'创建了客户'),(231,3,1566806828,'crm_customer',189,'创建了客户'),(232,3,1566806876,'crm_customer',190,'创建了客户'),(233,3,1566806961,'crm_customer',191,'创建了客户'),(234,3,1566807020,'crm_customer',192,'创建了客户'),(235,3,1566807076,'crm_customer',193,'创建了客户'),(236,3,1566807141,'crm_customer',194,'创建了客户'),(237,3,1566807208,'crm_customer',195,'创建了客户'),(238,3,1566807348,'crm_customer',196,'创建了客户'),(239,3,1566807442,'crm_customer',197,'创建了客户'),(240,3,1566807527,'crm_customer',198,'创建了客户'),(241,3,1566807658,'crm_customer',199,'创建了客户'),(242,3,1566807793,'crm_customer',200,'创建了客户'),(243,3,1566807848,'crm_customer',201,'创建了客户'),(244,3,1566807891,'crm_customer',202,'创建了客户'),(245,3,1566807948,'crm_customer',203,'创建了客户'),(246,3,1566808063,'crm_customer',204,'创建了客户'),(247,3,1566808143,'crm_customer',205,'创建了客户'),(248,3,1566808245,'crm_customer',206,'创建了客户'),(249,3,1566808315,'crm_customer',207,'创建了客户'),(250,3,1566808395,'crm_customer',208,'创建了客户'),(251,3,1566808457,'crm_customer',209,'创建了客户'),(252,3,1566808507,'crm_customer',210,'创建了客户'),(253,3,1566808673,'crm_customer',211,'创建了客户'),(254,3,1566808737,'crm_customer',212,'创建了客户'),(255,3,1566808789,'crm_customer',213,'创建了客户'),(256,3,1566808880,'crm_customer',214,'创建了客户'),(257,3,1566808927,'crm_customer',215,'创建了客户'),(258,3,1566808997,'crm_customer',216,'创建了客户'),(259,3,1566809055,'crm_customer',217,'创建了客户'),(260,3,1566809103,'crm_customer',218,'创建了客户'),(261,3,1566809224,'crm_customer',214,'将 \'省份\' 由 山东省 修改为 辽宁省'),(262,3,1566809365,'crm_customer',219,'创建了客户'),(263,3,1566809423,'crm_customer',220,'创建了客户'),(264,3,1566809763,'crm_customer',221,'创建了客户'),(265,3,1566809826,'crm_customer',222,'创建了客户'),(266,3,1566809889,'crm_customer',223,'创建了客户'),(267,3,1566809949,'crm_customer',224,'创建了客户'),(268,3,1566810009,'crm_customer',225,'创建了客户'),(269,3,1566810067,'crm_customer',226,'创建了客户'),(270,3,1566810142,'crm_customer',227,'创建了客户'),(271,3,1566810242,'crm_customer',228,'创建了客户'),(272,3,1566810484,'crm_customer',229,'创建了客户'),(273,30,1566811101,'crm_customer',230,'创建了客户'),(274,13,1566811203,'crm_customer',231,'创建了客户'),(275,3,1566811207,'crm_customer',232,'创建了客户'),(276,3,1566811284,'crm_customer',233,'创建了客户'),(277,13,1566811417,'crm_customer',234,'创建了客户'),(278,3,1566811425,'crm_customer',235,'创建了客户'),(279,3,1566811502,'crm_customer',236,'创建了客户'),(280,3,1566811588,'crm_customer',237,'创建了客户'),(281,3,1566811695,'crm_customer',238,'创建了客户'),(282,3,1566811753,'crm_customer',239,'创建了客户'),(283,3,1566811824,'crm_customer',240,'创建了客户'),(284,30,1566811826,'crm_customer',241,'创建了客户'),(285,13,1566811895,'crm_customer',242,'创建了客户'),(286,3,1566811911,'crm_customer',243,'创建了客户'),(287,3,1566811972,'crm_customer',244,'创建了客户'),(288,3,1566812072,'crm_customer',245,'创建了客户'),(289,3,1566812132,'crm_customer',246,'创建了客户'),(290,3,1566812193,'crm_customer',247,'创建了客户'),(291,3,1566812251,'crm_customer',248,'创建了客户'),(292,3,1566812344,'crm_customer',249,'创建了客户'),(293,3,1566812403,'crm_customer',250,'创建了客户'),(294,3,1566812461,'crm_customer',251,'创建了客户'),(295,3,1566812523,'crm_customer',252,'创建了客户'),(296,3,1566812581,'crm_customer',253,'创建了客户'),(297,30,1566812592,'crm_customer',254,'创建了客户'),(298,3,1566812676,'crm_customer',255,'创建了客户'),(299,3,1566812974,'crm_customer',256,'创建了客户'),(300,30,1566812982,'crm_customer',230,'将 \'客户来源\' 由 电话咨询 修改为 个人资源'),(301,3,1566813037,'crm_customer',257,'创建了客户'),(302,3,1566813117,'crm_customer',258,'创建了客户'),(303,3,1566813176,'crm_customer',259,'创建了客户'),(304,3,1566813225,'crm_customer',260,'创建了客户'),(305,3,1566813272,'crm_customer',261,'创建了客户'),(306,3,1566813318,'crm_customer',262,'创建了客户'),(307,3,1566813375,'crm_customer',263,'创建了客户'),(308,3,1566813423,'crm_customer',264,'创建了客户'),(309,3,1566813773,'crm_customer',265,'创建了客户'),(310,3,1566813825,'crm_customer',266,'创建了客户'),(311,3,1566813878,'crm_customer',267,'创建了客户'),(312,3,1566813935,'crm_customer',268,'创建了客户'),(313,3,1566814018,'crm_customer',269,'创建了客户'),(314,3,1566814093,'crm_customer',270,'创建了客户'),(315,3,1566814152,'crm_customer',271,'创建了客户'),(316,3,1566814260,'crm_customer',271,'将 \'联系人\' 由 王刚 修改为 王刚-质量部长兼QC经理.|.将 \'备注\' 由 质量部长兼QC经理 修改为 谢  倩：QA：029-83222143、18629398528'),(317,3,1566814319,'crm_customer',272,'创建了客户'),(318,3,1566814381,'crm_customer',273,'创建了客户'),(319,3,1566814441,'crm_customer',274,'创建了客户'),(320,3,1566814497,'crm_customer',275,'创建了客户'),(321,3,1566823204,'crm_customer',276,'创建了客户'),(322,3,1566823281,'crm_customer',277,'创建了客户'),(323,3,1566823348,'crm_customer',278,'创建了客户'),(324,3,1566823395,'crm_customer',279,'创建了客户'),(325,3,1566823519,'crm_customer',280,'创建了客户'),(326,3,1566823690,'crm_customer',281,'创建了客户'),(327,3,1566823797,'crm_customer',282,'创建了客户'),(328,3,1566823854,'crm_customer',283,'创建了客户'),(329,3,1566823949,'crm_customer',284,'创建了客户'),(330,3,1566824067,'crm_customer',285,'创建了客户'),(331,3,1566824125,'crm_customer',286,'创建了客户'),(332,3,1566824174,'crm_customer',287,'创建了客户'),(333,3,1566824358,'crm_customer',288,'创建了客户'),(334,3,1566824427,'crm_customer',289,'创建了客户'),(335,3,1566824496,'crm_customer',290,'创建了客户'),(336,3,1566824561,'crm_customer',291,'创建了客户'),(337,3,1566824698,'crm_customer',292,'创建了客户'),(338,3,1566824813,'crm_customer',293,'创建了客户'),(339,3,1566824865,'crm_customer',294,'创建了客户'),(340,3,1566825210,'crm_customer',295,'创建了客户'),(341,3,1566825269,'crm_customer',296,'创建了客户'),(342,3,1566825313,'crm_customer',297,'创建了客户'),(343,3,1566825386,'crm_customer',298,'创建了客户'),(344,3,1566825459,'crm_customer',299,'创建了客户'),(345,3,1566825559,'crm_customer',300,'创建了客户'),(346,3,1566825623,'crm_customer',301,'创建了客户'),(347,3,1566825708,'crm_customer',302,'创建了客户'),(348,3,1566825773,'crm_customer',303,'创建了客户'),(349,3,1566825825,'crm_customer',304,'创建了客户'),(350,3,1566825885,'crm_customer',305,'创建了客户'),(351,3,1566825975,'crm_customer',306,'创建了客户'),(352,3,1566826028,'crm_customer',307,'创建了客户'),(353,3,1566826076,'crm_customer',308,'创建了客户'),(354,3,1566826141,'crm_customer',309,'创建了客户'),(355,3,1566826214,'crm_customer',310,'创建了客户'),(356,1,1566826932,'crm_customer',310,'将客户放入公海'),(357,1,1566826932,'crm_customer',309,'将客户放入公海'),(358,1,1566826932,'crm_customer',308,'将客户放入公海'),(359,1,1566826932,'crm_customer',307,'将客户放入公海'),(360,1,1566826933,'crm_customer',306,'将客户放入公海'),(361,1,1566826933,'crm_customer',305,'将客户放入公海'),(362,1,1566826933,'crm_customer',304,'将客户放入公海'),(363,1,1566826933,'crm_customer',303,'将客户放入公海'),(364,1,1566826933,'crm_customer',302,'将客户放入公海'),(365,1,1566826933,'crm_customer',301,'将客户放入公海'),(366,1,1566826933,'crm_customer',299,'将客户放入公海'),(367,1,1566826933,'crm_customer',298,'将客户放入公海'),(368,1,1566826933,'crm_customer',297,'将客户放入公海'),(369,1,1566826933,'crm_customer',296,'将客户放入公海'),(370,1,1566826969,'crm_customer',300,'将客户转移给：朱小苗'),(371,1,1566827034,'crm_customer',295,'将客户放入公海'),(372,1,1566827034,'crm_customer',294,'将客户放入公海'),(373,1,1566827034,'crm_customer',293,'将客户放入公海'),(374,1,1566827034,'crm_customer',292,'将客户放入公海'),(375,1,1566827034,'crm_customer',291,'将客户放入公海'),(376,1,1566827034,'crm_customer',290,'将客户放入公海'),(377,1,1566827034,'crm_customer',289,'将客户放入公海'),(378,1,1566827034,'crm_customer',288,'将客户放入公海'),(379,1,1566827035,'crm_customer',287,'将客户放入公海'),(380,1,1566827035,'crm_customer',286,'将客户放入公海'),(381,1,1566827035,'crm_customer',285,'将客户放入公海'),(382,1,1566827035,'crm_customer',284,'将客户放入公海'),(383,1,1566827082,'crm_customer',281,'将客户放入公海'),(384,1,1566827082,'crm_customer',280,'将客户放入公海'),(385,1,1566827082,'crm_customer',276,'将客户放入公海'),(386,1,1566827151,'crm_customer',300,'将客户放入公海'),(387,1,1566827151,'crm_customer',283,'将客户放入公海'),(388,1,1566827151,'crm_customer',282,'将客户放入公海'),(389,1,1566827151,'crm_customer',279,'将客户放入公海'),(390,1,1566827152,'crm_customer',278,'将客户放入公海'),(391,1,1566827152,'crm_customer',277,'将客户放入公海'),(392,1,1566827152,'crm_customer',275,'将客户放入公海'),(393,1,1566827152,'crm_customer',274,'将客户放入公海'),(394,1,1566827152,'crm_customer',273,'将客户放入公海'),(395,1,1566827152,'crm_customer',272,'将客户放入公海'),(396,1,1566827152,'crm_customer',271,'将客户放入公海'),(397,1,1566827152,'crm_customer',270,'将客户放入公海'),(398,1,1566827152,'crm_customer',269,'将客户放入公海'),(399,1,1566827152,'crm_customer',268,'将客户放入公海'),(400,1,1566827153,'crm_customer',267,'将客户放入公海'),(401,1,1566827171,'crm_customer',266,'将客户放入公海'),(402,1,1566827171,'crm_customer',265,'将客户放入公海'),(403,1,1566827171,'crm_customer',264,'将客户放入公海'),(404,1,1566827171,'crm_customer',263,'将客户放入公海'),(405,1,1566827171,'crm_customer',262,'将客户放入公海'),(406,1,1566827171,'crm_customer',261,'将客户放入公海'),(407,1,1566827171,'crm_customer',260,'将客户放入公海'),(408,1,1566827172,'crm_customer',259,'将客户放入公海'),(409,1,1566827172,'crm_customer',258,'将客户放入公海'),(410,1,1566827172,'crm_customer',257,'将客户放入公海'),(411,1,1566827172,'crm_customer',256,'将客户放入公海'),(412,1,1566827172,'crm_customer',255,'将客户放入公海'),(413,1,1566827172,'crm_customer',253,'将客户放入公海'),(414,1,1566827195,'crm_customer',252,'将客户放入公海'),(415,1,1566827195,'crm_customer',251,'将客户放入公海'),(416,1,1566827195,'crm_customer',250,'将客户放入公海'),(417,1,1566827195,'crm_customer',249,'将客户放入公海'),(418,1,1566827195,'crm_customer',248,'将客户放入公海'),(419,1,1566827195,'crm_customer',247,'将客户放入公海'),(420,1,1566827195,'crm_customer',246,'将客户放入公海'),(421,1,1566827196,'crm_customer',245,'将客户放入公海'),(422,1,1566827196,'crm_customer',244,'将客户放入公海'),(423,1,1566827196,'crm_customer',243,'将客户放入公海'),(424,1,1566827196,'crm_customer',240,'将客户放入公海'),(425,1,1566827216,'crm_customer',239,'将客户放入公海'),(426,1,1566827216,'crm_customer',238,'将客户放入公海'),(427,1,1566827216,'crm_customer',237,'将客户放入公海'),(428,1,1566827216,'crm_customer',236,'将客户放入公海'),(429,1,1566827216,'crm_customer',235,'将客户放入公海'),(430,1,1566827216,'crm_customer',233,'将客户放入公海'),(431,1,1566827217,'crm_customer',232,'将客户放入公海'),(432,1,1566827217,'crm_customer',229,'将客户放入公海'),(433,1,1566827217,'crm_customer',228,'将客户放入公海'),(434,1,1566827233,'crm_customer',227,'将客户放入公海'),(435,1,1566827233,'crm_customer',226,'将客户放入公海'),(436,1,1566827233,'crm_customer',225,'将客户放入公海'),(437,1,1566827233,'crm_customer',224,'将客户放入公海'),(438,1,1566827233,'crm_customer',223,'将客户放入公海'),(439,1,1566827233,'crm_customer',222,'将客户放入公海'),(440,1,1566827233,'crm_customer',221,'将客户放入公海'),(441,1,1566827233,'crm_customer',220,'将客户放入公海'),(442,1,1566827234,'crm_customer',219,'将客户放入公海'),(443,1,1566827258,'crm_customer',214,'将客户放入公海'),(444,1,1566827258,'crm_customer',218,'将客户放入公海'),(445,1,1566827258,'crm_customer',217,'将客户放入公海'),(446,1,1566827258,'crm_customer',216,'将客户放入公海'),(447,1,1566827258,'crm_customer',215,'将客户放入公海'),(448,1,1566827259,'crm_customer',213,'将客户放入公海'),(449,1,1566827259,'crm_customer',212,'将客户放入公海'),(450,1,1566827259,'crm_customer',211,'将客户放入公海'),(451,1,1566827259,'crm_customer',210,'将客户放入公海'),(452,1,1566827275,'crm_customer',209,'将客户放入公海'),(453,1,1566827275,'crm_customer',208,'将客户放入公海'),(454,1,1566827275,'crm_customer',207,'将客户放入公海'),(455,1,1566827275,'crm_customer',206,'将客户放入公海'),(456,1,1566827275,'crm_customer',205,'将客户放入公海'),(457,1,1566827275,'crm_customer',204,'将客户放入公海'),(458,1,1566827275,'crm_customer',203,'将客户放入公海'),(459,1,1566827296,'crm_customer',201,'将客户放入公海'),(460,1,1566827296,'crm_customer',200,'将客户放入公海'),(461,1,1566827296,'crm_customer',199,'将客户放入公海'),(462,1,1566827296,'crm_customer',198,'将客户放入公海'),(463,1,1566827296,'crm_customer',197,'将客户放入公海'),(464,1,1566827296,'crm_customer',202,'将客户放入公海'),(465,1,1566827308,'crm_customer',196,'将客户放入公海'),(466,1,1566827309,'crm_customer',195,'将客户放入公海'),(467,1,1566827309,'crm_customer',194,'将客户放入公海'),(468,1,1566827309,'crm_customer',193,'将客户放入公海'),(469,1,1566827309,'crm_customer',192,'将客户放入公海'),(470,1,1566827309,'crm_customer',191,'将客户放入公海'),(471,1,1566827322,'crm_customer',190,'将客户放入公海'),(472,1,1566827322,'crm_customer',189,'将客户放入公海'),(473,1,1566827322,'crm_customer',188,'将客户放入公海'),(474,1,1566827322,'crm_customer',187,'将客户放入公海'),(475,1,1566827322,'crm_customer',186,'将客户放入公海'),(476,1,1566827322,'crm_customer',185,'将客户放入公海'),(477,1,1566827342,'crm_customer',184,'将 \'省份\' 由 山东省 修改为 辽宁'),(478,1,1566827356,'crm_customer',183,'将 \'省份\' 由 山东省 修改为 辽宁'),(479,1,1566827369,'crm_customer',179,'将客户放入公海'),(480,1,1566827369,'crm_customer',180,'将客户放入公海'),(481,1,1566827369,'crm_customer',181,'将客户放入公海'),(482,1,1566827369,'crm_customer',182,'将客户放入公海'),(483,1,1566827387,'crm_customer',177,'将客户放入公海'),(484,1,1566827387,'crm_customer',176,'将客户放入公海'),(485,1,1566827387,'crm_customer',175,'将客户放入公海'),(486,1,1566827393,'crm_customer',174,'将客户放入公海'),(487,1,1566827393,'crm_customer',173,'将客户放入公海'),(488,1,1566827408,'crm_customer',172,'将客户放入公海'),(489,1,1566827409,'crm_customer',171,'将客户放入公海'),(490,1,1566827415,'crm_customer',170,'将客户放入公海'),(491,1,1566827421,'crm_customer',169,'将客户放入公海'),(492,1,1566827430,'crm_customer',183,'将客户放入公海'),(493,1,1566827430,'crm_customer',184,'将客户放入公海'),(494,1,1566827441,'crm_customer',168,'将客户放入公海'),(495,1,1566827441,'crm_customer',167,'将客户放入公海'),(496,1,1566827441,'crm_customer',166,'将客户放入公海'),(497,1,1566827448,'crm_customer',165,'将客户放入公海'),(498,1,1566827448,'crm_customer',164,'将客户放入公海'),(499,1,1566827448,'crm_customer',163,'将客户放入公海'),(500,1,1566827470,'crm_customer',162,'将客户放入公海'),(501,1,1566827470,'crm_customer',161,'将客户放入公海'),(502,1,1566827470,'crm_customer',160,'将客户放入公海'),(503,1,1566827470,'crm_customer',157,'将客户放入公海'),(504,1,1566827470,'crm_customer',156,'将客户放入公海'),(505,1,1566827470,'crm_customer',155,'将客户放入公海'),(506,1,1566827470,'crm_customer',154,'将客户放入公海'),(507,1,1566827471,'crm_customer',153,'将客户放入公海'),(508,1,1566827471,'crm_customer',152,'将客户放入公海'),(509,1,1566827471,'crm_customer',151,'将客户放入公海'),(510,1,1566827471,'crm_customer',150,'将客户放入公海'),(511,1,1566827471,'crm_customer',149,'将客户放入公海'),(512,1,1566827471,'crm_customer',148,'将客户放入公海'),(513,1,1566827471,'crm_customer',147,'将客户放入公海'),(514,1,1566827471,'crm_customer',146,'将客户放入公海'),(515,1,1566827482,'crm_customer',145,'将客户放入公海'),(516,1,1566827482,'crm_customer',144,'将客户放入公海'),(517,1,1566827482,'crm_customer',143,'将客户放入公海'),(518,1,1566827482,'crm_customer',142,'将客户放入公海'),(519,1,1566827482,'crm_customer',141,'将客户放入公海'),(520,1,1566827482,'crm_customer',140,'将客户放入公海'),(521,1,1566827482,'crm_customer',139,'将客户放入公海'),(522,1,1566827483,'crm_customer',138,'将客户放入公海'),(523,1,1566827483,'crm_customer',137,'将客户放入公海'),(524,1,1566827483,'crm_customer',136,'将客户放入公海'),(525,1,1566827483,'crm_customer',135,'将客户放入公海'),(526,1,1566827483,'crm_customer',134,'将客户放入公海'),(527,1,1566827483,'crm_customer',133,'将客户放入公海'),(528,1,1566827483,'crm_customer',132,'将客户放入公海'),(529,1,1566827483,'crm_customer',131,'将客户放入公海'),(530,1,1566827497,'crm_customer',130,'将客户放入公海'),(531,1,1566827497,'crm_customer',129,'将客户放入公海'),(532,1,1566827497,'crm_customer',128,'将客户放入公海'),(533,1,1566827497,'crm_customer',127,'将客户放入公海'),(534,1,1566827498,'crm_customer',126,'将客户放入公海'),(535,1,1566827498,'crm_customer',125,'将客户放入公海'),(536,1,1566827498,'crm_customer',124,'将客户放入公海'),(537,1,1566827498,'crm_customer',123,'将客户放入公海'),(538,1,1566827498,'crm_customer',122,'将客户放入公海'),(539,1,1566827498,'crm_customer',121,'将客户放入公海'),(540,1,1566827498,'crm_customer',120,'将客户放入公海'),(541,1,1566827498,'crm_customer',119,'将客户放入公海'),(542,1,1566827498,'crm_customer',118,'将客户放入公海'),(543,1,1566827498,'crm_customer',117,'将客户放入公海'),(544,1,1566827499,'crm_customer',116,'将客户放入公海'),(545,1,1566827508,'crm_customer',115,'将客户放入公海'),(546,1,1566827508,'crm_customer',114,'将客户放入公海'),(547,1,1566827508,'crm_customer',113,'将客户放入公海'),(548,1,1566827509,'crm_customer',112,'将客户放入公海'),(549,1,1566827509,'crm_customer',111,'将客户放入公海'),(550,1,1566827509,'crm_customer',110,'将客户放入公海'),(551,1,1566827509,'crm_customer',46,'将客户放入公海'),(552,1,1566827509,'crm_customer',43,'将客户放入公海'),(553,1,1566827509,'crm_customer',42,'将客户放入公海'),(554,1,1566827509,'crm_customer',41,'将客户放入公海'),(555,1,1566827509,'crm_customer',40,'将客户放入公海'),(556,1,1566827509,'crm_customer',39,'将客户放入公海'),(557,1,1566827510,'crm_customer',38,'将客户放入公海'),(558,1,1566827510,'crm_customer',37,'将客户放入公海'),(559,1,1566827510,'crm_customer',11,'将客户放入公海'),(560,1,1566827516,'crm_customer',12,'将客户放入公海'),(561,8,1566828739,'crm_customer',122,'领取了客户'),(562,12,1566828746,'crm_customer',311,'创建了客户'),(563,8,1566828874,'crm_customer',223,'领取了客户'),(564,12,1566829060,'crm_customer',312,'创建了客户'),(565,12,1566829467,'crm_customer',52,'将 \'备注\' 由 约周一上门拜访 修改为 约周一上门拜访／需要请老师来厂现场质量核查／csv单机版有七八台仪器需做验证／老板不太愿意花钱请第三方公司'),(566,12,1566829674,'crm_customer',313,'创建了客户'),(567,12,1566830271,'crm_customer',314,'创建了客户'),(568,12,1566830549,'crm_customer',315,'创建了客户'),(569,12,1566830789,'crm_customer',316,'创建了客户'),(570,12,1566830990,'crm_customer',317,'创建了客户'),(571,12,1566831373,'crm_customer',318,'创建了客户'),(572,3,1566831422,'crm_customer',319,'创建了客户'),(573,3,1566831472,'crm_customer',320,'创建了客户'),(574,3,1566831525,'crm_customer',321,'创建了客户'),(575,3,1566831592,'crm_customer',322,'创建了客户'),(576,3,1566831717,'crm_customer',323,'创建了客户'),(577,12,1566831733,'crm_customer',324,'创建了客户'),(578,3,1566831761,'crm_customer',325,'创建了客户'),(579,3,1566831853,'crm_customer',326,'创建了客户'),(580,3,1566831903,'crm_customer',327,'创建了客户'),(581,3,1566831953,'crm_customer',328,'创建了客户'),(582,3,1566832043,'crm_customer',329,'创建了客户'),(583,3,1566832141,'crm_customer',329,'将 \'联系人\' 由 毕连梅 修改为 毕连梅-QC负责人.|.将 \'备注\' 由 QC负责人 修改为 聂飞：质量部长：0411-39962601-805、13624081812'),(584,3,1566832279,'crm_customer',330,'创建了客户'),(585,3,1566832301,'crm_customer',330,'将客户放入公海'),(586,3,1566832301,'crm_customer',329,'将客户放入公海'),(587,3,1566832301,'crm_customer',328,'将客户放入公海'),(588,3,1566832301,'crm_customer',327,'将客户放入公海'),(589,3,1566832301,'crm_customer',326,'将客户放入公海'),(590,3,1566832301,'crm_customer',325,'将客户放入公海'),(591,3,1566832301,'crm_customer',323,'将客户放入公海'),(592,3,1566832301,'crm_customer',322,'将客户放入公海'),(593,3,1566832301,'crm_customer',321,'将客户放入公海'),(594,3,1566832301,'crm_customer',320,'将客户放入公海'),(595,3,1566832301,'crm_customer',319,'将客户放入公海'),(596,3,1566832301,'crm_customer',223,'将客户放入公海'),(597,3,1566832302,'crm_customer',122,'将客户放入公海'),(598,12,1566832429,'crm_customer',331,'创建了客户'),(599,12,1566832642,'crm_customer',332,'创建了客户'),(600,12,1566832780,'crm_customer',333,'创建了客户'),(601,12,1566833023,'crm_customer',334,'创建了客户'),(602,12,1566833206,'crm_customer',335,'创建了客户'),(603,12,1566833440,'crm_customer',336,'创建了客户'),(604,12,1566833587,'crm_customer',337,'创建了客户'),(605,12,1566833731,'crm_customer',338,'创建了客户'),(606,12,1566833941,'crm_customer',339,'创建了客户'),(607,12,1566834294,'crm_customer',340,'创建了客户'),(608,11,1566868448,'crm_customer',341,'创建了客户'),(609,11,1566868693,'crm_customer',159,'将 \'备注\' 由 单机版，没有做CSV，目前也没有计划做。企业不盈利，等到什么时侯强制要求时再考虑做。此客户可以不定期跟踪，培养。 修改为 生物工程产品(重组人促红素注射液(CHO细胞)、注射用重组人白介素-11(I)、注射用重组人组织型纤溶酶原激酶衍生物)***\n单机版，没有做CSV，目前也没有计划做。企业不盈利，等到什么时侯强制要求时再考虑做。此客户可以不定期跟踪，培养。'),(610,11,1566868903,'crm_customer',342,'创建了客户'),(611,11,1566869947,'crm_customer',343,'创建了客户'),(612,11,1566870184,'crm_customer',154,'领取了客户'),(613,11,1566870184,'crm_customer',153,'领取了客户'),(614,11,1566870184,'crm_customer',152,'领取了客户'),(615,11,1566870184,'crm_customer',155,'领取了客户'),(616,11,1566870184,'crm_customer',156,'领取了客户'),(617,11,1566870184,'crm_customer',157,'领取了客户'),(618,11,1566870184,'crm_customer',160,'领取了客户'),(619,11,1566870184,'crm_customer',161,'领取了客户'),(620,11,1566870184,'crm_customer',162,'领取了客户'),(621,11,1566870184,'crm_customer',163,'领取了客户'),(622,11,1566870184,'crm_customer',164,'领取了客户'),(623,11,1566870209,'crm_customer',169,'领取了客户'),(624,11,1566870209,'crm_customer',170,'领取了客户'),(625,11,1566870209,'crm_customer',171,'领取了客户'),(626,11,1566870209,'crm_customer',172,'领取了客户'),(627,11,1566870230,'crm_customer',165,'领取了客户'),(628,11,1566870230,'crm_customer',166,'领取了客户'),(629,11,1566870230,'crm_customer',167,'领取了客户'),(630,11,1566870230,'crm_customer',168,'领取了客户'),(631,11,1566870277,'crm_customer',189,'领取了客户'),(632,11,1566870277,'crm_customer',190,'领取了客户'),(633,11,1566870277,'crm_customer',193,'领取了客户'),(634,11,1566870277,'crm_customer',194,'领取了客户'),(635,11,1566872108,'crm_customer',344,'创建了客户'),(636,11,1566872382,'crm_customer',345,'创建了客户'),(637,11,1566872854,'crm_customer',346,'创建了客户'),(638,11,1566873021,'crm_customer',347,'创建了客户'),(639,11,1566873164,'crm_customer',348,'创建了客户'),(640,3,1566873806,'crm_customer',349,'创建了客户'),(641,3,1566874054,'crm_customer',350,'创建了客户'),(642,3,1566874333,'crm_customer',351,'创建了客户'),(643,3,1566874395,'crm_customer',352,'创建了客户'),(644,3,1566874568,'crm_customer',353,'创建了客户'),(645,3,1566874673,'crm_customer',354,'创建了客户'),(646,3,1566874720,'crm_customer',355,'创建了客户'),(647,3,1566874809,'crm_customer',356,'创建了客户'),(648,3,1566874885,'crm_customer',357,'创建了客户'),(649,3,1566874943,'crm_customer',358,'创建了客户'),(650,3,1566875209,'crm_customer',359,'创建了客户'),(651,3,1566875370,'crm_customer',360,'创建了客户'),(652,3,1566875472,'crm_customer',361,'创建了客户'),(653,3,1566875533,'crm_customer',362,'创建了客户'),(654,3,1566875675,'crm_customer',363,'创建了客户'),(655,3,1566875721,'crm_customer',364,'创建了客户'),(656,3,1566875818,'crm_customer',365,'创建了客户'),(657,3,1566875916,'crm_customer',366,'创建了客户'),(658,3,1566875985,'crm_customer',367,'创建了客户'),(659,3,1566876048,'crm_customer',368,'创建了客户'),(660,3,1566876097,'crm_customer',369,'创建了客户'),(661,3,1566876147,'crm_customer',370,'创建了客户'),(662,3,1566876208,'crm_customer',371,'创建了客户'),(663,3,1566876336,'crm_customer',372,'创建了客户'),(664,3,1566876406,'crm_customer',373,'创建了客户'),(665,3,1566876474,'crm_customer',374,'创建了客户'),(666,3,1566876528,'crm_customer',375,'创建了客户'),(667,3,1566876601,'crm_customer',376,'创建了客户'),(668,3,1566876688,'crm_customer',377,'创建了客户'),(669,3,1566876768,'crm_customer',378,'创建了客户'),(670,3,1566876819,'crm_customer',379,'创建了客户'),(671,3,1566876878,'crm_customer',380,'创建了客户'),(672,3,1566877004,'crm_customer',381,'创建了客户'),(673,3,1566877150,'crm_customer',382,'创建了客户'),(674,3,1566877328,'crm_customer',383,'创建了客户'),(675,3,1566877381,'crm_customer',384,'创建了客户'),(676,3,1566877442,'crm_customer',385,'创建了客户'),(677,3,1566886957,'crm_customer',386,'创建了客户'),(678,3,1566887048,'crm_customer',387,'创建了客户'),(679,3,1566887114,'crm_customer',388,'创建了客户'),(680,3,1566887182,'crm_customer',389,'创建了客户'),(681,3,1566887251,'crm_customer',390,'创建了客户'),(682,3,1566887311,'crm_customer',391,'创建了客户'),(683,3,1566887361,'crm_customer',392,'创建了客户'),(684,3,1566887443,'crm_customer',393,'创建了客户'),(685,3,1566887502,'crm_customer',394,'创建了客户'),(686,3,1566887639,'crm_customer',395,'创建了客户'),(687,3,1566887695,'crm_customer',396,'创建了客户'),(688,3,1566887766,'crm_customer',397,'创建了客户'),(689,3,1566887814,'crm_customer',398,'创建了客户'),(690,3,1566887865,'crm_customer',399,'创建了客户'),(691,3,1566887937,'crm_customer',400,'创建了客户'),(692,3,1566888040,'crm_customer',401,'创建了客户'),(693,3,1566974550,'crm_customer',402,'创建了客户'),(694,3,1566974609,'crm_customer',403,'创建了客户'),(695,3,1566974654,'crm_customer',404,'创建了客户'),(696,3,1566974700,'crm_customer',405,'创建了客户'),(697,3,1566974752,'crm_customer',406,'创建了客户'),(698,3,1566974804,'crm_customer',407,'创建了客户'),(699,3,1566974841,'crm_customer',408,'创建了客户'),(700,3,1566974882,'crm_customer',409,'创建了客户'),(701,3,1566974930,'crm_customer',410,'创建了客户'),(702,3,1566974968,'crm_customer',411,'创建了客户'),(703,3,1566975016,'crm_customer',412,'创建了客户'),(704,3,1566975072,'crm_customer',413,'创建了客户'),(705,3,1566975123,'crm_customer',414,'创建了客户'),(706,3,1566975171,'crm_customer',415,'创建了客户'),(707,3,1566975210,'crm_customer',416,'创建了客户'),(708,3,1566975248,'crm_customer',417,'创建了客户'),(709,3,1566975287,'crm_customer',418,'创建了客户'),(710,3,1566975371,'crm_customer',419,'创建了客户'),(711,3,1566975428,'crm_customer',420,'创建了客户'),(712,3,1566975474,'crm_customer',421,'创建了客户'),(713,3,1566975520,'crm_customer',422,'创建了客户'),(714,3,1566975560,'crm_customer',423,'创建了客户'),(715,3,1566975602,'crm_customer',424,'创建了客户'),(716,3,1566975645,'crm_customer',425,'创建了客户'),(717,3,1566975682,'crm_customer',426,'创建了客户'),(718,9,1566978349,'crm_customer',427,'创建了客户'),(719,3,1566980807,'crm_customer',428,'创建了客户'),(720,3,1566980858,'crm_customer',429,'创建了客户'),(721,3,1566980905,'crm_customer',430,'创建了客户'),(722,3,1566980950,'crm_customer',431,'创建了客户'),(723,3,1566980998,'crm_customer',432,'创建了客户'),(724,3,1566981057,'crm_customer',433,'创建了客户'),(725,3,1566981097,'crm_customer',434,'创建了客户'),(726,3,1566981139,'crm_customer',435,'创建了客户'),(727,3,1566981182,'crm_customer',436,'创建了客户'),(728,3,1566981228,'crm_customer',437,'创建了客户'),(729,3,1566981281,'crm_customer',438,'创建了客户'),(730,3,1566981498,'crm_customer',439,'创建了客户'),(731,30,1566981527,'crm_customer',295,'领取了客户'),(732,3,1566981541,'crm_customer',440,'创建了客户'),(733,3,1566982003,'crm_customer',441,'创建了客户'),(734,3,1566982074,'crm_customer',442,'创建了客户'),(735,3,1566982140,'crm_customer',443,'创建了客户'),(736,30,1566982169,'crm_customer',280,'领取了客户'),(737,3,1566982194,'crm_customer',444,'创建了客户'),(738,3,1566982247,'crm_customer',445,'创建了客户'),(739,3,1566982338,'crm_customer',446,'创建了客户'),(740,3,1566982405,'crm_customer',447,'创建了客户'),(741,3,1566982467,'crm_customer',448,'创建了客户'),(742,3,1566982506,'crm_customer',447,'将 \'成交状态\' 由 未成交 修改为 已成交.|.将 \'备注\' 由 质量授权人 修改为 质量授权人\n签约DMS网络版及DMS计算机化系统验证服务'),(743,3,1566982571,'crm_customer',449,'创建了客户'),(744,3,1566982610,'crm_customer',450,'创建了客户'),(745,3,1566982658,'crm_customer',451,'创建了客户'),(746,3,1566982703,'crm_customer',452,'创建了客户'),(747,3,1566982749,'crm_customer',453,'创建了客户'),(748,3,1566982792,'crm_customer',454,'创建了客户'),(749,3,1566982846,'crm_customer',455,'创建了客户'),(750,3,1566982884,'crm_customer',456,'创建了客户'),(751,3,1566982922,'crm_customer',457,'创建了客户'),(752,3,1566982942,'crm_customer',457,'将 \'备注\' 由 空 修改为 质量授权人'),(753,3,1566982961,'crm_customer',456,'将 \'备注\' 由 空 修改为 质量授权人'),(754,3,1566983116,'crm_customer',458,'创建了客户'),(755,3,1566983220,'crm_customer',459,'创建了客户'),(756,3,1566983258,'crm_customer',459,'将 \'电话\' 由 王葆青 修改为 '),(757,3,1566983378,'crm_customer',460,'创建了客户'),(758,30,1566984225,'crm_customer',461,'创建了客户'),(759,30,1566984814,'crm_customer',462,'创建了客户'),(760,30,1566985146,'crm_customer',329,'领取了客户'),(761,13,1566985170,'crm_customer',242,'将 \'手机\' 由 13390897301 修改为 13584560469'),(762,13,1566985539,'crm_customer',463,'创建了客户'),(763,13,1566985694,'crm_customer',242,'将 \'备注\' 由 企业后期对于lims有需求，前期想要做项目管理和文档管理的软件，希望我们能够到企业交流一下！ 修改为 企业后期对于lims有需求，前期想要做项目管理和文档管理的软件，希望我们能够到企业交流一下！，侯经理在协调我们去企业拜访时间定好，我和竭老师确定！'),(764,30,1566985739,'crm_customer',464,'创建了客户'),(765,13,1566985841,'crm_customer',231,'将 \'备注\' 由 企业需求咨询服务，要先过日本的认证，后续会过fda认证！ 修改为 企业需求咨询服务，要先过日本的认证，后续会过fda认证！签约会员送一次实验室审计，有咨询的项目要到企业交流，王老师的建议是我们先去企业审计，出具报告之后，在和仇老师一起到企业进行咨询项目的交流。'),(766,13,1566985902,'crm_customer',6,'将 \'备注\' 由 此客户是我和孙志强共同跟进的企业，企业目前各部门走流程和其他服务公司在做价格对比。 修改为 此客户是我和孙志强共同跟进的企业，企业目前各部门走流程和其他服务公司在做价格对比。今天联系客户，目前还在走流程阶段！'),(767,13,1566986246,'crm_customer',465,'创建了客户'),(768,30,1566996822,'crm_customer',466,'创建了客户'),(769,30,1566997326,'crm_customer',467,'创建了客户'),(770,30,1566997677,'crm_customer',468,'创建了客户'),(771,30,1566998151,'crm_customer',469,'创建了客户'),(772,30,1566998797,'crm_customer',470,'创建了客户'),(773,30,1566999367,'crm_customer',471,'创建了客户'),(774,30,1567000141,'crm_customer',472,'创建了客户'),(775,30,1567000692,'crm_customer',473,'创建了客户'),(776,30,1567000894,'crm_customer',474,'创建了客户'),(777,30,1567001127,'crm_customer',475,'创建了客户'),(778,30,1567001676,'crm_customer',476,'创建了客户'),(779,1,1567001747,'crm_customer',329,'将客户放入公海'),(780,1,1567001747,'crm_customer',295,'将客户放入公海'),(781,1,1567001748,'crm_customer',460,'将客户放入公海'),(782,1,1567001748,'crm_customer',459,'将客户放入公海'),(783,1,1567001748,'crm_customer',458,'将客户放入公海'),(784,1,1567001748,'crm_customer',456,'将客户放入公海'),(785,1,1567001748,'crm_customer',457,'将客户放入公海'),(786,1,1567001748,'crm_customer',455,'将客户放入公海'),(787,1,1567001748,'crm_customer',454,'将客户放入公海'),(788,1,1567001748,'crm_customer',453,'将客户放入公海'),(789,1,1567001748,'crm_customer',280,'将客户放入公海'),(790,1,1567001749,'crm_customer',452,'将客户放入公海'),(791,1,1567001749,'crm_customer',451,'将客户放入公海'),(792,1,1567001749,'crm_customer',450,'将客户放入公海'),(793,1,1567001749,'crm_customer',449,'将客户放入公海'),(794,1,1567001749,'crm_customer',447,'将客户放入公海'),(795,1,1567001749,'crm_customer',448,'将客户放入公海'),(796,1,1567001749,'crm_customer',446,'将客户放入公海'),(797,1,1567001749,'crm_customer',445,'将客户放入公海'),(798,1,1567001749,'crm_customer',444,'将客户放入公海'),(799,1,1567001749,'crm_customer',443,'将客户放入公海'),(800,1,1567001750,'crm_customer',442,'将客户放入公海'),(801,1,1567001750,'crm_customer',441,'将客户放入公海'),(802,1,1567001750,'crm_customer',440,'将客户放入公海'),(803,1,1567001750,'crm_customer',439,'将客户放入公海'),(804,1,1567001750,'crm_customer',438,'将客户放入公海'),(805,1,1567001750,'crm_customer',437,'将客户放入公海'),(806,1,1567001750,'crm_customer',436,'将客户放入公海'),(807,1,1567001750,'crm_customer',435,'将客户放入公海'),(808,1,1567001750,'crm_customer',434,'将客户放入公海'),(809,1,1567001751,'crm_customer',433,'将客户放入公海'),(810,1,1567001751,'crm_customer',432,'将客户放入公海'),(811,1,1567001751,'crm_customer',431,'将客户放入公海'),(812,1,1567001751,'crm_customer',430,'将客户放入公海'),(813,1,1567001751,'crm_customer',429,'将客户放入公海'),(814,1,1567001751,'crm_customer',428,'将客户放入公海'),(815,1,1567001751,'crm_customer',426,'将客户放入公海'),(816,1,1567001751,'crm_customer',425,'将客户放入公海'),(817,1,1567001751,'crm_customer',424,'将客户放入公海'),(818,1,1567001751,'crm_customer',423,'将客户放入公海'),(819,1,1567001752,'crm_customer',422,'将客户放入公海'),(820,1,1567001752,'crm_customer',421,'将客户放入公海'),(821,1,1567001752,'crm_customer',420,'将客户放入公海'),(822,1,1567001752,'crm_customer',419,'将客户放入公海'),(823,1,1567001752,'crm_customer',418,'将客户放入公海'),(824,1,1567001752,'crm_customer',417,'将客户放入公海'),(825,1,1567001752,'crm_customer',416,'将客户放入公海'),(826,1,1567001752,'crm_customer',415,'将客户放入公海'),(827,1,1567001752,'crm_customer',414,'将客户放入公海'),(828,1,1567001753,'crm_customer',413,'将客户放入公海'),(829,1,1567001753,'crm_customer',412,'将客户放入公海'),(830,1,1567001753,'crm_customer',411,'将客户放入公海'),(831,1,1567001753,'crm_customer',410,'将客户放入公海'),(832,1,1567001753,'crm_customer',409,'将客户放入公海'),(833,1,1567001753,'crm_customer',408,'将客户放入公海'),(834,1,1567001753,'crm_customer',407,'将客户放入公海'),(835,1,1567001753,'crm_customer',406,'将客户放入公海'),(836,1,1567001753,'crm_customer',405,'将客户放入公海'),(837,1,1567001753,'crm_customer',404,'将客户放入公海'),(838,1,1567001754,'crm_customer',403,'将客户放入公海'),(839,1,1567001754,'crm_customer',402,'将客户放入公海'),(840,1,1567001754,'crm_customer',167,'将客户放入公海'),(841,1,1567001754,'crm_customer',166,'将客户放入公海'),(842,1,1567001754,'crm_customer',165,'将客户放入公海'),(843,1,1567001754,'crm_customer',401,'将客户放入公海'),(844,1,1567001754,'crm_customer',400,'将客户放入公海'),(845,1,1567001754,'crm_customer',399,'将客户放入公海'),(846,1,1567001754,'crm_customer',398,'将客户放入公海'),(847,1,1567001755,'crm_customer',397,'将客户放入公海'),(848,1,1567001755,'crm_customer',396,'将客户放入公海'),(849,1,1567001755,'crm_customer',395,'将客户放入公海'),(850,1,1567001755,'crm_customer',394,'将客户放入公海'),(851,1,1567001755,'crm_customer',393,'将客户放入公海'),(852,1,1567001755,'crm_customer',392,'将客户放入公海'),(853,1,1567001755,'crm_customer',391,'将客户放入公海'),(854,1,1567001755,'crm_customer',390,'将客户放入公海'),(855,1,1567001755,'crm_customer',389,'将客户放入公海'),(856,1,1567001755,'crm_customer',388,'将客户放入公海'),(857,1,1567001756,'crm_customer',387,'将客户放入公海'),(858,1,1567001756,'crm_customer',386,'将客户放入公海'),(859,1,1567001756,'crm_customer',385,'将客户放入公海'),(860,1,1567001756,'crm_customer',384,'将客户放入公海'),(861,1,1567001756,'crm_customer',383,'将客户放入公海'),(862,1,1567001756,'crm_customer',382,'将客户放入公海'),(863,1,1567001756,'crm_customer',381,'将客户放入公海'),(864,1,1567001756,'crm_customer',380,'将客户放入公海'),(865,1,1567001756,'crm_customer',379,'将客户放入公海'),(866,1,1567001756,'crm_customer',378,'将客户放入公海'),(867,1,1567001757,'crm_customer',377,'将客户放入公海'),(868,1,1567001757,'crm_customer',376,'将客户放入公海'),(869,1,1567001757,'crm_customer',375,'将客户放入公海'),(870,1,1567001757,'crm_customer',374,'将客户放入公海'),(871,1,1567001757,'crm_customer',373,'将客户放入公海'),(872,1,1567001757,'crm_customer',372,'将客户放入公海'),(873,1,1567001757,'crm_customer',371,'将客户放入公海'),(874,1,1567001757,'crm_customer',370,'将客户放入公海'),(875,1,1567001757,'crm_customer',369,'将客户放入公海'),(876,1,1567001758,'crm_customer',368,'将客户放入公海'),(877,1,1567001758,'crm_customer',367,'将客户放入公海'),(878,1,1567001758,'crm_customer',366,'将客户放入公海'),(879,1,1567002015,'crm_customer',365,'将客户放入公海'),(880,1,1567002015,'crm_customer',364,'将客户放入公海'),(881,1,1567002015,'crm_customer',363,'将客户放入公海'),(882,1,1567002015,'crm_customer',362,'将客户放入公海'),(883,1,1567002015,'crm_customer',361,'将客户放入公海'),(884,1,1567002015,'crm_customer',360,'将客户放入公海'),(885,1,1567002015,'crm_customer',359,'将客户放入公海'),(886,1,1567002015,'crm_customer',358,'将客户放入公海'),(887,1,1567002015,'crm_customer',357,'将客户放入公海'),(888,1,1567002016,'crm_customer',356,'将客户放入公海'),(889,1,1567002016,'crm_customer',355,'将客户放入公海'),(890,1,1567002016,'crm_customer',354,'将客户放入公海'),(891,1,1567002016,'crm_customer',353,'将客户放入公海'),(892,1,1567002016,'crm_customer',352,'将客户放入公海'),(893,1,1567002016,'crm_customer',351,'将客户放入公海'),(894,1,1567002016,'crm_customer',350,'将客户放入公海'),(895,1,1567002016,'crm_customer',349,'将客户放入公海'),(896,1,1567002016,'crm_customer',189,'将客户放入公海'),(897,1,1567002016,'crm_customer',190,'将客户放入公海'),(898,1,1567002017,'crm_customer',193,'将客户放入公海'),(899,1,1567002017,'crm_customer',194,'将客户放入公海'),(900,1,1567002017,'crm_customer',168,'将客户放入公海'),(901,1,1567002017,'crm_customer',169,'将客户放入公海'),(902,1,1567002017,'crm_customer',170,'将客户放入公海'),(903,1,1567002017,'crm_customer',171,'将客户放入公海'),(904,1,1567002017,'crm_customer',172,'将客户放入公海'),(905,1,1567002017,'crm_customer',152,'将客户放入公海'),(906,1,1567002017,'crm_customer',153,'将客户放入公海'),(907,1,1567002017,'crm_customer',154,'将客户放入公海'),(908,1,1567002017,'crm_customer',155,'将客户放入公海'),(909,1,1567002018,'crm_customer',156,'将客户放入公海'),(910,1,1567002018,'crm_customer',157,'将客户放入公海'),(911,1,1567002018,'crm_customer',160,'将客户放入公海'),(912,1,1567002018,'crm_customer',161,'将客户放入公海'),(913,1,1567002018,'crm_customer',162,'将客户放入公海'),(914,1,1567002018,'crm_customer',163,'将客户放入公海'),(915,1,1567002018,'crm_customer',164,'将客户放入公海'),(916,30,1567002044,'crm_customer',477,'创建了客户'),(917,1,1567002428,'crm_customer',152,'将客户分配给：张薪新'),(918,1,1567002428,'crm_customer',153,'将客户分配给：张薪新'),(919,1,1567002428,'crm_customer',154,'将客户分配给：张薪新'),(920,1,1567002428,'crm_customer',155,'将客户分配给：张薪新'),(921,1,1567002428,'crm_customer',156,'将客户分配给：张薪新'),(922,1,1567002429,'crm_customer',157,'将客户分配给：张薪新'),(923,1,1567002429,'crm_customer',160,'将客户分配给：张薪新'),(924,1,1567002429,'crm_customer',161,'将客户分配给：张薪新'),(925,1,1567002429,'crm_customer',162,'将客户分配给：张薪新'),(926,1,1567002429,'crm_customer',163,'将客户分配给：张薪新'),(927,1,1567002429,'crm_customer',164,'将客户分配给：张薪新'),(928,1,1567002429,'crm_customer',168,'将客户分配给：张薪新'),(929,1,1567002429,'crm_customer',169,'将客户分配给：张薪新'),(930,1,1567002429,'crm_customer',170,'将客户分配给：张薪新'),(931,1,1567002429,'crm_customer',171,'将客户分配给：张薪新'),(932,1,1567002429,'crm_customer',172,'将客户分配给：张薪新'),(933,1,1567002429,'crm_customer',189,'将客户分配给：张薪新'),(934,1,1567002429,'crm_customer',190,'将客户分配给：张薪新'),(935,1,1567002429,'crm_customer',193,'将客户分配给：张薪新'),(936,1,1567002429,'crm_customer',194,'将客户分配给：张薪新'),(937,1,1567002477,'crm_customer',280,'将客户分配给：王鹏'),(938,1,1567002477,'crm_customer',295,'将客户分配给：王鹏'),(939,1,1567002477,'crm_customer',329,'将客户分配给：王鹏'),(940,1,1567002619,'crm_customer',165,'将客户分配给：张薪新'),(941,1,1567002619,'crm_customer',166,'将客户分配给：张薪新'),(942,1,1567002619,'crm_customer',167,'将客户分配给：张薪新'),(943,1,1567002824,'crm_customer',122,'将客户分配给：孙志强'),(944,1,1567002824,'crm_customer',223,'将客户分配给：孙志强'),(945,1,1567003023,'crm_customer',300,'将客户分配给：朱小苗'),(946,8,1567004747,'crm_customer',478,'创建了客户'),(947,8,1567004948,'crm_customer',479,'创建了客户'),(948,8,1567005142,'crm_customer',376,'领取了客户'),(949,1,1567005259,'crm_customer',402,'将客户分配给：朱小苗'),(950,1,1567005259,'crm_customer',403,'将客户分配给：朱小苗'),(951,1,1567005259,'crm_customer',404,'将客户分配给：朱小苗'),(952,1,1567005260,'crm_customer',405,'将客户分配给：朱小苗'),(953,8,1567005260,'crm_customer',480,'创建了客户'),(954,1,1567005298,'crm_customer',406,'将客户分配给：朱小苗'),(955,1,1567005298,'crm_customer',407,'将客户分配给：朱小苗'),(956,1,1567005298,'crm_customer',408,'将客户分配给：朱小苗'),(957,1,1567005298,'crm_customer',409,'将客户分配给：朱小苗'),(958,1,1567005298,'crm_customer',410,'将客户分配给：朱小苗'),(959,1,1567005298,'crm_customer',411,'将客户分配给：朱小苗'),(960,1,1567005298,'crm_customer',412,'将客户分配给：朱小苗'),(961,1,1567005298,'crm_customer',413,'将客户分配给：朱小苗'),(962,1,1567005298,'crm_customer',414,'将客户分配给：朱小苗'),(963,1,1567005298,'crm_customer',415,'将客户分配给：朱小苗'),(964,1,1567005298,'crm_customer',416,'将客户分配给：朱小苗'),(965,1,1567005298,'crm_customer',417,'将客户分配给：朱小苗'),(966,1,1567005299,'crm_customer',418,'将客户分配给：朱小苗'),(967,1,1567005299,'crm_customer',428,'将客户分配给：朱小苗'),(968,1,1567005299,'crm_customer',429,'将客户分配给：朱小苗'),(969,1,1567005299,'crm_customer',430,'将客户分配给：朱小苗'),(970,1,1567005299,'crm_customer',431,'将客户分配给：朱小苗'),(971,1,1567005299,'crm_customer',432,'将客户分配给：朱小苗'),(972,1,1567005299,'crm_customer',433,'将客户分配给：朱小苗'),(973,1,1567005299,'crm_customer',434,'将客户分配给：朱小苗'),(974,1,1567005299,'crm_customer',435,'将客户分配给：朱小苗'),(975,1,1567005299,'crm_customer',436,'将客户分配给：朱小苗'),(976,1,1567005299,'crm_customer',437,'将客户分配给：朱小苗'),(977,1,1567005299,'crm_customer',438,'将客户分配给：朱小苗'),(978,1,1567005299,'crm_customer',439,'将客户分配给：朱小苗'),(979,1,1567005299,'crm_customer',440,'将客户分配给：朱小苗'),(980,1,1567005299,'crm_customer',441,'将客户分配给：朱小苗'),(981,1,1567005299,'crm_customer',442,'将客户分配给：朱小苗'),(982,1,1567005299,'crm_customer',443,'将客户分配给：朱小苗'),(983,1,1567005299,'crm_customer',444,'将客户分配给：朱小苗'),(984,1,1567005299,'crm_customer',445,'将客户分配给：朱小苗'),(985,1,1567005299,'crm_customer',446,'将客户分配给：朱小苗'),(986,1,1567005300,'crm_customer',447,'将客户分配给：朱小苗'),(987,1,1567005300,'crm_customer',448,'将客户分配给：朱小苗'),(988,1,1567005300,'crm_customer',449,'将客户分配给：朱小苗'),(989,1,1567005300,'crm_customer',450,'将客户分配给：朱小苗'),(990,1,1567005300,'crm_customer',451,'将客户分配给：朱小苗'),(991,1,1567005300,'crm_customer',452,'将客户分配给：朱小苗'),(992,1,1567005300,'crm_customer',453,'将客户分配给：朱小苗'),(993,1,1567005300,'crm_customer',454,'将客户分配给：朱小苗'),(994,1,1567005300,'crm_customer',455,'将客户分配给：朱小苗'),(995,1,1567005300,'crm_customer',456,'将客户分配给：朱小苗'),(996,1,1567005300,'crm_customer',457,'将客户分配给：朱小苗'),(997,1,1567005300,'crm_customer',458,'将客户分配给：朱小苗'),(998,1,1567005300,'crm_customer',459,'将客户分配给：朱小苗'),(999,1,1567005300,'crm_customer',460,'将客户分配给：朱小苗'),(1000,1,1567005334,'crm_customer',349,'将客户分配给：刘迈华'),(1001,1,1567005334,'crm_customer',350,'将客户分配给：刘迈华'),(1002,1,1567005334,'crm_customer',352,'将客户分配给：刘迈华'),(1003,1,1567005334,'crm_customer',353,'将客户分配给：刘迈华'),(1004,1,1567005334,'crm_customer',355,'将客户分配给：刘迈华'),(1005,1,1567005334,'crm_customer',356,'将客户分配给：刘迈华'),(1006,1,1567005334,'crm_customer',357,'将客户分配给：刘迈华'),(1007,1,1567005334,'crm_customer',358,'将客户分配给：刘迈华'),(1008,1,1567005334,'crm_customer',359,'将客户分配给：刘迈华'),(1009,1,1567005334,'crm_customer',360,'将客户分配给：刘迈华'),(1010,1,1567005334,'crm_customer',361,'将客户分配给：刘迈华'),(1011,1,1567005334,'crm_customer',362,'将客户分配给：刘迈华'),(1012,1,1567005334,'crm_customer',363,'将客户分配给：刘迈华'),(1013,1,1567005334,'crm_customer',364,'将客户分配给：刘迈华'),(1014,1,1567005334,'crm_customer',365,'将客户分配给：刘迈华'),(1015,1,1567005334,'crm_customer',366,'将客户分配给：刘迈华'),(1016,1,1567005334,'crm_customer',367,'将客户分配给：刘迈华'),(1017,1,1567005334,'crm_customer',368,'将客户分配给：刘迈华'),(1018,1,1567005334,'crm_customer',369,'将客户分配给：刘迈华'),(1019,1,1567005334,'crm_customer',370,'将客户分配给：刘迈华'),(1020,1,1567005334,'crm_customer',371,'将客户分配给：刘迈华'),(1021,1,1567005334,'crm_customer',372,'将客户分配给：刘迈华'),(1022,1,1567005334,'crm_customer',374,'将客户分配给：刘迈华'),(1023,1,1567005335,'crm_customer',375,'将客户分配给：刘迈华'),(1024,1,1567005335,'crm_customer',377,'将客户分配给：刘迈华'),(1025,1,1567005335,'crm_customer',381,'将客户分配给：刘迈华'),(1026,1,1567005335,'crm_customer',382,'将客户分配给：刘迈华'),(1027,1,1567005335,'crm_customer',383,'将客户分配给：刘迈华'),(1028,1,1567005335,'crm_customer',384,'将客户分配给：刘迈华'),(1029,1,1567005369,'crm_customer',37,'将客户分配给：孙志强'),(1030,1,1567005369,'crm_customer',38,'将客户分配给：孙志强'),(1031,1,1567005369,'crm_customer',39,'将客户分配给：孙志强'),(1032,1,1567005369,'crm_customer',40,'将客户分配给：孙志强'),(1033,1,1567005369,'crm_customer',41,'将客户分配给：孙志强'),(1034,1,1567005369,'crm_customer',42,'将客户分配给：孙志强'),(1035,1,1567005369,'crm_customer',43,'将客户分配给：孙志强'),(1036,1,1567005369,'crm_customer',46,'将客户分配给：孙志强'),(1037,1,1567005404,'crm_customer',322,'将客户分配给：王鹏'),(1038,1,1567005404,'crm_customer',386,'将客户分配给：王鹏'),(1039,1,1567005404,'crm_customer',387,'将客户分配给：王鹏'),(1040,1,1567005404,'crm_customer',388,'将客户分配给：王鹏'),(1041,1,1567005404,'crm_customer',389,'将客户分配给：王鹏'),(1042,1,1567005404,'crm_customer',390,'将客户分配给：王鹏'),(1043,1,1567005404,'crm_customer',393,'将客户分配给：王鹏'),(1044,1,1567005404,'crm_customer',394,'将客户分配给：王鹏'),(1045,1,1567005404,'crm_customer',395,'将客户分配给：王鹏'),(1046,1,1567005404,'crm_customer',396,'将客户分配给：王鹏'),(1047,1,1567005404,'crm_customer',397,'将客户分配给：王鹏'),(1048,1,1567005404,'crm_customer',398,'将客户分配给：王鹏'),(1049,1,1567005405,'crm_customer',399,'将客户分配给：王鹏'),(1050,1,1567005405,'crm_customer',400,'将客户分配给：王鹏'),(1051,1,1567005405,'crm_customer',401,'将客户分配给：王鹏'),(1052,1,1567005465,'crm_customer',419,'将客户分配给：朱小苗'),(1053,1,1567005465,'crm_customer',420,'将客户分配给：朱小苗'),(1054,1,1567005465,'crm_customer',421,'将客户分配给：朱小苗'),(1055,1,1567005465,'crm_customer',422,'将客户分配给：朱小苗'),(1056,1,1567005465,'crm_customer',423,'将客户分配给：朱小苗'),(1057,1,1567005465,'crm_customer',424,'将客户分配给：朱小苗'),(1058,1,1567005466,'crm_customer',425,'将客户分配给：朱小苗'),(1059,1,1567005466,'crm_customer',426,'将客户分配给：朱小苗'),(1060,1,1567005466,'crm_customer',180,'将客户分配给：朱小苗'),(1061,8,1567005481,'crm_customer',481,'创建了客户'),(1062,8,1567005580,'crm_customer',482,'创建了客户'),(1063,8,1567005797,'crm_customer',483,'创建了客户'),(1064,8,1567006167,'crm_customer',484,'创建了客户'),(1065,8,1567006370,'crm_customer',485,'创建了客户'),(1066,8,1567006631,'crm_customer',486,'创建了客户'),(1067,8,1567006788,'crm_customer',487,'创建了客户'),(1068,8,1567006965,'crm_customer',488,'创建了客户'),(1069,8,1567007044,'crm_customer',489,'创建了客户'),(1070,8,1567007243,'crm_customer',227,'领取了客户'),(1071,8,1567007291,'crm_customer',378,'领取了客户'),(1072,8,1567007302,'crm_customer',380,'领取了客户'),(1073,8,1567007513,'crm_customer',351,'领取了客户'),(1074,8,1567007561,'crm_customer',228,'领取了客户'),(1075,8,1567007573,'crm_customer',232,'领取了客户'),(1076,8,1567007587,'crm_customer',237,'领取了客户'),(1077,3,1567043392,'crm_customer',490,'创建了客户'),(1078,3,1567043440,'crm_customer',491,'创建了客户'),(1079,3,1567043488,'crm_customer',492,'创建了客户'),(1080,3,1567043535,'crm_customer',493,'创建了客户'),(1081,3,1567043581,'crm_customer',494,'创建了客户'),(1082,3,1567043627,'crm_customer',495,'创建了客户'),(1083,3,1567043668,'crm_customer',496,'创建了客户'),(1084,3,1567043711,'crm_customer',497,'创建了客户'),(1085,3,1567043756,'crm_customer',498,'创建了客户'),(1086,3,1567043812,'crm_customer',499,'创建了客户'),(1087,3,1567043848,'crm_customer',500,'创建了客户'),(1088,3,1567043897,'crm_customer',501,'创建了客户'),(1089,3,1567043940,'crm_customer',502,'创建了客户'),(1090,3,1567043978,'crm_customer',503,'创建了客户'),(1091,3,1567044020,'crm_customer',504,'创建了客户'),(1092,3,1567044058,'crm_customer',505,'创建了客户'),(1093,3,1567044107,'crm_customer',506,'创建了客户'),(1094,3,1567044151,'crm_customer',507,'创建了客户'),(1095,3,1567044189,'crm_customer',508,'创建了客户'),(1096,3,1567044245,'crm_customer',509,'创建了客户'),(1097,3,1567044302,'crm_customer',510,'创建了客户'),(1098,3,1567044344,'crm_customer',511,'创建了客户'),(1099,3,1567044387,'crm_customer',512,'创建了客户'),(1100,3,1567044425,'crm_customer',513,'创建了客户'),(1101,3,1567044466,'crm_customer',514,'创建了客户'),(1102,3,1567044509,'crm_customer',515,'创建了客户'),(1103,3,1567044552,'crm_customer',516,'创建了客户'),(1104,3,1567044608,'crm_customer',517,'创建了客户'),(1105,3,1567044647,'crm_customer',518,'创建了客户'),(1106,3,1567044682,'crm_customer',519,'创建了客户'),(1107,3,1567044746,'crm_customer',520,'创建了客户'),(1108,3,1567044813,'crm_customer',521,'创建了客户'),(1109,3,1567044849,'crm_customer',522,'创建了客户'),(1110,3,1567044905,'crm_customer',523,'创建了客户'),(1111,3,1567044944,'crm_customer',524,'创建了客户'),(1112,3,1567044990,'crm_customer',525,'创建了客户'),(1113,3,1567045055,'crm_customer',526,'创建了客户'),(1114,3,1567045104,'crm_customer',527,'创建了客户'),(1115,3,1567045537,'crm_customer',528,'创建了客户'),(1116,3,1567045579,'crm_customer',529,'创建了客户'),(1117,3,1567045620,'crm_customer',530,'创建了客户'),(1118,3,1567045661,'crm_customer',531,'创建了客户'),(1119,3,1567045700,'crm_customer',532,'创建了客户'),(1120,3,1567045736,'crm_customer',533,'创建了客户'),(1121,3,1567045775,'crm_customer',534,'创建了客户'),(1122,3,1567045826,'crm_customer',535,'创建了客户'),(1123,3,1567045882,'crm_customer',536,'创建了客户'),(1124,3,1567045927,'crm_customer',537,'创建了客户'),(1125,3,1567045974,'crm_customer',538,'创建了客户'),(1126,3,1567046020,'crm_customer',539,'创建了客户'),(1127,3,1567046069,'crm_customer',540,'创建了客户'),(1128,3,1567046106,'crm_customer',541,'创建了客户'),(1129,3,1567046143,'crm_customer',542,'创建了客户'),(1130,3,1567046228,'crm_customer',543,'创建了客户'),(1131,3,1567046281,'crm_customer',544,'创建了客户'),(1132,3,1567046335,'crm_customer',545,'创建了客户'),(1133,3,1567046376,'crm_customer',546,'创建了客户'),(1134,3,1567046417,'crm_customer',547,'创建了客户'),(1135,3,1567046462,'crm_customer',548,'创建了客户'),(1136,3,1567046502,'crm_customer',549,'创建了客户'),(1137,3,1567046555,'crm_customer',550,'创建了客户'),(1138,3,1567046600,'crm_customer',551,'创建了客户'),(1139,3,1567046636,'crm_customer',552,'创建了客户'),(1140,3,1567046676,'crm_customer',553,'创建了客户'),(1141,3,1567046863,'crm_customer',554,'创建了客户'),(1142,3,1567046906,'crm_customer',555,'创建了客户'),(1143,3,1567046945,'crm_customer',556,'创建了客户'),(1144,3,1567046980,'crm_customer',557,'创建了客户'),(1145,3,1567047017,'crm_customer',558,'创建了客户'),(1146,3,1567047082,'crm_customer',559,'创建了客户'),(1147,3,1567047134,'crm_customer',560,'创建了客户'),(1148,3,1567047175,'crm_customer',561,'创建了客户'),(1149,3,1567047215,'crm_customer',562,'创建了客户'),(1150,3,1567047263,'crm_customer',563,'创建了客户'),(1151,3,1567047300,'crm_customer',564,'创建了客户'),(1152,3,1567047337,'crm_customer',565,'创建了客户'),(1153,3,1567047391,'crm_customer',566,'创建了客户'),(1154,3,1567047559,'crm_customer',567,'创建了客户'),(1155,3,1567047961,'crm_customer',568,'创建了客户'),(1156,3,1567048004,'crm_customer',569,'创建了客户'),(1157,3,1567048056,'crm_customer',570,'创建了客户'),(1158,3,1567048107,'crm_customer',571,'创建了客户'),(1159,3,1567048152,'crm_customer',572,'创建了客户'),(1160,3,1567048186,'crm_customer',573,'创建了客户'),(1161,3,1567048224,'crm_customer',574,'创建了客户'),(1162,11,1567048480,'crm_customer',575,'创建了客户'),(1163,11,1567048784,'crm_contacts',15,'将 \'职务\' 由 空 修改为 QC主管'),(1164,3,1567048813,'crm_customer',576,'创建了客户'),(1165,3,1567048916,'crm_customer',577,'创建了客户'),(1166,3,1567048956,'crm_customer',578,'创建了客户'),(1167,3,1567049001,'crm_customer',579,'创建了客户'),(1168,3,1567049042,'crm_customer',580,'创建了客户'),(1169,3,1567049098,'crm_customer',581,'创建了客户'),(1170,3,1567049151,'crm_customer',582,'创建了客户'),(1171,3,1567049197,'crm_customer',583,'创建了客户'),(1172,3,1567049253,'crm_customer',584,'创建了客户'),(1173,3,1567049302,'crm_customer',585,'创建了客户'),(1174,3,1567049351,'crm_customer',586,'创建了客户'),(1175,3,1567049404,'crm_customer',587,'创建了客户'),(1176,3,1567049447,'crm_customer',588,'创建了客户'),(1177,3,1567049492,'crm_customer',589,'创建了客户'),(1178,3,1567049543,'crm_customer',590,'创建了客户'),(1179,3,1567049585,'crm_customer',591,'创建了客户'),(1180,3,1567049642,'crm_customer',592,'创建了客户'),(1181,3,1567049733,'crm_customer',593,'创建了客户'),(1182,3,1567049769,'crm_customer',594,'创建了客户'),(1183,3,1567049808,'crm_customer',595,'创建了客户'),(1184,3,1567049845,'crm_customer',596,'创建了客户'),(1185,3,1567049882,'crm_customer',597,'创建了客户'),(1186,3,1567049945,'crm_customer',598,'创建了客户'),(1187,3,1567049984,'crm_customer',599,'创建了客户'),(1188,3,1567050020,'crm_customer',600,'创建了客户'),(1189,3,1567050058,'crm_customer',601,'创建了客户'),(1190,3,1567050093,'crm_customer',602,'创建了客户'),(1191,3,1567050130,'crm_customer',603,'创建了客户'),(1192,3,1567050167,'crm_customer',604,'创建了客户'),(1193,3,1567050394,'crm_customer',605,'创建了客户'),(1194,3,1567050442,'crm_customer',605,'将 \'备注\' 由 质量授权人 修改为 质量负责人'),(1195,3,1567050489,'crm_customer',606,'创建了客户'),(1196,3,1567050537,'crm_customer',607,'创建了客户'),(1197,3,1567050596,'crm_customer',608,'创建了客户'),(1198,3,1567050637,'crm_customer',609,'创建了客户'),(1199,3,1567050672,'crm_customer',610,'创建了客户'),(1200,3,1567054747,'crm_customer',611,'创建了客户'),(1201,3,1567054785,'crm_customer',612,'创建了客户'),(1202,3,1567054840,'crm_customer',613,'创建了客户'),(1203,3,1567054883,'crm_customer',614,'创建了客户'),(1204,3,1567054922,'crm_customer',615,'创建了客户'),(1205,3,1567055076,'crm_customer',616,'创建了客户'),(1206,3,1567055150,'crm_customer',617,'创建了客户'),(1207,3,1567055198,'crm_customer',618,'创建了客户'),(1208,3,1567055260,'crm_customer',619,'创建了客户'),(1209,3,1567055298,'crm_customer',620,'创建了客户'),(1210,3,1567055355,'crm_customer',621,'创建了客户'),(1211,3,1567055403,'crm_customer',622,'创建了客户'),(1212,3,1567055439,'crm_customer',623,'创建了客户'),(1213,3,1567055478,'crm_customer',624,'创建了客户'),(1214,3,1567055519,'crm_customer',625,'创建了客户'),(1215,3,1567055557,'crm_customer',626,'创建了客户'),(1216,3,1567055595,'crm_customer',627,'创建了客户'),(1217,3,1567055638,'crm_customer',628,'创建了客户'),(1218,11,1567068769,'crm_customer',160,'将 \'手机\' 由 88691352 修改为 0532-88691352'),(1219,3,1567079517,'crm_customer',629,'创建了客户'),(1220,3,1567079563,'crm_customer',630,'创建了客户'),(1221,3,1567079612,'crm_customer',631,'创建了客户'),(1222,3,1567079674,'crm_customer',632,'创建了客户'),(1223,3,1567079725,'crm_customer',633,'创建了客户'),(1224,3,1567079769,'crm_customer',634,'创建了客户'),(1225,3,1567079835,'crm_customer',635,'创建了客户'),(1226,3,1567079875,'crm_customer',636,'创建了客户'),(1227,3,1567079924,'crm_customer',637,'创建了客户'),(1228,3,1567079972,'crm_customer',638,'创建了客户'),(1229,3,1567080023,'crm_customer',639,'创建了客户'),(1230,3,1567080069,'crm_customer',640,'创建了客户'),(1231,3,1567080112,'crm_customer',641,'创建了客户'),(1232,3,1567080150,'crm_customer',642,'创建了客户'),(1233,3,1567080192,'crm_customer',643,'创建了客户'),(1234,3,1567080234,'crm_customer',644,'创建了客户'),(1235,3,1567080276,'crm_customer',645,'创建了客户'),(1236,3,1567080316,'crm_customer',646,'创建了客户'),(1237,3,1567080364,'crm_customer',647,'创建了客户'),(1238,3,1567080409,'crm_customer',648,'创建了客户'),(1239,3,1567080465,'crm_customer',649,'创建了客户'),(1240,3,1567080507,'crm_customer',650,'创建了客户'),(1241,3,1567080573,'crm_customer',651,'创建了客户'),(1242,3,1567080617,'crm_customer',652,'创建了客户'),(1243,3,1567080650,'crm_customer',653,'创建了客户'),(1244,3,1567080693,'crm_customer',654,'创建了客户'),(1245,3,1567080764,'crm_customer',655,'创建了客户'),(1246,3,1567080813,'crm_customer',656,'创建了客户'),(1247,3,1567080862,'crm_customer',657,'创建了客户'),(1248,3,1567080923,'crm_customer',658,'创建了客户'),(1249,3,1567080960,'crm_customer',659,'创建了客户'),(1250,3,1567081012,'crm_customer',659,'将 \'备注\' 由 质量经理 修改为 质量经理\n成功签约单机版DMS'),(1251,3,1567081028,'crm_customer',659,'将 \'成交状态\' 由 未成交 修改为 已成交'),(1252,3,1567081080,'crm_customer',660,'创建了客户'),(1253,3,1567081129,'crm_customer',661,'创建了客户'),(1254,3,1567081197,'crm_customer',662,'创建了客户'),(1255,3,1567081252,'crm_customer',663,'创建了客户'),(1256,3,1567081355,'crm_customer',664,'创建了客户'),(1257,3,1567081401,'crm_customer',665,'创建了客户'),(1258,3,1567081454,'crm_customer',666,'创建了客户'),(1259,3,1567081507,'crm_customer',667,'创建了客户'),(1260,3,1567081559,'crm_customer',668,'创建了客户'),(1261,3,1567081605,'crm_customer',669,'创建了客户'),(1262,3,1567081648,'crm_customer',670,'创建了客户'),(1263,3,1567081703,'crm_customer',671,'创建了客户'),(1264,3,1567081790,'crm_customer',672,'创建了客户'),(1265,3,1567081870,'crm_customer',673,'创建了客户'),(1266,3,1567081929,'crm_customer',674,'创建了客户'),(1267,3,1567081992,'crm_customer',675,'创建了客户'),(1268,1,1567128103,'crm_customer',512,'将客户放入公海'),(1269,1,1567128103,'crm_customer',513,'将客户放入公海'),(1270,1,1567128103,'crm_customer',514,'将客户放入公海'),(1271,1,1567128103,'crm_customer',515,'将客户放入公海'),(1272,1,1567128103,'crm_customer',516,'将客户放入公海'),(1273,1,1567128104,'crm_customer',517,'将客户放入公海'),(1274,1,1567128104,'crm_customer',518,'将客户放入公海'),(1275,1,1567128104,'crm_customer',519,'将客户放入公海'),(1276,1,1567128104,'crm_customer',520,'将客户放入公海'),(1277,1,1567128104,'crm_customer',521,'将客户放入公海'),(1278,1,1567128104,'crm_customer',522,'将客户放入公海'),(1279,1,1567128104,'crm_customer',523,'将客户放入公海'),(1280,1,1567128104,'crm_customer',524,'将客户放入公海'),(1281,1,1567128104,'crm_customer',525,'将客户放入公海'),(1282,1,1567128104,'crm_customer',526,'将客户放入公海'),(1283,1,1567128105,'crm_customer',527,'将客户放入公海'),(1284,1,1567128105,'crm_customer',528,'将客户放入公海'),(1285,1,1567128105,'crm_customer',529,'将客户放入公海'),(1286,1,1567128105,'crm_customer',530,'将客户放入公海'),(1287,1,1567128105,'crm_customer',531,'将客户放入公海'),(1288,1,1567128105,'crm_customer',532,'将客户放入公海'),(1289,1,1567128105,'crm_customer',533,'将客户放入公海'),(1290,1,1567128105,'crm_customer',534,'将客户放入公海'),(1291,1,1567128106,'crm_customer',535,'将客户放入公海'),(1292,1,1567128106,'crm_customer',536,'将客户放入公海'),(1293,1,1567128106,'crm_customer',537,'将客户放入公海'),(1294,1,1567128106,'crm_customer',538,'将客户放入公海'),(1295,1,1567128106,'crm_customer',539,'将客户放入公海'),(1296,1,1567128106,'crm_customer',540,'将客户放入公海'),(1297,1,1567128106,'crm_customer',541,'将客户放入公海'),(1298,1,1567128106,'crm_customer',542,'将客户放入公海'),(1299,1,1567128106,'crm_customer',543,'将客户放入公海'),(1300,1,1567128106,'crm_customer',544,'将客户放入公海'),(1301,1,1567128106,'crm_customer',545,'将客户放入公海'),(1302,1,1567128107,'crm_customer',546,'将客户放入公海'),(1303,1,1567128107,'crm_customer',547,'将客户放入公海'),(1304,1,1567128107,'crm_customer',548,'将客户放入公海'),(1305,1,1567128107,'crm_customer',549,'将客户放入公海'),(1306,1,1567128107,'crm_customer',550,'将客户放入公海'),(1307,1,1567128107,'crm_customer',551,'将客户放入公海'),(1308,1,1567128107,'crm_customer',552,'将客户放入公海'),(1309,1,1567128107,'crm_customer',553,'将客户放入公海'),(1310,1,1567128107,'crm_customer',554,'将客户放入公海'),(1311,1,1567128107,'crm_customer',555,'将客户放入公海'),(1312,1,1567128107,'crm_customer',556,'将客户放入公海'),(1313,1,1567128108,'crm_customer',557,'将客户放入公海'),(1314,1,1567128108,'crm_customer',558,'将客户放入公海'),(1315,1,1567128108,'crm_customer',559,'将客户放入公海'),(1316,1,1567128108,'crm_customer',560,'将客户放入公海'),(1317,1,1567128108,'crm_customer',561,'将客户放入公海'),(1318,1,1567128108,'crm_customer',562,'将客户放入公海'),(1319,1,1567128108,'crm_customer',563,'将客户放入公海'),(1320,1,1567128108,'crm_customer',564,'将客户放入公海'),(1321,1,1567128108,'crm_customer',565,'将客户放入公海'),(1322,1,1567128108,'crm_customer',566,'将客户放入公海'),(1323,1,1567128109,'crm_customer',567,'将客户放入公海'),(1324,1,1567128109,'crm_customer',568,'将客户放入公海'),(1325,1,1567128109,'crm_customer',569,'将客户放入公海'),(1326,1,1567128109,'crm_customer',570,'将客户放入公海'),(1327,1,1567128109,'crm_customer',571,'将客户放入公海'),(1328,1,1567128109,'crm_customer',572,'将客户放入公海'),(1329,1,1567128109,'crm_customer',573,'将客户放入公海'),(1330,1,1567128109,'crm_customer',574,'将客户放入公海'),(1331,1,1567128109,'crm_customer',576,'将客户放入公海'),(1332,1,1567128109,'crm_customer',577,'将客户放入公海'),(1333,1,1567128109,'crm_customer',578,'将客户放入公海'),(1334,1,1567128110,'crm_customer',579,'将客户放入公海'),(1335,1,1567128110,'crm_customer',580,'将客户放入公海'),(1336,1,1567128110,'crm_customer',581,'将客户放入公海'),(1337,1,1567128110,'crm_customer',582,'将客户放入公海'),(1338,1,1567128110,'crm_customer',583,'将客户放入公海'),(1339,1,1567128110,'crm_customer',584,'将客户放入公海'),(1340,1,1567128110,'crm_customer',585,'将客户放入公海'),(1341,1,1567128110,'crm_customer',586,'将客户放入公海'),(1342,1,1567128110,'crm_customer',587,'将客户放入公海'),(1343,1,1567128110,'crm_customer',588,'将客户放入公海'),(1344,1,1567128110,'crm_customer',589,'将客户放入公海'),(1345,1,1567128111,'crm_customer',590,'将客户放入公海'),(1346,1,1567128111,'crm_customer',591,'将客户放入公海'),(1347,1,1567128111,'crm_customer',592,'将客户放入公海'),(1348,1,1567128111,'crm_customer',593,'将客户放入公海'),(1349,1,1567128111,'crm_customer',594,'将客户放入公海'),(1350,1,1567128111,'crm_customer',595,'将客户放入公海'),(1351,1,1567128111,'crm_customer',596,'将客户放入公海'),(1352,1,1567128111,'crm_customer',597,'将客户放入公海'),(1353,1,1567128111,'crm_customer',598,'将客户放入公海'),(1354,1,1567128111,'crm_customer',599,'将客户放入公海'),(1355,1,1567128112,'crm_customer',600,'将客户放入公海'),(1356,1,1567128112,'crm_customer',601,'将客户放入公海'),(1357,1,1567128112,'crm_customer',602,'将客户放入公海'),(1358,1,1567128112,'crm_customer',603,'将客户放入公海'),(1359,1,1567128112,'crm_customer',604,'将客户放入公海'),(1360,1,1567128112,'crm_customer',605,'将客户放入公海'),(1361,1,1567128112,'crm_customer',606,'将客户放入公海'),(1362,1,1567128112,'crm_customer',607,'将客户放入公海'),(1363,1,1567128112,'crm_customer',608,'将客户放入公海'),(1364,1,1567128112,'crm_customer',609,'将客户放入公海'),(1365,1,1567128112,'crm_customer',610,'将客户放入公海'),(1366,1,1567128113,'crm_customer',611,'将客户放入公海'),(1367,1,1567128113,'crm_customer',612,'将客户放入公海'),(1368,1,1567128176,'crm_customer',675,'将客户放入公海'),(1369,1,1567128176,'crm_customer',674,'将客户放入公海'),(1370,1,1567128176,'crm_customer',673,'将客户放入公海'),(1371,1,1567128177,'crm_customer',672,'将客户放入公海'),(1372,1,1567128177,'crm_customer',671,'将客户放入公海'),(1373,1,1567128177,'crm_customer',670,'将客户放入公海'),(1374,1,1567128177,'crm_customer',669,'将客户放入公海'),(1375,1,1567128177,'crm_customer',668,'将客户放入公海'),(1376,1,1567128177,'crm_customer',667,'将客户放入公海'),(1377,1,1567128177,'crm_customer',666,'将客户放入公海'),(1378,1,1567128177,'crm_customer',665,'将客户放入公海'),(1379,1,1567128177,'crm_customer',664,'将客户放入公海'),(1380,1,1567128178,'crm_customer',663,'将客户放入公海'),(1381,1,1567128178,'crm_customer',662,'将客户放入公海'),(1382,1,1567128178,'crm_customer',661,'将客户放入公海'),(1383,1,1567128178,'crm_customer',660,'将客户放入公海'),(1384,1,1567128178,'crm_customer',659,'将客户放入公海'),(1385,1,1567128178,'crm_customer',658,'将客户放入公海'),(1386,1,1567128178,'crm_customer',657,'将客户放入公海'),(1387,1,1567128178,'crm_customer',656,'将客户放入公海'),(1388,1,1567128178,'crm_customer',655,'将客户放入公海'),(1389,1,1567128178,'crm_customer',654,'将客户放入公海'),(1390,1,1567128178,'crm_customer',653,'将客户放入公海'),(1391,1,1567128179,'crm_customer',652,'将客户放入公海'),(1392,1,1567128179,'crm_customer',651,'将客户放入公海'),(1393,1,1567128179,'crm_customer',650,'将客户放入公海'),(1394,1,1567128179,'crm_customer',649,'将客户放入公海'),(1395,1,1567128179,'crm_customer',648,'将客户放入公海'),(1396,1,1567128179,'crm_customer',647,'将客户放入公海'),(1397,1,1567128179,'crm_customer',646,'将客户放入公海'),(1398,1,1567128179,'crm_customer',645,'将客户放入公海'),(1399,1,1567128180,'crm_customer',644,'将客户放入公海'),(1400,1,1567128180,'crm_customer',643,'将客户放入公海'),(1401,1,1567128180,'crm_customer',642,'将客户放入公海'),(1402,1,1567128180,'crm_customer',641,'将客户放入公海'),(1403,1,1567128180,'crm_customer',640,'将客户放入公海'),(1404,1,1567128180,'crm_customer',639,'将客户放入公海'),(1405,1,1567128180,'crm_customer',638,'将客户放入公海'),(1406,1,1567128180,'crm_customer',637,'将客户放入公海'),(1407,1,1567128180,'crm_customer',636,'将客户放入公海'),(1408,1,1567128180,'crm_customer',635,'将客户放入公海'),(1409,1,1567128181,'crm_customer',634,'将客户放入公海'),(1410,1,1567128181,'crm_customer',633,'将客户放入公海'),(1411,1,1567128181,'crm_customer',632,'将客户放入公海'),(1412,1,1567128181,'crm_customer',631,'将客户放入公海'),(1413,1,1567128181,'crm_customer',630,'将客户放入公海'),(1414,1,1567128181,'crm_customer',629,'将客户放入公海'),(1415,1,1567128181,'crm_customer',628,'将客户放入公海'),(1416,1,1567128181,'crm_customer',627,'将客户放入公海'),(1417,1,1567128181,'crm_customer',626,'将客户放入公海'),(1418,1,1567128182,'crm_customer',625,'将客户放入公海'),(1419,1,1567128182,'crm_customer',624,'将客户放入公海'),(1420,1,1567128182,'crm_customer',623,'将客户放入公海'),(1421,1,1567128182,'crm_customer',622,'将客户放入公海'),(1422,1,1567128182,'crm_customer',621,'将客户放入公海'),(1423,1,1567128182,'crm_customer',620,'将客户放入公海'),(1424,1,1567128182,'crm_customer',619,'将客户放入公海'),(1425,1,1567128182,'crm_customer',618,'将客户放入公海'),(1426,1,1567128182,'crm_customer',617,'将客户放入公海'),(1427,1,1567128183,'crm_customer',616,'将客户放入公海'),(1428,1,1567128183,'crm_customer',615,'将客户放入公海'),(1429,1,1567128183,'crm_customer',614,'将客户放入公海'),(1430,1,1567128183,'crm_customer',613,'将客户放入公海'),(1431,1,1567128183,'crm_customer',511,'将客户放入公海'),(1432,1,1567128183,'crm_customer',510,'将客户放入公海'),(1433,1,1567128183,'crm_customer',509,'将客户放入公海'),(1434,1,1567128183,'crm_customer',508,'将客户放入公海'),(1435,1,1567128183,'crm_customer',507,'将客户放入公海'),(1436,1,1567128183,'crm_customer',506,'将客户放入公海'),(1437,1,1567128184,'crm_customer',505,'将客户放入公海'),(1438,1,1567128184,'crm_customer',504,'将客户放入公海'),(1439,1,1567128184,'crm_customer',503,'将客户放入公海'),(1440,1,1567128184,'crm_customer',502,'将客户放入公海'),(1441,1,1567128184,'crm_customer',501,'将客户放入公海'),(1442,1,1567128184,'crm_customer',500,'将客户放入公海'),(1443,1,1567128184,'crm_customer',499,'将客户放入公海'),(1444,1,1567128184,'crm_customer',498,'将客户放入公海'),(1445,1,1567128184,'crm_customer',497,'将客户放入公海'),(1446,1,1567128185,'crm_customer',496,'将客户放入公海'),(1447,1,1567128185,'crm_customer',495,'将客户放入公海'),(1448,1,1567128185,'crm_customer',494,'将客户放入公海'),(1449,1,1567128185,'crm_customer',493,'将客户放入公海'),(1450,1,1567128185,'crm_customer',492,'将客户放入公海'),(1451,1,1567128185,'crm_customer',491,'将客户放入公海'),(1452,1,1567128185,'crm_customer',490,'将客户放入公海'),(1453,7,1567129036,'crm_customer',426,'将 \'联系人\' 由 张明光 修改为    李彬      .|.将 \'下次联系时间\' 由 1970-01-01 修改为 2019-09-04.|.将 \'备注\' 由 质量授权人 修改为 质量授权人    张明光'),(1454,7,1567131763,'crm_customer',425,'将 \'下次联系时间\' 由 2019-08-08 修改为 2019-09-04'),(1455,3,1567132150,'crm_customer',676,'创建了客户'),(1456,3,1567132216,'crm_customer',677,'创建了客户'),(1457,3,1567132272,'crm_customer',678,'创建了客户'),(1458,3,1567132314,'crm_customer',679,'创建了客户'),(1459,3,1567132384,'crm_customer',680,'创建了客户'),(1460,3,1567132424,'crm_customer',681,'创建了客户'),(1461,3,1567132461,'crm_customer',682,'创建了客户'),(1462,3,1567132517,'crm_customer',683,'创建了客户'),(1463,3,1567132569,'crm_customer',684,'创建了客户'),(1464,3,1567132654,'crm_customer',685,'创建了客户'),(1465,3,1567132709,'crm_customer',686,'创建了客户'),(1466,3,1567132758,'crm_customer',687,'创建了客户'),(1467,3,1567132894,'crm_customer',688,'创建了客户'),(1468,3,1567132932,'crm_customer',689,'创建了客户'),(1469,3,1567133047,'crm_customer',690,'创建了客户'),(1470,3,1567133097,'crm_customer',691,'创建了客户'),(1471,3,1567133163,'crm_customer',692,'创建了客户'),(1472,3,1567133225,'crm_customer',693,'创建了客户'),(1473,3,1567133269,'crm_customer',694,'创建了客户'),(1474,3,1567133312,'crm_customer',695,'创建了客户'),(1475,3,1567133357,'crm_customer',696,'创建了客户'),(1476,3,1567133407,'crm_customer',697,'创建了客户'),(1477,3,1567133463,'crm_customer',698,'创建了客户'),(1478,3,1567133525,'crm_customer',699,'创建了客户'),(1479,3,1567133575,'crm_customer',700,'创建了客户'),(1480,3,1567133621,'crm_customer',701,'创建了客户'),(1481,3,1567133685,'crm_customer',702,'创建了客户'),(1482,3,1567133752,'crm_customer',703,'创建了客户'),(1483,3,1567133810,'crm_customer',704,'创建了客户'),(1484,3,1567133884,'crm_customer',705,'创建了客户'),(1485,3,1567133928,'crm_customer',706,'创建了客户'),(1486,3,1567133985,'crm_customer',707,'创建了客户'),(1487,3,1567134138,'crm_customer',708,'创建了客户'),(1488,3,1567134451,'crm_customer',709,'创建了客户'),(1489,3,1567134494,'crm_customer',710,'创建了客户'),(1490,3,1567134563,'crm_customer',711,'创建了客户'),(1491,3,1567134607,'crm_customer',712,'创建了客户'),(1492,3,1567134663,'crm_customer',713,'创建了客户'),(1493,3,1567134754,'crm_customer',714,'创建了客户'),(1494,3,1567134802,'crm_customer',715,'创建了客户'),(1495,3,1567134851,'crm_customer',716,'创建了客户'),(1496,3,1567134934,'crm_customer',717,'创建了客户'),(1497,3,1567135010,'crm_customer',718,'创建了客户'),(1498,3,1567135059,'crm_customer',719,'创建了客户'),(1499,3,1567135099,'crm_customer',720,'创建了客户'),(1500,3,1567135188,'crm_customer',721,'创建了客户'),(1501,3,1567135234,'crm_customer',722,'创建了客户'),(1502,3,1567135276,'crm_customer',723,'创建了客户'),(1503,3,1567135355,'crm_customer',724,'创建了客户'),(1504,3,1567135439,'crm_customer',725,'创建了客户'),(1505,3,1567135478,'crm_customer',726,'创建了客户'),(1506,3,1567135525,'crm_customer',727,'创建了客户'),(1507,3,1567135653,'crm_customer',728,'创建了客户'),(1508,3,1567135713,'crm_customer',729,'创建了客户'),(1509,3,1567135754,'crm_customer',730,'创建了客户'),(1510,3,1567135803,'crm_customer',731,'创建了客户'),(1511,3,1567135856,'crm_customer',732,'创建了客户'),(1512,3,1567135897,'crm_customer',733,'创建了客户'),(1513,3,1567136243,'crm_customer',734,'创建了客户'),(1514,3,1567136291,'crm_customer',735,'创建了客户'),(1515,3,1567136333,'crm_customer',736,'创建了客户'),(1516,3,1567136384,'crm_customer',737,'创建了客户'),(1517,3,1567136427,'crm_customer',738,'创建了客户'),(1518,3,1567136529,'crm_customer',739,'创建了客户'),(1519,3,1567136569,'crm_customer',740,'创建了客户'),(1520,3,1567136610,'crm_customer',741,'创建了客户'),(1521,3,1567136681,'crm_customer',742,'创建了客户'),(1522,3,1567136730,'crm_customer',743,'创建了客户'),(1523,3,1567136793,'crm_customer',744,'创建了客户'),(1524,3,1567136839,'crm_customer',745,'创建了客户'),(1525,3,1567136911,'crm_customer',746,'创建了客户'),(1526,3,1567136971,'crm_customer',747,'创建了客户'),(1527,3,1567137036,'crm_customer',748,'创建了客户'),(1528,3,1567137104,'crm_customer',749,'创建了客户'),(1529,3,1567137148,'crm_customer',750,'创建了客户'),(1530,3,1567137192,'crm_customer',751,'创建了客户'),(1531,3,1567137321,'crm_customer',752,'创建了客户'),(1532,3,1567137388,'crm_customer',753,'创建了客户'),(1533,3,1567141089,'crm_customer',754,'创建了客户'),(1534,3,1567141141,'crm_customer',755,'创建了客户'),(1535,3,1567141279,'crm_customer',756,'创建了客户'),(1536,3,1567141364,'crm_customer',757,'创建了客户'),(1537,3,1567141414,'crm_customer',758,'创建了客户'),(1538,3,1567141479,'crm_customer',759,'创建了客户'),(1539,3,1567141541,'crm_customer',760,'创建了客户'),(1540,3,1567141585,'crm_customer',761,'创建了客户'),(1541,3,1567141637,'crm_customer',762,'创建了客户'),(1542,3,1567141775,'crm_customer',763,'创建了客户'),(1543,3,1567141902,'crm_customer',764,'创建了客户'),(1544,3,1567142000,'crm_customer',765,'创建了客户'),(1545,3,1567142084,'crm_customer',766,'创建了客户'),(1546,3,1567142126,'crm_customer',767,'创建了客户'),(1547,3,1567142231,'crm_customer',768,'创建了客户'),(1548,3,1567142312,'crm_customer',769,'创建了客户'),(1549,3,1567142425,'crm_customer',770,'创建了客户'),(1550,3,1567142490,'crm_customer',771,'创建了客户'),(1551,3,1567142533,'crm_customer',772,'创建了客户'),(1552,3,1567142589,'crm_customer',773,'创建了客户'),(1553,3,1567142655,'crm_customer',774,'创建了客户'),(1554,3,1567142722,'crm_customer',775,'创建了客户'),(1555,3,1567142795,'crm_customer',776,'创建了客户'),(1556,3,1567142842,'crm_customer',777,'创建了客户'),(1557,3,1567143006,'crm_customer',778,'创建了客户'),(1558,3,1567143052,'crm_customer',779,'创建了客户'),(1559,3,1567143108,'crm_customer',780,'创建了客户'),(1560,3,1567143183,'crm_customer',781,'创建了客户'),(1561,3,1567143221,'crm_customer',782,'创建了客户'),(1562,3,1567143273,'crm_customer',783,'创建了客户'),(1563,3,1567143317,'crm_customer',784,'创建了客户'),(1564,3,1567143362,'crm_customer',785,'创建了客户'),(1565,3,1567143405,'crm_customer',786,'创建了客户'),(1566,3,1567143447,'crm_customer',787,'创建了客户'),(1567,3,1567143502,'crm_customer',788,'创建了客户'),(1568,3,1567143590,'crm_customer',789,'创建了客户'),(1569,3,1567143629,'crm_customer',790,'创建了客户'),(1570,3,1567143806,'crm_customer',791,'创建了客户'),(1571,3,1567143855,'crm_customer',792,'创建了客户'),(1572,3,1567143896,'crm_customer',793,'创建了客户'),(1573,3,1567143939,'crm_customer',794,'创建了客户'),(1574,3,1567143977,'crm_customer',795,'创建了客户'),(1575,3,1567144017,'crm_customer',796,'创建了客户'),(1576,3,1567157304,'crm_customer',797,'创建了客户'),(1577,3,1567157352,'crm_customer',798,'创建了客户'),(1578,3,1567157391,'crm_customer',799,'创建了客户'),(1579,3,1567157439,'crm_customer',800,'创建了客户'),(1580,3,1567157489,'crm_customer',801,'创建了客户'),(1581,3,1567157531,'crm_customer',802,'创建了客户'),(1582,3,1567157573,'crm_customer',803,'创建了客户'),(1583,3,1567157610,'crm_customer',804,'创建了客户'),(1584,3,1567157652,'crm_customer',805,'创建了客户'),(1585,3,1567157711,'crm_customer',806,'创建了客户'),(1586,3,1567157772,'crm_customer',807,'创建了客户'),(1587,3,1567157889,'crm_customer',808,'创建了客户'),(1588,3,1567157934,'crm_customer',809,'创建了客户'),(1589,3,1567157992,'crm_customer',810,'创建了客户'),(1590,3,1567158035,'crm_customer',811,'创建了客户'),(1591,3,1567158071,'crm_customer',812,'创建了客户'),(1592,3,1567158121,'crm_customer',813,'创建了客户'),(1593,3,1567158160,'crm_customer',814,'创建了客户'),(1594,3,1567158198,'crm_customer',815,'创建了客户'),(1595,3,1567158246,'crm_customer',816,'创建了客户'),(1596,3,1567158286,'crm_customer',817,'创建了客户'),(1597,3,1567158429,'crm_customer',818,'创建了客户'),(1598,3,1567158467,'crm_customer',819,'创建了客户'),(1599,3,1567158502,'crm_customer',820,'创建了客户'),(1600,3,1567158677,'crm_customer',821,'创建了客户'),(1601,3,1567158713,'crm_customer',822,'创建了客户'),(1602,3,1567158752,'crm_customer',823,'创建了客户'),(1603,3,1567158798,'crm_customer',824,'创建了客户'),(1604,3,1567158852,'crm_customer',825,'创建了客户'),(1605,3,1567159335,'crm_customer',826,'创建了客户'),(1606,3,1567159371,'crm_customer',827,'创建了客户'),(1607,3,1567159410,'crm_customer',828,'创建了客户'),(1608,3,1567159446,'crm_customer',829,'创建了客户'),(1609,3,1567159486,'crm_customer',830,'创建了客户'),(1610,3,1567159525,'crm_customer',831,'创建了客户'),(1611,3,1567159594,'crm_customer',832,'创建了客户'),(1612,3,1567159702,'crm_customer',833,'创建了客户'),(1613,3,1567159739,'crm_customer',834,'创建了客户'),(1614,3,1567159775,'crm_customer',835,'创建了客户'),(1615,3,1567159821,'crm_customer',836,'创建了客户'),(1616,3,1567159858,'crm_customer',837,'创建了客户'),(1617,3,1567159895,'crm_customer',838,'创建了客户'),(1618,3,1567159965,'crm_customer',839,'创建了客户'),(1619,3,1567160010,'crm_customer',840,'创建了客户'),(1620,3,1567160054,'crm_customer',841,'创建了客户'),(1621,3,1567160111,'crm_customer',842,'创建了客户'),(1622,3,1567160170,'crm_customer',843,'创建了客户'),(1623,3,1567160218,'crm_customer',844,'创建了客户'),(1624,3,1567160270,'crm_customer',845,'创建了客户'),(1625,3,1567160363,'crm_customer',846,'创建了客户'),(1626,3,1567160410,'crm_customer',847,'创建了客户'),(1627,3,1567160459,'crm_customer',848,'创建了客户'),(1628,1,1567165358,'crm_customer',848,'将客户放入公海'),(1629,1,1567165358,'crm_customer',847,'将客户放入公海'),(1630,1,1567165358,'crm_customer',846,'将客户放入公海'),(1631,1,1567165358,'crm_customer',845,'将客户放入公海'),(1632,1,1567165358,'crm_customer',844,'将客户放入公海'),(1633,1,1567165358,'crm_customer',843,'将客户放入公海'),(1634,1,1567165358,'crm_customer',842,'将客户放入公海'),(1635,1,1567165359,'crm_customer',841,'将客户放入公海'),(1636,1,1567165359,'crm_customer',840,'将客户放入公海'),(1637,1,1567165359,'crm_customer',839,'将客户放入公海'),(1638,1,1567165359,'crm_customer',838,'将客户放入公海'),(1639,1,1567165359,'crm_customer',837,'将客户放入公海'),(1640,1,1567165359,'crm_customer',836,'将客户放入公海'),(1641,1,1567165359,'crm_customer',835,'将客户放入公海'),(1642,1,1567165359,'crm_customer',834,'将客户放入公海'),(1643,1,1567165359,'crm_customer',833,'将客户放入公海'),(1644,1,1567165359,'crm_customer',832,'将客户放入公海'),(1645,1,1567165359,'crm_customer',831,'将客户放入公海'),(1646,1,1567165360,'crm_customer',830,'将客户放入公海'),(1647,1,1567165360,'crm_customer',829,'将客户放入公海'),(1648,1,1567165360,'crm_customer',828,'将客户放入公海'),(1649,1,1567165360,'crm_customer',827,'将客户放入公海'),(1650,1,1567165360,'crm_customer',826,'将客户放入公海'),(1651,1,1567165360,'crm_customer',825,'将客户放入公海'),(1652,1,1567165360,'crm_customer',824,'将客户放入公海'),(1653,1,1567165360,'crm_customer',823,'将客户放入公海'),(1654,1,1567165360,'crm_customer',822,'将客户放入公海'),(1655,1,1567165360,'crm_customer',821,'将客户放入公海'),(1656,1,1567165361,'crm_customer',820,'将客户放入公海'),(1657,1,1567165361,'crm_customer',819,'将客户放入公海'),(1658,1,1567165361,'crm_customer',818,'将客户放入公海'),(1659,1,1567165361,'crm_customer',817,'将客户放入公海'),(1660,1,1567165361,'crm_customer',816,'将客户放入公海'),(1661,1,1567165361,'crm_customer',815,'将客户放入公海'),(1662,1,1567165361,'crm_customer',814,'将客户放入公海'),(1663,1,1567165361,'crm_customer',813,'将客户放入公海'),(1664,1,1567165361,'crm_customer',812,'将客户放入公海'),(1665,1,1567165361,'crm_customer',811,'将客户放入公海'),(1666,1,1567165361,'crm_customer',810,'将客户放入公海'),(1667,1,1567165361,'crm_customer',809,'将客户放入公海'),(1668,1,1567165362,'crm_customer',808,'将客户放入公海'),(1669,1,1567165362,'crm_customer',807,'将客户放入公海'),(1670,1,1567165362,'crm_customer',806,'将客户放入公海'),(1671,1,1567165362,'crm_customer',805,'将客户放入公海'),(1672,1,1567165362,'crm_customer',804,'将客户放入公海'),(1673,1,1567165362,'crm_customer',803,'将客户放入公海'),(1674,1,1567165362,'crm_customer',802,'将客户放入公海'),(1675,1,1567165362,'crm_customer',801,'将客户放入公海'),(1676,1,1567165362,'crm_customer',800,'将客户放入公海'),(1677,1,1567165362,'crm_customer',799,'将客户放入公海'),(1678,1,1567165362,'crm_customer',798,'将客户放入公海'),(1679,1,1567165362,'crm_customer',797,'将客户放入公海'),(1680,1,1567165363,'crm_customer',796,'将客户放入公海'),(1681,1,1567165363,'crm_customer',795,'将客户放入公海'),(1682,1,1567165363,'crm_customer',794,'将客户放入公海'),(1683,1,1567165363,'crm_customer',793,'将客户放入公海'),(1684,1,1567165363,'crm_customer',792,'将客户放入公海'),(1685,1,1567165363,'crm_customer',791,'将客户放入公海'),(1686,1,1567165363,'crm_customer',790,'将客户放入公海'),(1687,1,1567165363,'crm_customer',789,'将客户放入公海'),(1688,1,1567165363,'crm_customer',788,'将客户放入公海'),(1689,1,1567165363,'crm_customer',787,'将客户放入公海'),(1690,1,1567165363,'crm_customer',786,'将客户放入公海'),(1691,1,1567165364,'crm_customer',785,'将客户放入公海'),(1692,1,1567165364,'crm_customer',784,'将客户放入公海'),(1693,1,1567165364,'crm_customer',783,'将客户放入公海'),(1694,1,1567165364,'crm_customer',782,'将客户放入公海'),(1695,1,1567165364,'crm_customer',781,'将客户放入公海'),(1696,1,1567165364,'crm_customer',780,'将客户放入公海'),(1697,1,1567165364,'crm_customer',779,'将客户放入公海'),(1698,1,1567165364,'crm_customer',778,'将客户放入公海'),(1699,1,1567165364,'crm_customer',777,'将客户放入公海'),(1700,1,1567165364,'crm_customer',776,'将客户放入公海'),(1701,1,1567165364,'crm_customer',775,'将客户放入公海'),(1702,1,1567165365,'crm_customer',774,'将客户放入公海'),(1703,1,1567165365,'crm_customer',773,'将客户放入公海'),(1704,1,1567165365,'crm_customer',772,'将客户放入公海'),(1705,1,1567165365,'crm_customer',771,'将客户放入公海'),(1706,1,1567165365,'crm_customer',770,'将客户放入公海'),(1707,1,1567165365,'crm_customer',769,'将客户放入公海'),(1708,1,1567165365,'crm_customer',768,'将客户放入公海'),(1709,1,1567165365,'crm_customer',767,'将客户放入公海'),(1710,1,1567165365,'crm_customer',766,'将客户放入公海'),(1711,1,1567165365,'crm_customer',765,'将客户放入公海'),(1712,1,1567165365,'crm_customer',764,'将客户放入公海'),(1713,1,1567165366,'crm_customer',763,'将客户放入公海'),(1714,1,1567165366,'crm_customer',762,'将客户放入公海'),(1715,1,1567165366,'crm_customer',761,'将客户放入公海'),(1716,1,1567165366,'crm_customer',760,'将客户放入公海'),(1717,1,1567165366,'crm_customer',759,'将客户放入公海'),(1718,1,1567165366,'crm_customer',758,'将客户放入公海'),(1719,1,1567165366,'crm_customer',757,'将客户放入公海'),(1720,1,1567165366,'crm_customer',756,'将客户放入公海'),(1721,1,1567165366,'crm_customer',755,'将客户放入公海'),(1722,1,1567165366,'crm_customer',754,'将客户放入公海'),(1723,1,1567165367,'crm_customer',753,'将客户放入公海'),(1724,1,1567165367,'crm_customer',752,'将客户放入公海'),(1725,1,1567165367,'crm_customer',751,'将客户放入公海'),(1726,1,1567165367,'crm_customer',750,'将客户放入公海'),(1727,1,1567165367,'crm_customer',749,'将客户放入公海'),(1728,1,1567165389,'crm_customer',748,'将客户放入公海'),(1729,1,1567165389,'crm_customer',747,'将客户放入公海'),(1730,1,1567165389,'crm_customer',746,'将客户放入公海'),(1731,1,1567165389,'crm_customer',745,'将客户放入公海'),(1732,1,1567165389,'crm_customer',744,'将客户放入公海'),(1733,1,1567165390,'crm_customer',743,'将客户放入公海'),(1734,1,1567165390,'crm_customer',742,'将客户放入公海'),(1735,1,1567165390,'crm_customer',741,'将客户放入公海'),(1736,1,1567165390,'crm_customer',740,'将客户放入公海'),(1737,1,1567165390,'crm_customer',739,'将客户放入公海'),(1738,1,1567165390,'crm_customer',738,'将客户放入公海'),(1739,1,1567165390,'crm_customer',737,'将客户放入公海'),(1740,1,1567165390,'crm_customer',736,'将客户放入公海'),(1741,1,1567165390,'crm_customer',735,'将客户放入公海'),(1742,1,1567165391,'crm_customer',734,'将客户放入公海'),(1743,1,1567165391,'crm_customer',733,'将客户放入公海'),(1744,1,1567165391,'crm_customer',732,'将客户放入公海'),(1745,1,1567165391,'crm_customer',731,'将客户放入公海'),(1746,1,1567165391,'crm_customer',730,'将客户放入公海'),(1747,1,1567165391,'crm_customer',729,'将客户放入公海'),(1748,1,1567165391,'crm_customer',728,'将客户放入公海'),(1749,1,1567165391,'crm_customer',727,'将客户放入公海'),(1750,1,1567165391,'crm_customer',726,'将客户放入公海'),(1751,1,1567165392,'crm_customer',725,'将客户放入公海'),(1752,1,1567165392,'crm_customer',724,'将客户放入公海'),(1753,1,1567165392,'crm_customer',723,'将客户放入公海'),(1754,1,1567165392,'crm_customer',722,'将客户放入公海'),(1755,1,1567165392,'crm_customer',721,'将客户放入公海'),(1756,1,1567165392,'crm_customer',720,'将客户放入公海'),(1757,1,1567165392,'crm_customer',719,'将客户放入公海'),(1758,1,1567165393,'crm_customer',718,'将客户放入公海'),(1759,1,1567165393,'crm_customer',717,'将客户放入公海'),(1760,1,1567165393,'crm_customer',716,'将客户放入公海'),(1761,1,1567165393,'crm_customer',715,'将客户放入公海'),(1762,1,1567165393,'crm_customer',714,'将客户放入公海'),(1763,1,1567165393,'crm_customer',713,'将客户放入公海'),(1764,1,1567165393,'crm_customer',712,'将客户放入公海'),(1765,1,1567165393,'crm_customer',711,'将客户放入公海'),(1766,1,1567165393,'crm_customer',710,'将客户放入公海'),(1767,1,1567165394,'crm_customer',709,'将客户放入公海'),(1768,1,1567165394,'crm_customer',708,'将客户放入公海'),(1769,1,1567165394,'crm_customer',707,'将客户放入公海'),(1770,1,1567165394,'crm_customer',706,'将客户放入公海'),(1771,1,1567165394,'crm_customer',705,'将客户放入公海'),(1772,1,1567165394,'crm_customer',704,'将客户放入公海'),(1773,1,1567165394,'crm_customer',703,'将客户放入公海'),(1774,1,1567165394,'crm_customer',702,'将客户放入公海'),(1775,1,1567165394,'crm_customer',701,'将客户放入公海'),(1776,1,1567165394,'crm_customer',700,'将客户放入公海'),(1777,1,1567165395,'crm_customer',699,'将客户放入公海'),(1778,1,1567165395,'crm_customer',698,'将客户放入公海'),(1779,1,1567165395,'crm_customer',697,'将客户放入公海'),(1780,1,1567165395,'crm_customer',696,'将客户放入公海'),(1781,1,1567165395,'crm_customer',695,'将客户放入公海'),(1782,1,1567165395,'crm_customer',694,'将客户放入公海'),(1783,1,1567165395,'crm_customer',693,'将客户放入公海'),(1784,1,1567165395,'crm_customer',692,'将客户放入公海'),(1785,1,1567165395,'crm_customer',691,'将客户放入公海'),(1786,1,1567165395,'crm_customer',690,'将客户放入公海'),(1787,1,1567165396,'crm_customer',689,'将客户放入公海'),(1788,1,1567165396,'crm_customer',688,'将客户放入公海'),(1789,1,1567165396,'crm_customer',687,'将客户放入公海'),(1790,1,1567165396,'crm_customer',686,'将客户放入公海'),(1791,1,1567165396,'crm_customer',685,'将客户放入公海'),(1792,1,1567165396,'crm_customer',684,'将客户放入公海'),(1793,1,1567165396,'crm_customer',683,'将客户放入公海'),(1794,1,1567165396,'crm_customer',682,'将客户放入公海'),(1795,1,1567165396,'crm_customer',681,'将客户放入公海'),(1796,1,1567165397,'crm_customer',680,'将客户放入公海'),(1797,1,1567165397,'crm_customer',679,'将客户放入公海'),(1798,1,1567165397,'crm_customer',678,'将客户放入公海'),(1799,1,1567165397,'crm_customer',677,'将客户放入公海'),(1800,1,1567165397,'crm_customer',676,'将客户放入公海'),(1801,9,1567174715,'crm_customer',834,'领取了客户'),(1802,9,1567174715,'crm_customer',831,'领取了客户'),(1803,9,1567174716,'crm_customer',830,'领取了客户'),(1804,9,1567174716,'crm_customer',829,'领取了客户'),(1805,9,1567174716,'crm_customer',828,'领取了客户'),(1806,9,1567174734,'crm_customer',827,'领取了客户'),(1807,9,1567174734,'crm_customer',826,'领取了客户'),(1808,9,1567174734,'crm_customer',825,'领取了客户'),(1809,9,1567174734,'crm_customer',779,'领取了客户'),(1810,8,1567324961,'crm_customer',678,'领取了客户'),(1811,8,1567325008,'crm_customer',708,'领取了客户'),(1812,14,1567338877,'crm_customer',656,'领取了客户'),(1813,14,1567339020,'crm_customer',379,'领取了客户'),(1814,14,1567339745,'crm_customer',849,'创建了客户'),(1815,14,1567340142,'crm_customer',44,'将 \'客户级别\' 由 B（普通客户） 修改为 A（重点客户）'),(1816,7,1567390182,'crm_customer',850,'创建了客户'),(1817,9,1567390749,'crm_customer',828,'将 \'客户名称\' 由 贵州济生药业有限公司 修改为 贵州济生制药有限公司'),(1818,9,1567390788,'crm_customer',829,'将 \'客户名称\' 由 贵州景峰药业有限公司 修改为 贵州景峰注射剂有限公司'),(1819,1,1567406146,'crm_customer',447,'将客户解锁'),(1820,1,1567406171,'crm_customer',447,'将客户解锁'),(1821,1,1567406183,'crm_customer',447,'将客户解锁'),(1822,1,1567406244,'crm_customer',447,'将 \'成交状态\' 由 已成交 修改为 未成交'),(1823,9,1567409091,'crm_customer',817,'领取了客户'),(1824,9,1567409136,'crm_customer',808,'领取了客户'),(1825,9,1567409145,'crm_customer',789,'领取了客户'),(1826,9,1567409145,'crm_customer',790,'领取了客户'),(1827,9,1567409145,'crm_customer',791,'领取了客户'),(1828,9,1567409145,'crm_customer',792,'领取了客户'),(1829,9,1567409145,'crm_customer',793,'领取了客户'),(1830,9,1567409145,'crm_customer',794,'领取了客户'),(1831,9,1567409146,'crm_customer',795,'领取了客户'),(1832,9,1567409146,'crm_customer',796,'领取了客户'),(1833,9,1567409146,'crm_customer',798,'领取了客户'),(1834,9,1567409146,'crm_customer',801,'领取了客户'),(1835,9,1567409146,'crm_customer',804,'领取了客户'),(1836,9,1567409146,'crm_customer',805,'领取了客户'),(1837,9,1567409146,'crm_customer',807,'领取了客户'),(1838,9,1567409181,'crm_customer',784,'领取了客户'),(1839,9,1567409181,'crm_customer',785,'领取了客户'),(1840,9,1567409182,'crm_customer',786,'领取了客户'),(1841,9,1567409182,'crm_customer',787,'领取了客户'),(1842,9,1567409182,'crm_customer',832,'领取了客户'),(1843,9,1567409182,'crm_customer',833,'领取了客户'),(1844,9,1567409182,'crm_customer',839,'领取了客户'),(1845,9,1567413021,'crm_customer',851,'创建了客户'),(1846,9,1567417329,'crm_customer',852,'创建了客户'),(1847,9,1567417765,'crm_customer',853,'创建了客户'),(1848,7,1567472190,'crm_customer',854,'创建了客户'),(1849,7,1567473170,'crm_customer',855,'创建了客户'),(1850,7,1567475372,'crm_customer',856,'创建了客户'),(1851,11,1567476671,'crm_customer',857,'创建了客户'),(1852,7,1567479075,'crm_customer',858,'创建了客户'),(1853,9,1567479402,'crm_customer',787,'将 \'客户名称\' 由 云南希淘药业有限公司 修改为 云南希陶绿色药业股份有限公司'),(1854,9,1567479873,'crm_customer',787,'将客户放入公海'),(1855,9,1567480102,'crm_customer',833,'将客户放入公海'),(1856,9,1567480242,'crm_customer',839,'将 \'客户名称\' 由 云南文山特安纳药业有限公司 修改为 云南特安呐制药股份有限公司'),(1857,9,1567480384,'crm_customer',832,'将 \'客户名称\' 由 云南南疆药业有限公司 修改为 昆明南疆制药有限公司'),(1858,9,1567480442,'crm_customer',784,'将 \'客户名称\' 由 云南金碧药业有限公司 修改为 云南金碧制药有限公司'),(1859,9,1567480476,'crm_customer',785,'将客户放入公海'),(1860,8,1567480878,'crm_customer',787,'领取了客户'),(1861,8,1567480878,'crm_customer',833,'领取了客户'),(1862,8,1567480929,'crm_customer',41,'将客户放入公海'),(1863,9,1567480943,'crm_customer',41,'领取了客户'),(1864,11,1567493050,'crm_customer',859,'创建了客户'),(1865,11,1567494668,'crm_customer',860,'创建了客户'),(1866,9,1567495429,'crm_customer',861,'创建了客户'),(1867,9,1567495499,'crm_customer',861,'将 \'客户名称\' 由 贵州寿仙药业有限公司 修改为 贵州万胜药业有限责任公司'),(1868,3,1567495750,'crm_customer',862,'创建了客户'),(1869,3,1567495794,'crm_customer',863,'创建了客户'),(1870,3,1567495842,'crm_customer',864,'创建了客户'),(1871,3,1567495883,'crm_customer',865,'创建了客户'),(1872,3,1567495949,'crm_customer',866,'创建了客户'),(1873,3,1567496002,'crm_customer',867,'创建了客户'),(1874,3,1567496183,'crm_customer',868,'创建了客户'),(1875,3,1567496258,'crm_customer',869,'创建了客户'),(1876,3,1567496368,'crm_customer',870,'创建了客户'),(1877,3,1567496517,'crm_customer',871,'创建了客户'),(1878,9,1567496559,'crm_customer',872,'创建了客户'),(1879,9,1567497687,'crm_customer',873,'创建了客户'),(1880,30,1567517605,'crm_customer',874,'创建了客户'),(1881,30,1567517754,'crm_customer',875,'创建了客户'),(1882,7,1567582303,'crm_customer',421,'将 \'省份\' 由 内蒙古 修改为 内蒙古自治区呼和浩特市托克托工业园区'),(1883,9,1567582670,'crm_customer',876,'创建了客户'),(1884,9,1567582756,'crm_customer',877,'创建了客户'),(1885,9,1567582985,'crm_customer',878,'创建了客户'),(1886,14,1567583091,'crm_customer',179,'领取了客户'),(1887,14,1567583173,'crm_customer',879,'创建了客户'),(1888,9,1567585682,'crm_customer',784,'将 \'备注\' 由 质量部负责人 修改为 质量部负责人，已离职'),(1889,9,1567586180,'crm_customer',795,'将 \'客户名称\' 由 重庆药友药业有限公司 修改为 重庆药友制药有限责任公司'),(1890,9,1567586461,'crm_customer',795,'将 \'备注\' 由 质量部经理 修改为 质量部经理，已离职去成都药业'),(1891,9,1567586641,'crm_customer',784,'将 \'联系人\' 由 杨雪莲 修改为 田云华.|.将 \'手机\' 由 13708878551 修改为 13887886737'),(1892,9,1567586660,'crm_customer',784,'将 \'备注\' 由 质量部负责人，已离职 修改为 '),(1893,8,1567587056,'crm_customer',880,'创建了客户'),(1894,11,1567587646,'crm_customer',881,'创建了客户'),(1895,7,1567588136,'crm_customer',425,'将 \'省份\' 由 内蒙古 修改为 呼和浩特市金桥经济技术开发区'),(1896,14,1567603774,'crm_customer',20,'领取了客户'),(1897,7,1567644300,'crm_customer',856,'将 \'手机\' 由 18071301902 修改为 18073101902'),(1898,7,1567644617,'crm_customer',850,'将 \'联系人\' 由 副总经理 修改为 苏雪萍'),(1899,6,1567645470,'crm_customer',882,'创建了客户'),(1900,3,1567647297,'crm_customer',883,'创建了客户'),(1901,3,1567647480,'crm_customer',884,'创建了客户'),(1902,11,1567649176,'crm_customer',885,'创建了客户'),(1903,11,1567650858,'crm_customer',886,'创建了客户'),(1904,9,1567653206,'crm_customer',796,'将客户放入公海'),(1905,11,1567653977,'crm_customer',886,'将 \'客户名称\' 由 东营天东制药有限公司 修改为 山东凤凰制药股份有限公司'),(1906,11,1567654046,'crm_customer',887,'创建了客户'),(1907,9,1567654097,'crm_customer',801,'将 \'备注\' 由 QC 修改为 QC负责人'),(1908,9,1567655205,'crm_customer',839,'将 \'备注\' 由 质量副总 修改为 质量副总，让联系qc经理陈老师13987068373'),(1909,9,1567655288,'crm_customer',804,'将 \'客户名称\' 由 重庆三大伟业药业有限公司 修改为 重庆三大伟业制药有限公司'),(1910,9,1567655801,'crm_customer',805,'将 \'客户名称\' 由 重庆圣华曦药业有限公司 修改为 重庆圣华曦药业股份有限公司'),(1911,9,1567656030,'crm_customer',807,'将 \'客户名称\' 由 重庆天地药业有限公司 修改为 重庆天地药业有限责任公司'),(1912,9,1567663796,'crm_customer',789,'将 \'客户名称\' 由 重庆华邦药业有限公司 修改为 重庆华邦制药股份有限公司'),(1913,6,1567665028,'crm_customer',888,'创建了客户'),(1914,9,1567667559,'crm_customer',791,'将 \'客户名称\' 由 重庆康科尔药业有限公司 修改为 重庆康刻尔制药有限公司'),(1915,11,1567667903,'crm_customer',889,'创建了客户'),(1916,9,1567668198,'crm_customer',792,'将 \'客户名称\' 由 重庆莱美药业有限公司 修改为 重庆莱美药业股份有限公司'),(1917,9,1567669558,'crm_customer',794,'将 \'客户名称\' 由 重庆庆余堂药业有限公司 修改为 福安药业集团庆余堂制药有限公司'),(1918,9,1567669920,'crm_customer',817,'将 \'客户名称\' 由 四川依科药业有限公司 修改为 四川依科制药有限公司'),(1919,8,1567670339,'crm_customer',780,'领取了客户'),(1920,12,1567670506,'crm_customer',890,'创建了客户'),(1921,8,1567670775,'crm_customer',802,'领取了客户'),(1922,8,1567670775,'crm_customer',810,'领取了客户'),(1923,8,1567670775,'crm_customer',846,'领取了客户'),(1924,8,1567670871,'crm_customer',729,'领取了客户'),(1925,8,1567671094,'crm_customer',778,'领取了客户'),(1926,8,1567671226,'crm_customer',664,'领取了客户'),(1927,8,1567671227,'crm_customer',658,'领取了客户'),(1928,8,1567671242,'crm_customer',650,'领取了客户'),(1929,8,1567671268,'crm_customer',669,'领取了客户'),(1930,8,1567671507,'crm_customer',116,'领取了客户'),(1931,8,1567671508,'crm_customer',119,'领取了客户'),(1932,8,1567671508,'crm_customer',121,'领取了客户'),(1933,8,1567671508,'crm_customer',123,'领取了客户'),(1934,8,1567671527,'crm_customer',142,'领取了客户'),(1935,8,1567671573,'crm_customer',201,'领取了客户'),(1936,8,1567671759,'crm_customer',275,'领取了客户'),(1937,12,1567671773,'crm_customer',891,'创建了客户'),(1938,8,1567671782,'crm_customer',281,'领取了客户'),(1939,8,1567671838,'crm_customer',10,'领取了客户'),(1940,8,1567671847,'crm_customer',8,'领取了客户'),(1941,9,1567671880,'crm_customer',892,'创建了客户'),(1942,12,1567672381,'crm_customer',893,'创建了客户'),(1943,12,1567672714,'crm_customer',894,'创建了客户'),(1944,9,1567673232,'crm_customer',676,'领取了客户'),(1945,3,1567674038,'crm_customer',895,'创建了客户'),(1946,7,1567678851,'crm_customer',896,'创建了客户'),(1947,14,1567683015,'crm_customer',897,'创建了客户'),(1948,30,1567683740,'crm_customer',898,'创建了客户'),(1949,30,1567684426,'crm_customer',899,'创建了客户'),(1950,30,1567684737,'crm_customer',900,'创建了客户'),(1951,30,1567685482,'crm_customer',901,'创建了客户'),(1952,30,1567687575,'crm_customer',902,'创建了客户'),(1953,30,1567688100,'crm_customer',903,'创建了客户'),(1954,30,1567688528,'crm_customer',904,'创建了客户'),(1955,11,1567735271,'crm_customer',905,'创建了客户'),(1956,8,1567736778,'crm_customer',906,'创建了客户'),(1957,11,1567737844,'crm_customer',907,'创建了客户'),(1958,11,1567738790,'crm_customer',908,'创建了客户'),(1959,11,1567739288,'crm_customer',909,'创建了客户'),(1960,8,1567740364,'crm_customer',783,'领取了客户'),(1961,8,1567740364,'crm_customer',788,'领取了客户'),(1962,8,1567740364,'crm_customer',797,'领取了客户'),(1963,8,1567740364,'crm_customer',799,'领取了客户'),(1964,8,1567740364,'crm_customer',800,'领取了客户'),(1965,8,1567740364,'crm_customer',803,'领取了客户'),(1966,8,1567740381,'crm_customer',806,'领取了客户'),(1967,8,1567740381,'crm_customer',809,'领取了客户'),(1968,8,1567740381,'crm_customer',811,'领取了客户'),(1969,8,1567740381,'crm_customer',812,'领取了客户'),(1970,8,1567740381,'crm_customer',813,'领取了客户'),(1971,8,1567740381,'crm_customer',814,'领取了客户'),(1972,9,1567740393,'crm_customer',910,'创建了客户'),(1973,8,1567740397,'crm_customer',815,'领取了客户'),(1974,8,1567740397,'crm_customer',816,'领取了客户'),(1975,8,1567740397,'crm_customer',818,'领取了客户'),(1976,8,1567740397,'crm_customer',819,'领取了客户'),(1977,8,1567740397,'crm_customer',820,'领取了客户'),(1978,8,1567740397,'crm_customer',821,'领取了客户'),(1979,8,1567740415,'crm_customer',822,'领取了客户'),(1980,8,1567740415,'crm_customer',823,'领取了客户'),(1981,8,1567740415,'crm_customer',824,'领取了客户'),(1982,8,1567740415,'crm_customer',835,'领取了客户'),(1983,8,1567740415,'crm_customer',836,'领取了客户'),(1984,8,1567740415,'crm_customer',837,'领取了客户'),(1985,8,1567740415,'crm_customer',838,'领取了客户'),(1986,8,1567740447,'crm_customer',781,'领取了客户'),(1987,8,1567740447,'crm_customer',782,'领取了客户'),(1988,8,1567740447,'crm_customer',841,'领取了客户'),(1989,8,1567740447,'crm_customer',842,'领取了客户'),(1990,8,1567740447,'crm_customer',844,'领取了客户'),(1991,8,1567740447,'crm_customer',845,'领取了客户'),(1992,8,1567740447,'crm_customer',847,'领取了客户'),(1993,8,1567740468,'crm_customer',848,'领取了客户'),(1994,8,1567740468,'crm_customer',750,'领取了客户'),(1995,8,1567740468,'crm_customer',754,'领取了客户'),(1996,8,1567740493,'crm_customer',634,'领取了客户'),(1997,8,1567740588,'crm_customer',321,'领取了客户'),(1998,9,1567740633,'crm_customer',805,'将客户放入公海'),(1999,8,1567740828,'crm_customer',805,'领取了客户'),(2000,9,1567740857,'crm_customer',843,'领取了客户'),(2001,9,1567740929,'crm_customer',843,'将 \'客户名称\' 由 广东众生药业有限公司 修改为 广东众生药业股份有限公司'),(2002,9,1567742513,'crm_customer',911,'创建了客户'),(2003,14,1567746632,'crm_business',7,'将 \'商机金额\' 由 1650000.00 修改为 535000.00.|.将 \'预计成交日期\' 由 2019-12-31 修改为 2019-09-09.|.将 \'备注\' 由 最终方案需要老板下定决心， 修改为 已签约'),(2004,6,1567750428,'crm_customer',912,'创建了客户'),(2005,6,1567750509,'crm_customer',913,'创建了客户'),(2006,11,1567751220,'crm_customer',914,'创建了客户'),(2007,11,1567751525,'crm_customer',915,'创建了客户'),(2008,7,1567751655,'crm_customer',588,'领取了客户'),(2009,8,1567751716,'crm_customer',46,'将客户放入公海'),(2010,8,1567751716,'crm_customer',43,'将客户放入公海'),(2011,8,1567751716,'crm_customer',42,'将客户放入公海'),(2012,8,1567751716,'crm_customer',40,'将客户放入公海'),(2013,9,1567751735,'crm_customer',42,'领取了客户'),(2014,9,1567751735,'crm_customer',43,'领取了客户'),(2015,9,1567751736,'crm_customer',46,'领取了客户'),(2016,9,1567751830,'crm_customer',81,'将 \'备注\' 由 空 修改为 质量负责人（益佰子公司）'),(2017,9,1567751893,'crm_customer',42,'将 \'备注\' 由 空 修改为 质量负责人'),(2018,7,1567751998,'crm_customer',623,'领取了客户'),(2019,9,1567752164,'crm_customer',40,'领取了客户'),(2020,11,1567753503,'crm_customer',916,'创建了客户'),(2021,3,1567756683,'crm_customer',917,'创建了客户'),(2022,3,1567756757,'crm_customer',918,'创建了客户'),(2023,3,1567757492,'crm_customer',919,'创建了客户'),(2024,3,1567757492,'crm_customer',920,'创建了客户'),(2025,3,1567757492,'crm_customer',921,'创建了客户'),(2026,3,1567758055,'crm_customer',922,'创建了客户'),(2027,3,1567758055,'crm_customer',923,'创建了客户');
/*!40000 ALTER TABLE `5kcrm_admin_action_record` ENABLE KEYS */;
UNLOCK TABLES;

--
-- Table structure for table `5kcrm_admin_comment`
--

DROP TABLE IF EXISTS `5kcrm_admin_comment`;
/*!40101 SET @saved_cs_client     = @@character_set_client */;
 SET character_set_client = utf8mb4 ;
CREATE TABLE `5kcrm_admin_comment` (
  `comment_id` int(11) NOT NULL AUTO_INCREMENT COMMENT '评论表',
  `user_id` int(11) NOT NULL COMMENT '评论人ID',
  `content` varchar(1000) NOT NULL COMMENT '内容(答案)',
  `reply_content` varchar(1000) NOT NULL DEFAULT '' COMMENT '回复内容（问题）',
  `create_time` int(11) NOT NULL COMMENT '新建时间',
  `isreply` tinyint(2) DEFAULT '0' COMMENT '是否是回复 1 是 0 否',
  `reply_user_id` int(11) NOT NULL DEFAULT '0',
  `reply_id` int(11) DEFAULT '0' COMMENT '回复对象ID',
  `status` tinyint(2) DEFAULT '1' COMMENT '状态 ',
  `type_id` int(11) DEFAULT '0' COMMENT '评论项目任务ID 或评论其他模块ID',
  `favour` int(7) DEFAULT '0' COMMENT '赞',
  `type` varchar(50) NOT NULL DEFAULT '' COMMENT '分类 ',
  `reply_fid` int(11) NOT NULL DEFAULT '0' COMMENT '回复最上级ID',
  PRIMARY KEY (`comment_id`) USING BTREE
) ENGINE=InnoDB AUTO_INCREMENT=3 DEFAULT CHARSET=utf8 ROW_FORMAT=DYNAMIC COMMENT='任务评论表';
/*!40101 SET character_set_client = @saved_cs_client */;

--
-- Dumping data for table `5kcrm_admin_comment`
--

LOCK TABLES `5kcrm_admin_comment` WRITE;
/*!40000 ALTER TABLE `5kcrm_admin_comment` DISABLE KEYS */;
INSERT INTO `5kcrm_admin_comment` VALUES (1,1,'DBS推广过程中遇到的问题可及时反馈，对于客户端口较多的，我们后续会推出打包价格，可以先跟进客户，摸清客户预算，然后再报价！','',1566740459,0,0,0,1,1,0,'oa_log',0),(2,9,'竭老师，收到','',1566866147,0,0,0,1,2,0,'oa_log',0);
/*!40000 ALTER TABLE `5kcrm_admin_comment` ENABLE KEYS */;
UNLOCK TABLES;

--
-- Table structure for table `5kcrm_admin_config`
--

DROP TABLE IF EXISTS `5kcrm_admin_config`;
/*!40101 SET @saved_cs_client     = @@character_set_client */;
 SET character_set_client = utf8mb4 ;
CREATE TABLE `5kcrm_admin_config` (
  `id` int(11) NOT NULL AUTO_INCREMENT,
  `name` varchar(100) NOT NULL COMMENT '名字',
  `status` tinyint(2) NOT NULL COMMENT '状态',
  `module` varchar(50) NOT NULL COMMENT '模型',
  `controller` varchar(50) NOT NULL COMMENT '控制器',
  `type` tinyint(2) NOT NULL COMMENT '类型',
  `typestatus` tinyint(2) NOT NULL COMMENT '总类型状态',
  PRIMARY KEY (`id`) USING BTREE
) ENGINE=InnoDB DEFAULT CHARSET=utf8 ROW_FORMAT=DYNAMIC;
/*!40101 SET character_set_client = @saved_cs_client */;

--
-- Dumping data for table `5kcrm_admin_config`
--

LOCK TABLES `5kcrm_admin_config` WRITE;
/*!40000 ALTER TABLE `5kcrm_admin_config` DISABLE KEYS */;
/*!40000 ALTER TABLE `5kcrm_admin_config` ENABLE KEYS */;
UNLOCK TABLES;

--
-- Table structure for table `5kcrm_admin_examine_flow`
--

DROP TABLE IF EXISTS `5kcrm_admin_examine_flow`;
/*!40101 SET @saved_cs_client     = @@character_set_client */;
 SET character_set_client = utf8mb4 ;
CREATE TABLE `5kcrm_admin_examine_flow` (
  `flow_id` int(11) NOT NULL AUTO_INCREMENT,
  `name` varchar(50) NOT NULL COMMENT '审批流名称',
  `config` tinyint(4) NOT NULL COMMENT '1固定审批0授权审批',
  `types` varchar(50) NOT NULL COMMENT '关联对象',
  `types_id` tinyint(4) NOT NULL DEFAULT '0' COMMENT '对象ID（如审批类型ID）',
  `structure_ids` varchar(500) NOT NULL DEFAULT '' COMMENT '部门ID（0为全部）',
  `user_ids` varchar(500) NOT NULL DEFAULT '' COMMENT '员工ID',
  `remark` varchar(500) NOT NULL DEFAULT '' COMMENT '流程说明',
  `update_user_id` int(11) NOT NULL COMMENT '修改人ID',
  `create_time` int(11) NOT NULL COMMENT '创建时间',
  `update_time` int(11) NOT NULL COMMENT '更新时间',
  `status` tinyint(4) NOT NULL DEFAULT '1' COMMENT '状态 1启用，0禁用',
  `is_deleted` tinyint(4) NOT NULL DEFAULT '0' COMMENT '状态 1删除',
  `delete_time` int(11) NOT NULL DEFAULT '0' COMMENT '删除时间',
  `delete_user_id` int(11) NOT NULL DEFAULT '0' COMMENT '删除人ID',
  PRIMARY KEY (`flow_id`)
) ENGINE=InnoDB AUTO_INCREMENT=14 DEFAULT CHARSET=utf8 COMMENT='审批流程表';
/*!40101 SET character_set_client = @saved_cs_client */;

--
-- Dumping data for table `5kcrm_admin_examine_flow`
--

LOCK TABLES `5kcrm_admin_examine_flow` WRITE;
/*!40000 ALTER TABLE `5kcrm_admin_examine_flow` DISABLE KEYS */;
INSERT INTO `5kcrm_admin_examine_flow` VALUES (1,'普通审批流程',0,'oa_examine',1,'','','',1,1548835446,1548835446,0,1,1566038490,1),(2,'请假审批流程',0,'oa_examine',2,'','','',1,1548835717,1548835717,1,0,0,0),(3,'出差审批流程',0,'oa_examine',3,'','','',1,1549959653,1549959653,1,0,0,0),(4,'加班审批流程',0,'oa_examine',4,'','','',1,1549959653,1549959653,1,0,0,0),(5,'差旅审批流程',0,'oa_examine',5,'','','',1,1549959653,1549959653,1,0,0,0),(6,'借款审批流程',0,'oa_examine',6,'','','',1,1549959653,1549959653,1,0,0,0),(7,'合同审批流程',0,'crm_contract',0,'','','',1,1549959653,1549959653,1,0,0,0),(8,'回款审批流程',0,'crm_receivables',0,'','','',1,1549959653,1549959653,1,0,0,0),(9,'折扣审批流程',1,'crm_contract',0,'','','申请折扣的审批流程',1,1566023773,1566023773,1,0,0,0),(10,'出差审批流程',1,'oa_examine',3,'','','出差审批',1,1566024273,1566024273,1,0,0,0),(11,'请假审批流程',1,'oa_examine',2,'','','请假审批',1,1566024316,1566024316,0,1,1566024356,1),(12,'请假审批流程',1,'oa_examine',2,'','','请假审批',1,1566024356,1566024356,1,0,0,0),(13,'差旅报销流程',1,'oa_examine',5,'','','差旅报销',1,1566038490,1566038490,1,0,0,0);
/*!40000 ALTER TABLE `5kcrm_admin_examine_flow` ENABLE KEYS */;
UNLOCK TABLES;

--
-- Table structure for table `5kcrm_admin_examine_record`
--

DROP TABLE IF EXISTS `5kcrm_admin_examine_record`;
/*!40101 SET @saved_cs_client     = @@character_set_client */;
 SET character_set_client = utf8mb4 ;
CREATE TABLE `5kcrm_admin_examine_record` (
  `record_id` int(11) NOT NULL AUTO_INCREMENT,
  `types` varchar(50) NOT NULL DEFAULT '' COMMENT '类型',
  `types_id` int(11) NOT NULL DEFAULT '0' COMMENT '类型ID',
  `flow_id` int(11) NOT NULL DEFAULT '0' COMMENT '审批流程ID',
  `order_id` int(11) NOT NULL DEFAULT '0' COMMENT '审批排序ID',
  `check_user_id` int(11) NOT NULL DEFAULT '0' COMMENT '审批人ID',
  `check_time` int(11) NOT NULL COMMENT '审批时间',
  `status` tinyint(4) NOT NULL DEFAULT '0' COMMENT '1审核通过0审核失败2撤销',
  `content` varchar(500) NOT NULL DEFAULT '' COMMENT '审核意见',
  `is_end` tinyint(1) NOT NULL DEFAULT '0' COMMENT '审批失效（1标记为无效）',
  PRIMARY KEY (`record_id`)
) ENGINE=InnoDB AUTO_INCREMENT=25 DEFAULT CHARSET=utf8 COMMENT='审批记录表';
/*!40101 SET character_set_client = @saved_cs_client */;

--
-- Dumping data for table `5kcrm_admin_examine_record`
--

LOCK TABLES `5kcrm_admin_examine_record` WRITE;
/*!40000 ALTER TABLE `5kcrm_admin_examine_record` DISABLE KEYS */;
INSERT INTO `5kcrm_admin_examine_record` VALUES (1,'oa_examine',1,10,1,1,1566205674,1,'同意',0),(2,'oa_examine',1,10,2,2,1566359020,1,'同意',0),(3,'oa_examine',10,10,1,1,1566390486,1,'同意',0),(4,'oa_examine',10,10,2,2,1566440981,1,'同意',0),(5,'oa_examine',12,12,1,1,1566483122,1,'同意',0),(6,'oa_examine',2,10,1,1,1566483346,2,'1',0),(7,'oa_examine',3,10,1,1,1566483362,0,'已批',0),(8,'oa_examine',4,10,1,1,1566483371,0,'已批',0),(9,'oa_examine',5,10,1,1,1566483378,0,'已批',0),(10,'oa_examine',6,10,1,1,1566483386,0,'已批',0),(11,'oa_examine',7,10,1,1,1566650408,2,'已批复',0),(12,'oa_examine',8,10,1,1,1566650414,2,'已批复',0),(13,'oa_examine',9,10,1,1,1566650419,2,'已批复',0),(14,'oa_examine',11,13,1,1,1566650448,2,'邮件审批',0),(15,'oa_examine',13,12,1,2,1566801025,1,'同意',0),(16,'oa_examine',12,12,1,2,1566801698,1,'同意',0),(17,'oa_examine',13,12,1,1,1566808898,1,'同意',0),(18,'oa_examine',14,10,1,1,1566925766,1,'同意',0),(19,'oa_examine',14,10,2,2,1567128970,1,'同意',0),(20,'oa_examine',15,10,1,1,1567402067,1,'同意',0),(21,'oa_examine',15,10,2,2,1567402914,1,'同意',0),(22,'oa_examine',16,10,1,1,1567520356,1,'同意',0),(23,'oa_examine',16,10,2,2,1567576272,1,'同意',0),(24,'crm_contract',2,9,1,1,1567756244,0,'金额不对！',0);
/*!40000 ALTER TABLE `5kcrm_admin_examine_record` ENABLE KEYS */;
UNLOCK TABLES;

--
-- Table structure for table `5kcrm_admin_examine_step`
--

DROP TABLE IF EXISTS `5kcrm_admin_examine_step`;
/*!40101 SET @saved_cs_client     = @@character_set_client */;
 SET character_set_client = utf8mb4 ;
CREATE TABLE `5kcrm_admin_examine_step` (
  `step_id` int(11) NOT NULL AUTO_INCREMENT,
  `flow_id` int(11) NOT NULL COMMENT '审批流程ID',
  `status` tinyint(4) NOT NULL DEFAULT '1' COMMENT '1负责人主管，2指定用户（任意一人），3指定用户（多人会签），4上一级审批人主管',
  `user_id` varchar(500) NOT NULL DEFAULT '' COMMENT '审批人ID (使用逗号隔开) ,1,2,',
  `order_id` tinyint(4) NOT NULL DEFAULT '1' COMMENT '排序ID',
  `relation` tinyint(1) NOT NULL DEFAULT '1' COMMENT '审批流程关系（1并2或）',
  `create_time` int(11) NOT NULL COMMENT '创建时间',
  PRIMARY KEY (`step_id`)
) ENGINE=InnoDB AUTO_INCREMENT=10 DEFAULT CHARSET=utf8 COMMENT='审批步骤表';
/*!40101 SET character_set_client = @saved_cs_client */;

--
-- Dumping data for table `5kcrm_admin_examine_step`
--

LOCK TABLES `5kcrm_admin_examine_step` WRITE;
/*!40000 ALTER TABLE `5kcrm_admin_examine_step` DISABLE KEYS */;
INSERT INTO `5kcrm_admin_examine_step` VALUES (1,9,3,',1,',1,1,1566023773),(2,9,2,',2,',2,2,1566023773),(3,10,2,',1,',1,2,1566024273),(4,10,2,',2,',2,2,1566024273),(5,11,2,',1,',1,2,1566024316),(6,11,2,',2,',2,2,1566024316),(7,12,3,',1,2,5,4,',1,1,1566024356),(8,13,2,',1,',1,2,1566038490),(9,13,2,',2,',2,2,1566038490);
/*!40000 ALTER TABLE `5kcrm_admin_examine_step` ENABLE KEYS */;
UNLOCK TABLES;

--
-- Table structure for table `5kcrm_admin_field`
--

DROP TABLE IF EXISTS `5kcrm_admin_field`;
/*!40101 SET @saved_cs_client     = @@character_set_client */;
 SET character_set_client = utf8mb4 ;
CREATE TABLE `5kcrm_admin_field` (
  `field_id` int(11) NOT NULL AUTO_INCREMENT,
  `types` varchar(30) NOT NULL DEFAULT '' COMMENT '分类',
  `types_id` int(11) NOT NULL DEFAULT '0' COMMENT '分类ID（审批等）',
  `field` varchar(50) NOT NULL COMMENT '字段名',
  `name` varchar(50) NOT NULL COMMENT '标识名',
  `form_type` varchar(20) NOT NULL COMMENT '字段类型',
  `default_value` varchar(255) NOT NULL DEFAULT '' COMMENT '默认值',
  `max_length` int(4) NOT NULL DEFAULT '0' COMMENT ' 字数上限',
  `is_unique` tinyint(1) NOT NULL DEFAULT '0' COMMENT '是否唯一（1是，0否）',
  `is_null` tinyint(1) NOT NULL DEFAULT '0' COMMENT '是否必填（1是，0否）',
  `input_tips` varchar(100) NOT NULL DEFAULT '' COMMENT '输入提示',
  `setting` text COMMENT '设置',
  `order_id` int(4) NOT NULL DEFAULT '0' COMMENT '排序ID',
  `operating` tinyint(1) NOT NULL DEFAULT '0' COMMENT '0改删，1改，2删，3无',
  `create_time` int(11) NOT NULL COMMENT '创建时间',
  `update_time` int(11) NOT NULL COMMENT '更新时间',
  `type` int(2) NOT NULL DEFAULT '0' COMMENT '薪资管理 1固定 2增加 3减少',
  `relevant` varchar(50) DEFAULT NULL COMMENT '相关字段名',
  PRIMARY KEY (`field_id`)
) ENGINE=InnoDB AUTO_INCREMENT=111 DEFAULT CHARSET=utf8 COMMENT='自定义字段表';
/*!40101 SET character_set_client = @saved_cs_client */;

--
-- Dumping data for table `5kcrm_admin_field`
--

LOCK TABLES `5kcrm_admin_field` WRITE;
/*!40000 ALTER TABLE `5kcrm_admin_field` DISABLE KEYS */;
INSERT INTO `5kcrm_admin_field` VALUES (1,'',0,'create_user_id','创建人','user','',0,0,0,'','',99,3,1553788800,1553788800,0,NULL),(2,'',0,'update_time','更新时间','datetime','',0,0,0,'','',100,3,1553788800,1553788800,0,NULL),(3,'',0,'create_time','创建时间','datetime','',0,0,0,'','',101,3,1553788800,1553788800,0,NULL),(4,'',0,'owner_user_id','负责人','user','',0,0,0,'','',102,3,1553788800,1553788800,0,NULL),(5,'crm_leads',0,'name','线索名称','text','',0,1,1,'','',1,1,1553788800,1565877940,0,''),(6,'crm_leads',0,'source','线索来源','select','个人资源',0,0,0,'','个人资源\n邮件咨询\n电话咨询\n公司资源\n预约上门\n陌拜\n促销活动\n搜索引擎\n广告\n转介绍\n线上注册\n线上询价\n招商资源\n展会资源',2,1,1553788800,1565877940,0,''),(7,'crm_leads',0,'telephone','电话','text','',0,0,0,'','',3,1,1553788800,1565877940,0,''),(8,'crm_leads',0,'mobile','手机','mobile','',0,1,0,'','',4,1,1553788800,1565877940,0,''),(9,'crm_leads',0,'industry','客户行业','select','IT/通信/电子/互联网',0,0,0,'','生产\n研发\n培训\n其他',5,1,1553788800,1565877940,0,''),(10,'crm_leads',0,'level','客户级别','select','',0,0,0,'','A（重点客户）\nB（普通客户）\nC（非优先客户）',6,1,1553788800,1565877941,0,''),(11,'crm_leads',0,'detail_address','地址','text','',0,0,0,'','',7,1,1553788800,1565877941,0,''),(12,'crm_leads',0,'next_time','下次联系时间','datetime','',0,0,0,'','',8,1,1553788800,1565877941,0,''),(13,'crm_leads',0,'remark','备注','textarea','',0,0,0,'','',9,1,1553788800,1565877941,0,''),(14,'crm_customer',0,'name','客户名称','text','',0,1,1,'','',1,1,1553788800,1566651060,0,''),(15,'crm_customer',0,'level','客户级别','select','',0,0,0,'','A（重点客户）\nB（普通客户）\nC（非优先客户）',3,1,1553788800,1566651060,0,''),(16,'crm_customer',0,'industry','客户行业','select','',0,0,0,'','生产\n研发\n培训\n代理商',4,1,1553788800,1566651060,0,''),(17,'crm_customer',0,'source','客户来源','select','',0,0,0,'','搜索引擎\n广告\n转介绍\n线上注册\n线上询价\n预约上门\n陌拜\n公司资源\n展会资源\n个人资源\n电话咨询\n邮件咨询',6,1,1553788800,1566651060,0,''),(18,'crm_customer',0,'deal_status','成交状态','select','未成交',0,0,1,'','未成交\n已成交',7,3,1553788800,1566651060,0,''),(19,'crm_customer',0,'telephone','电话','text','',0,0,0,'','',10,1,1553788800,1566651060,0,''),(20,'crm_customer',0,'website','网址','text','',0,0,0,'','',11,1,1553788800,1566651060,0,''),(21,'crm_customer',0,'next_time','下次联系时间','datetime','',0,0,0,'','',12,1,1553788800,1566651060,0,''),(22,'crm_customer',0,'remark','备注','textarea','',0,0,0,'','',13,1,1553788800,1566651060,0,''),(23,'crm_contacts',0,'name','姓名','text','',0,0,1,'','',1,1,1553788800,1566309968,0,''),(24,'crm_contacts',0,'customer_id','客户名称','customer','',0,0,1,'','',2,3,1553788800,1566309968,0,''),(25,'crm_contacts',0,'mobile','手机','mobile','',0,0,1,'','',3,1,1553788800,1566309968,0,''),(26,'crm_contacts',0,'telephone','电话','text','',0,0,0,'','',4,1,1553788800,1566309968,0,''),(27,'crm_contacts',0,'email','电子邮箱','email','',0,0,1,'','',5,1,1553788800,1566309968,0,''),(28,'crm_contacts',0,'decision','是否关键决策人','select','',0,0,0,'','是\n否',6,1,1553788800,1566309968,0,''),(29,'crm_contacts',0,'post','职务','text','',0,0,0,'','',8,1,1553788800,1566309968,0,''),(30,'crm_contacts',0,'sex','性别','select','',0,0,0,'','男\n女',9,1,1553788800,1566309968,0,''),(31,'crm_contacts',0,'detail_address','地址','text','',0,0,0,'','',10,1,1553788800,1566309968,0,''),(32,'crm_contacts',0,'next_time','下次联系时间','datetime','',0,0,0,'','',11,1,1553788800,1566309968,0,''),(33,'crm_contacts',0,'remark','备注','textarea','',0,0,0,'','',12,1,1553788800,1566309968,0,''),(34,'crm_business',0,'name','商机名称','text','',0,0,1,'','',1,1,1553788800,1565877837,0,''),(35,'crm_business',0,'customer_id','客户名称','customer','',0,0,1,'','',2,3,1553788800,1565877837,0,''),(36,'crm_business',0,'type_id','商机状态组','business_type','',0,0,1,'','',3,3,1553788800,1565877837,0,''),(37,'crm_business',0,'status_id','商机阶段','business_status','',0,0,1,'','',4,3,1553788800,1565877837,0,''),(38,'crm_business',0,'money','商机金额','floatnumber','',0,0,0,'元','',5,3,1553788800,1565877838,0,''),(39,'crm_business',0,'deal_date','预计成交日期','date','',0,0,1,'','',6,3,1553788800,1565877838,0,''),(40,'crm_business',0,'remark','备注','textarea','',0,0,0,'','',7,1,1553788800,1565877838,0,''),(41,'crm_contract',0,'num','合同编号','text','',0,1,1,'','',0,1,1553788800,1553788800,0,NULL),(42,'crm_contract',0,'name','合同名称','text','',0,0,1,'','',0,1,1553788800,1553788800,0,NULL),(43,'crm_contract',0,'customer_id','客户名称','customer','',0,0,1,'','',0,3,1553788800,1553788800,0,NULL),(44,'crm_contract',0,'business_id','商机名称','business','',0,0,0,'','',0,3,1553788800,1553788800,0,NULL),(45,'crm_contract',0,'order_date','下单时间','date','',0,0,0,'','',0,1,1553788800,1553788800,0,NULL),(46,'crm_contract',0,'money','合同金额','floatnumber','',0,0,1,'元','',0,1,1553788800,1553788800,0,NULL),(47,'crm_contract',0,'start_time','合同开始时间','date','',0,0,0,'','',0,3,1553788800,1553788800,0,NULL),(48,'crm_contract',0,'end_time','合同到期时间','date','',0,0,0,'','',0,3,1553788800,1553788800,0,NULL),(49,'crm_contract',0,'contacts_id','客户签约人','contacts','',0,0,0,'','',0,3,1553788800,1553788800,0,NULL),(50,'crm_contract',0,'order_user_id','公司签约人','user','',0,0,0,'','',0,3,1553788800,1553788800,0,NULL),(51,'crm_contract',0,'remark','备注','textarea','',0,0,0,'','',0,1,1553788800,1553788800,0,NULL),(52,'crm_receivables',0,'number','回款编号','text','',0,1,1,'','',0,3,1553788800,1553788800,0,NULL),(53,'crm_receivables',0,'customer_id','客户名称','customer','',0,0,1,'','',0,3,1553788800,1553788800,0,NULL),(54,'crm_receivables',0,'contract_id','合同编号','contract','',0,0,1,'','',0,3,1553788800,1553788800,0,NULL),(55,'crm_receivables',0,'return_time','回款日期','date','',0,0,1,'','',0,3,1553788800,1553788800,0,NULL),(56,'crm_receivables',0,'return_type','回款方式','select','',0,0,1,'','支票\n现金\n邮政汇款\n电汇\n网上转账\n支付宝\n微信支付\n其他',0,3,1553788800,1553788800,0,NULL),(57,'crm_receivables',0,'money','回款金额','floatnumber','',0,0,1,'元','',0,3,1553788800,1553788800,0,NULL),(58,'crm_receivables',0,'plan_id','期数','receivables_plan','',0,0,0,'','',0,3,1553788800,1553788800,0,NULL),(59,'crm_receivables',0,'remark','备注','textarea','',0,0,0,'','',0,1,1553788800,1553788800,0,NULL),(60,'crm_product',0,'name','产品名称','text','',0,0,1,'','',1,1,1553788800,1566282771,0,''),(61,'crm_product',0,'category_id','产品类别','category','',0,0,1,'','',2,3,1553788800,1566282772,0,''),(62,'crm_product',0,'num','产品编码','text','',0,0,1,'','',3,3,1553788800,1566282772,0,''),(63,'crm_product',0,'status','是否上架','select','上架',0,0,1,'','上架\n下架',4,3,1553788800,1566282772,0,''),(64,'crm_product',0,'unit','单位','select','套',0,0,1,'','套\n次\n台',5,1,1553788800,1566282772,0,''),(65,'crm_product',0,'price','报价金额','floatnumber','',0,0,1,'元','',6,1,1553788800,1566282772,0,''),(66,'crm_product',0,'description','产品描述','text','',0,0,0,'','',7,1,1553788800,1566282772,0,''),(67,'oa_examine',1,'content','审批内容','text','',0,0,1,'','',0,3,1553788800,1553788800,0,NULL),(68,'oa_examine',1,'remark','备注','textarea','',0,0,0,'','',0,3,1553788800,1553788800,0,NULL),(69,'oa_examine',2,'type_id','请假类型','select','',0,0,1,'','年假\n事假\n病假\n产假\n调休\n婚假\n丧假\n其他',0,3,1553788800,1553788800,0,NULL),(70,'oa_examine',2,'content','审批内容','text','',0,0,1,'','',0,3,1553788800,1553788800,0,NULL),(71,'oa_examine',2,'start_time','开始时间','datetime','',0,0,1,'','',0,3,1553788800,1553788800,0,NULL),(72,'oa_examine',2,'end_time','结束时间','datetime','',0,0,1,'','',0,3,1553788800,1553788800,0,NULL),(73,'oa_examine',2,'duration','时长(天)','floatnumber','',0,0,1,'','',0,3,1553788800,1553788800,0,NULL),(74,'oa_examine',2,'remark','备注','textarea','',0,0,0,'','',0,3,1553788800,1553788800,0,NULL),(75,'oa_examine',3,'content','出差事由','text','',0,0,1,'','',0,3,1553788800,1553788800,0,NULL),(76,'oa_examine',3,'remark','备注','textarea','',0,0,0,'','',0,3,1553788800,1553788800,0,NULL),(77,'oa_examine',3,'cause','行程明细','business_cause','',0,0,1,'','',0,3,1553788800,1553788800,0,NULL),(78,'oa_examine',3,'duration','出差总天数','floatnumber','',0,0,1,'','',0,3,1553788800,1553788800,0,NULL),(79,'oa_examine',4,'content','加班原因','text','',0,0,1,'','',0,3,1553788800,1553788800,0,NULL),(80,'oa_examine',4,'start_time','开始时间','datetime','',0,0,1,'','',0,3,1553788800,1553788800,0,NULL),(81,'oa_examine',4,'end_time','结束时间','datetime','',0,0,1,'','',0,3,1553788800,1553788800,0,NULL),(82,'oa_examine',4,'duration','加班总天数','floatnumber','',0,0,1,'','',0,3,1553788800,1553788800,0,NULL),(83,'oa_examine',4,'remark','备注','textarea','',0,0,0,'','',0,3,1553788800,1553788800,0,NULL),(84,'oa_examine',5,'content','差旅事由','text','',0,0,1,'','',0,3,1553788800,1553788800,0,NULL),(85,'oa_examine',5,'cause','费用明细','examine_cause','',0,0,1,'','',0,3,1553788800,1553788800,0,NULL),(86,'oa_examine',5,'money','报销总金额','floatnumber','',0,0,1,'','',0,3,1553788800,1553788800,0,NULL),(87,'oa_examine',5,'remark','备注','textarea','',0,0,0,'','',0,3,1553788800,1553788800,0,NULL),(88,'oa_examine',6,'content','借款事由','text','',0,0,1,'','',0,3,1553788800,1553788800,0,NULL),(89,'oa_examine',6,'money','借款金额（元）','floatnumber','',0,0,1,'','',0,3,1553788800,1553788800,0,NULL),(90,'oa_examine',6,'remark','备注','textarea','',0,0,0,'','',0,3,1553788800,1553788800,0,NULL),(91,'crm_receivables_plan',0,'customer_id','客户名称','customer','',0,0,1,'','',0,3,1553788800,1553788800,0,NULL),(92,'crm_receivables_plan',0,'contract_id','合同编号','contract','',0,0,1,'','',0,3,1553788800,1553788800,0,NULL),(93,'crm_receivables_plan',0,'money','计划回款金额','floatnumber','',0,0,1,'','',0,3,1553788800,1553788800,0,NULL),(94,'crm_receivables_plan',0,'return_date','计划回款日期','date','',0,0,1,'','',0,3,1553788800,1553788800,0,NULL),(95,'crm_receivables_plan',0,'return_type','计划回款方式','select','',0,0,1,'','支票\n现金\n邮政汇款\n电汇\n网上转账\n支付宝\n微信支付\n其他\n在线支付\n线下支付\n预存款\n返利\n预存款+返利',0,3,1553788800,1553788800,0,NULL),(96,'crm_receivables_plan',0,'remind','提前几日提醒','number','',0,0,0,'','',0,3,1553788800,1553788800,0,NULL),(97,'crm_receivables_plan',0,'remark','备注','textarea','',0,0,0,'','',0,1,1553788800,1553788800,0,NULL),(98,'crm_receivables_plan',0,'file','附件','file','',0,0,0,'','',0,1,1553788800,1553788800,0,NULL),(99,'crm_customer',0,'mobile','手机','mobile','',0,0,1,'','',9,1,1553788800,1566651060,0,''),(100,'crm_customer',0,'crm_dkqyzy','所属部门','select','产品事业部',0,0,1,'','产品事业部\n培训部\n食品部',5,0,1565850023,1566651060,0,''),(102,'crm_customer',0,'crm_xqjlyw','省份','text','',0,0,1,'',NULL,2,0,1565880584,1566651060,0,''),(104,'crm_customer',0,'crm_bzhouh','联系人','text','',0,0,1,'',NULL,8,0,1566047121,1566651060,0,''),(105,'crm_product',0,'crm_ocgkro','单行文本','text','',0,0,0,'',NULL,8,0,1566217717,1566282772,0,''),(106,'crm_product',0,'crm_rjpyfk','产品事业部','structure','',0,0,0,'',NULL,9,0,1566217718,1566282772,0,''),(107,'crm_product',0,'crm_ljoxkk','单行文本','text','',0,0,0,'',NULL,10,0,1566217718,1566282772,0,''),(108,'crm_product',0,'crm_xtxtlu','数字','number','',0,0,0,'',NULL,11,0,1566217718,1566282772,0,''),(109,'crm_product',0,'crm_ynuyok','数字','number','',0,0,0,'',NULL,12,0,1566262957,1566282772,0,''),(110,'crm_contacts',0,'crm_qbtleb','部门','structure','',0,0,0,'',NULL,7,0,1566309968,1566309968,0,NULL);
/*!40000 ALTER TABLE `5kcrm_admin_field` ENABLE KEYS */;
UNLOCK TABLES;

--
-- Table structure for table `5kcrm_admin_file`
--

DROP TABLE IF EXISTS `5kcrm_admin_file`;
/*!40101 SET @saved_cs_client     = @@character_set_client */;
 SET character_set_client = utf8mb4 ;
CREATE TABLE `5kcrm_admin_file` (
  `file_id` int(11) NOT NULL AUTO_INCREMENT,
  `types` varchar(20) NOT NULL COMMENT '类型（file、img）',
  `name` varchar(100) NOT NULL COMMENT '附件名称',
  `save_name` varchar(500) NOT NULL COMMENT '保存路径名称',
  `size` int(10) NOT NULL COMMENT '附件大小（字节）',
  `create_user_id` int(10) NOT NULL COMMENT '创建人ID',
  `create_time` int(11) NOT NULL COMMENT '创建时间',
  `file_path` varchar(500) NOT NULL COMMENT '文件路径',
  `file_path_thumb` varchar(500) NOT NULL DEFAULT '' COMMENT '文件路径(图片缩略图)',
  PRIMARY KEY (`file_id`)
) ENGINE=InnoDB AUTO_INCREMENT=3 DEFAULT CHARSET=utf8 COMMENT='附件表';
/*!40101 SET character_set_client = @saved_cs_client */;

--
-- Dumping data for table `5kcrm_admin_file`
--

LOCK TABLES `5kcrm_admin_file` WRITE;
/*!40000 ALTER TABLE `5kcrm_admin_file` DISABLE KEYS */;
INSERT INTO `5kcrm_admin_file` VALUES (1,'file','滴滴电子发票.pdf','20190821/4d1e606a2fa45433355c2c41a36c929b.pdf',41659,9,1566368379,'.\\public\\uploads\\20190821/4d1e606a2fa45433355c2c41a36c929b.pdf',''),(2,'file','滴滴电子发票 (1).pdf','20190821/251d345851007e4ad097a53ecbe7d767.pdf',41601,9,1566368392,'.\\public\\uploads\\20190821/251d345851007e4ad097a53ecbe7d767.pdf','');
/*!40000 ALTER TABLE `5kcrm_admin_file` ENABLE KEYS */;
UNLOCK TABLES;

--
-- Table structure for table `5kcrm_admin_group`
--

DROP TABLE IF EXISTS `5kcrm_admin_group`;
/*!40101 SET @saved_cs_client     = @@character_set_client */;
 SET character_set_client = utf8mb4 ;
CREATE TABLE `5kcrm_admin_group` (
  `id` int(11) NOT NULL AUTO_INCREMENT,
  `pid` tinyint(4) NOT NULL COMMENT '分类1管理角色2客户管理角色3人事角色4财务角色5项目角色0自定义角色',
  `title` varchar(100) NOT NULL COMMENT '名称',
  `rules` varchar(2000) NOT NULL DEFAULT '' COMMENT '规则',
  `remark` varchar(100) NOT NULL DEFAULT '' COMMENT '备注',
  `status` tinyint(3) DEFAULT '1' COMMENT '1启用0禁用',
  `type` tinyint(1) NOT NULL DEFAULT '1' COMMENT '1本人，2本人及下属，3本部门，4本部门及下属部门，5全部 ',
  `types` tinyint(4) NOT NULL DEFAULT '0' COMMENT '1超级管理员2系统设置管理员3部门与员工管理员4审批流管理员5工作台管理员6客户管理员7项目管理员8公告管理员',
  `system` tinyint(4) NOT NULL DEFAULT '0' COMMENT '系统角色',
  PRIMARY KEY (`id`)
) ENGINE=InnoDB AUTO_INCREMENT=14 DEFAULT CHARSET=utf8 COMMENT='角色表';
/*!40101 SET character_set_client = @saved_cs_client */;

--
-- Dumping data for table `5kcrm_admin_group`
--

LOCK TABLES `5kcrm_admin_group` WRITE;
/*!40000 ALTER TABLE `5kcrm_admin_group` DISABLE KEYS */;
INSERT INTO `5kcrm_admin_group` VALUES (1,1,'超级管理员角色','','超级管理员角色',1,1,1,0),(2,1,'系统设置管理员','','系统设置管理员',1,1,2,0),(3,1,'部门与员工管理员','','部门与员工管理员',1,1,3,0),(4,1,'审批流管理员','','审批流管理员',1,1,4,0),(5,1,'工作台管理员','','工作台管理员',1,1,5,0),(6,1,'客户管理员','','客户管理员',1,1,6,0),(7,1,'公告管理员','','公告管理员',1,1,8,0),(8,2,'销售员角色',',3,4,5,6,7,11,12,13,14,15,18,19,21,23,24,25,26,28,30,33,35,36,37,38,40,41,43,44,45,46,48,49,51,52,53,54,59,60,1,2,10,22,29,34,42,50,56,','',1,1,0,0),(9,4,'财务角色',',43,44,45,46,48,51,52,53,54,1,42,50,67,68,62,','',1,5,0,0),(10,2,'销售经理角色',',3,4,5,6,7,73,74,11,12,13,14,15,18,19,20,21,23,24,25,26,27,28,81,30,32,33,35,36,37,38,40,41,43,44,45,46,48,49,51,52,53,54,57,58,59,60,61,83,1,2,10,22,29,34,42,50,56,62,63,64,65,66,67,68,69,70,71,72,','',1,2,0,0),(11,1,'项目管理员','','项目管理员',1,1,7,0),(12,5,'编辑',',88,94,91,92,86,90,','成员初始加入时默认享有的权限,可修改权限范围',1,0,7,1),(13,5,'只读','','项目只读角色',1,0,0,0);
/*!40000 ALTER TABLE `5kcrm_admin_group` ENABLE KEYS */;
UNLOCK TABLES;

--
-- Table structure for table `5kcrm_admin_menu`
--

DROP TABLE IF EXISTS `5kcrm_admin_menu`;
/*!40101 SET @saved_cs_client     = @@character_set_client */;
 SET character_set_client = utf8mb4 ;
CREATE TABLE `5kcrm_admin_menu` (
  `id` int(11) NOT NULL AUTO_INCREMENT COMMENT '菜单ID',
  `pid` int(11) DEFAULT '0' COMMENT '上级菜单ID',
  `title` varchar(32) NOT NULL DEFAULT '' COMMENT '菜单名称',
  `url` varchar(127) NOT NULL DEFAULT '' COMMENT '链接地址',
  `icon` varchar(64) NOT NULL DEFAULT '' COMMENT '图标',
  `menu_type` tinyint(4) NOT NULL COMMENT '菜单类型',
  `sort` tinyint(4) DEFAULT '0' COMMENT '排序（同级有效）',
  `status` tinyint(4) DEFAULT '1' COMMENT '状态',
  `rule_id` int(11) NOT NULL COMMENT '权限id',
  `module` varchar(50) NOT NULL,
  PRIMARY KEY (`id`)
) ENGINE=InnoDB AUTO_INCREMENT=10 DEFAULT CHARSET=utf8 COMMENT='后台菜单表';
/*!40101 SET character_set_client = @saved_cs_client */;

--
-- Dumping data for table `5kcrm_admin_menu`
--

LOCK TABLES `5kcrm_admin_menu` WRITE;
/*!40000 ALTER TABLE `5kcrm_admin_menu` DISABLE KEYS */;
INSERT INTO `5kcrm_admin_menu` VALUES (1,0,'CRM模块','','',0,0,1,1,'crm'),(2,1,'线索','','',0,0,1,2,'leads'),(3,1,'客户','','',0,0,1,10,'customer'),(4,1,'联系人','','',0,0,1,22,'contacts'),(5,1,'公海','','',0,0,1,29,'pool'),(6,1,'商机','','',0,0,1,34,'business'),(7,1,'合同','','',0,0,1,42,'contract'),(8,1,'回款','','',0,0,1,50,'receivables'),(9,1,'产品','','',0,0,1,56,'product');
/*!40000 ALTER TABLE `5kcrm_admin_menu` ENABLE KEYS */;
UNLOCK TABLES;

--
-- Table structure for table `5kcrm_admin_message`
--

DROP TABLE IF EXISTS `5kcrm_admin_message`;
/*!40101 SET @saved_cs_client     = @@character_set_client */;
 SET character_set_client = utf8mb4 ;
CREATE TABLE `5kcrm_admin_message` (
  `message_id` int(11) NOT NULL AUTO_INCREMENT,
  `to_user_id` int(10) NOT NULL COMMENT '接收人ID',
  `from_user_id` int(10) NOT NULL COMMENT '发送人ID',
  `content` varchar(500) NOT NULL COMMENT '发送内容',
  `send_time` int(11) NOT NULL COMMENT '发送时间',
  `read_time` int(11) NOT NULL COMMENT '阅读时间',
  `module_name` varchar(30) NOT NULL COMMENT '模块',
  `controller_name` varchar(30) NOT NULL COMMENT '控制器',
  `action_name` varchar(30) NOT NULL COMMENT '方法',
  `action_id` int(11) NOT NULL COMMENT '操作ID',
  PRIMARY KEY (`message_id`)
) ENGINE=InnoDB AUTO_INCREMENT=184 DEFAULT CHARSET=utf8 COMMENT='站内信';
/*!40101 SET character_set_client = @saved_cs_client */;

--
-- Dumping data for table `5kcrm_admin_message`
--

LOCK TABLES `5kcrm_admin_message` WRITE;
/*!40000 ALTER TABLE `5kcrm_admin_message` DISABLE KEYS */;
INSERT INTO `5kcrm_admin_message` VALUES (1,1,0,'管理员提交了合同【1111】,需要您审批',1565881041,0,'crm','contract','save',1),(2,3,3,'张碧兰新建了任务《技术老师每周工作情况及销售下周项目安排计划表》',1565931263,0,'work','task','save',1),(3,3,3,'张碧兰将任务《技术老师每周工作情况及销售下周项目安排计划表》标记结束',1565931301,0,'work','task','taskover',1),(4,3,3,'张碧兰将任务《技术老师每周工作情况及销售下周项目安排计划表》标记结束',1565931314,0,'work','task','taskover',1),(5,3,3,'张碧兰新建了任务《DAS、DBS项目计划书》',1565931442,0,'work','task','save',1),(6,1,0,'胡朝洋提交的【出差审批】,需要您审批',1566198317,0,'oa','examine','save',1),(7,1,0,'胡朝洋提交的【差旅报销】,需要您审批',1566368803,0,'oa','examine','save',11),(8,1,0,'梅宇竣提交的【请假审批】,需要您审批',1566441840,0,'oa','examine','save',12),(9,2,0,'梅宇竣提交的【请假审批】,需要您审批',1566441840,0,'oa','examine','save',12),(10,5,0,'梅宇竣提交的【请假审批】,需要您审批',1566441841,0,'oa','examine','save',12),(11,4,0,'梅宇竣提交的【请假审批】,需要您审批',1566441841,0,'oa','examine','save',12),(12,1,11,'创建了工作日志',1566615413,0,'oa','log','save',1),(13,2,11,'创建了工作日志',1566615413,0,'oa','log','save',1),(14,35,11,'创建了工作日志',1566615413,0,'oa','log','save',1),(15,6,0,'竭友创建了公告【DBS推广】,请及时查看',1566653329,0,'oa','announcement','save',1),(16,7,0,'竭友创建了公告【DBS推广】,请及时查看',1566653329,0,'oa','announcement','save',1),(17,8,0,'竭友创建了公告【DBS推广】,请及时查看',1566653329,0,'oa','announcement','save',1),(18,9,0,'竭友创建了公告【DBS推广】,请及时查看',1566653329,0,'oa','announcement','save',1),(19,10,0,'竭友创建了公告【DBS推广】,请及时查看',1566653329,0,'oa','announcement','save',1),(20,11,0,'竭友创建了公告【DBS推广】,请及时查看',1566653329,0,'oa','announcement','save',1),(21,12,0,'竭友创建了公告【DBS推广】,请及时查看',1566653329,0,'oa','announcement','save',1),(22,14,0,'竭友创建了公告【DBS推广】,请及时查看',1566653329,0,'oa','announcement','save',1),(23,30,0,'竭友创建了公告【DBS推广】,请及时查看',1566653329,0,'oa','announcement','save',1),(24,31,0,'竭友创建了公告【DBS推广】,请及时查看',1566653329,0,'oa','announcement','save',1),(25,32,0,'竭友创建了公告【DBS推广】,请及时查看',1566653329,0,'oa','announcement','save',1),(26,34,0,'竭友创建了公告【DBS推广】,请及时查看',1566653329,0,'oa','announcement','save',1),(27,2,1,'创建了工作日志',1566741286,0,'oa','log','save',1),(28,4,1,'创建了工作日志',1566741286,0,'oa','log','save',1),(29,5,1,'创建了工作日志',1566741286,0,'oa','log','save',1),(30,8,1,'创建了工作日志',1566741286,0,'oa','log','save',1),(31,9,1,'创建了工作日志',1566741286,0,'oa','log','save',1),(32,1,0,'胡震山提交的【请假审批】,需要您审批',1566785618,0,'oa','examine','save',13),(33,2,0,'胡震山提交的【请假审批】,需要您审批',1566785618,0,'oa','examine','save',13),(34,5,0,'胡震山提交的【请假审批】,需要您审批',1566785618,0,'oa','examine','save',13),(35,4,0,'胡震山提交的【请假审批】,需要您审批',1566785618,0,'oa','examine','save',13),(36,11,0,'竭友将客户《青岛华迈士药业有限公司》,分配给您',1567002428,0,'crm','customer','distribute',152),(37,11,0,'竭友将客户《青岛益青生物科技有限公司》,分配给您',1567002428,0,'crm','customer','distribute',153),(38,11,0,'竭友将客户《青岛康源药业有限公司》,分配给您',1567002428,0,'crm','customer','distribute',154),(39,11,0,'竭友将客户《青岛双鲸药业有限公司》,分配给您',1567002428,0,'crm','customer','distribute',155),(40,11,0,'竭友将客户《青岛九龙生物》,分配给您',1567002428,0,'crm','customer','distribute',156),(41,11,0,'竭友将客户《青岛海汇生物》,分配给您',1567002429,0,'crm','customer','distribute',157),(42,11,0,'竭友将客户《青岛黄海制药有限公司》,分配给您',1567002429,0,'crm','customer','distribute',160),(43,11,0,'竭友将客户《扶桑帝药》,分配给您',1567002429,0,'crm','customer','distribute',161),(44,11,0,'竭友将客户《青岛红蝶新材料有限公司》,分配给您',1567002429,0,'crm','customer','distribute',162),(45,11,0,'竭友将客户《青岛康尔健中药》,分配给您',1567002429,0,'crm','customer','distribute',163),(46,11,0,'竭友将客户《正大制药（青岛）有限公司》,分配给您',1567002429,0,'crm','customer','distribute',164),(47,11,0,'竭友将客户《青岛鸿德盛中药》,分配给您',1567002429,0,'crm','customer','distribute',168),(48,11,0,'竭友将客户《青岛国大制药有限公司》,分配给您',1567002429,0,'crm','customer','distribute',169),(49,11,0,'竭友将客户《青岛国大生物制药股份有限公司》,分配给您',1567002429,0,'crm','customer','distribute',170),(50,11,0,'竭友将客户《青岛东海药业有限公司》,分配给您',1567002429,0,'crm','customer','distribute',171),(51,11,0,'竭友将客户《青岛杰华生物》,分配给您',1567002429,0,'crm','customer','distribute',172),(52,11,0,'竭友将客户《大连华立德泽药业》,分配给您',1567002429,0,'crm','customer','distribute',189),(53,11,0,'竭友将客户《大连金石滩药业》,分配给您',1567002429,0,'crm','customer','distribute',190),(54,11,0,'竭友将客户《大连奥泰药业股份有限公司》,分配给您',1567002429,0,'crm','customer','distribute',193),(55,11,0,'竭友将客户《大连华立金港药业有限公司》,分配给您',1567002429,0,'crm','customer','distribute',194),(56,30,0,'竭友将客户《辽宁东方人药业有限公司》,分配给您',1567002477,0,'crm','customer','distribute',280),(57,30,0,'竭友将客户《辽宁格瑞仕特生物制药有限公司》,分配给您',1567002477,0,'crm','customer','distribute',295),(58,30,0,'竭友将客户《大连雅立峰生物制药有限公司》,分配给您',1567002477,0,'crm','customer','distribute',329),(59,11,0,'竭友将客户《青岛明月海藻集团有限公司》,分配给您',1567002619,0,'crm','customer','distribute',165),(60,11,0,'竭友将客户《青岛聚大洋藻业有限公司》,分配给您',1567002619,0,'crm','customer','distribute',166),(61,11,0,'竭友将客户《青岛百洋制药有限公司》,分配给您',1567002619,0,'crm','customer','distribute',167),(62,8,0,'竭友将客户《湖北汇中制药有限公司》,分配给您',1567002824,0,'crm','customer','distribute',122),(63,8,0,'竭友将客户《沈阳康芝制药》,分配给您',1567002824,0,'crm','customer','distribute',223),(64,7,0,'竭友将客户《双鹤药业》,分配给您',1567003023,0,'crm','customer','distribute',300),(65,7,0,'竭友将客户《河北康博药业有限公司》,分配给您',1567005259,0,'crm','customer','distribute',402),(66,7,0,'竭友将客户《定州市燕都药业有限责任公司》,分配给您',1567005259,0,'crm','customer','distribute',403),(67,7,0,'竭友将客户《河北君临药业有限公司》,分配给您',1567005259,0,'crm','customer','distribute',404),(68,7,0,'竭友将客户《河北巨龙药业有限责任公司》,分配给您',1567005260,0,'crm','customer','distribute',405),(69,7,0,'竭友将客户《葵花药业集团（衡水）得菲尔有限公司》,分配给您',1567005298,0,'crm','customer','distribute',406),(70,7,0,'竭友将客户《河北赛克药业有限公司》,分配给您',1567005298,0,'crm','customer','distribute',407),(71,7,0,'竭友将客户《精晶药业股份有限公司》,分配给您',1567005298,0,'crm','customer','distribute',408),(72,7,0,'竭友将客户《河北御芝林药业有限公司》,分配给您',1567005298,0,'crm','customer','distribute',409),(73,7,0,'竭友将客户《河北国金药业有限责任公司》,分配给您',1567005298,0,'crm','customer','distribute',410),(74,7,0,'竭友将客户《河北万邦复临药业有限公司》,分配给您',1567005298,0,'crm','customer','distribute',411),(75,7,0,'竭友将客户《河北玉星生物工程股份有限公司》,分配给您',1567005298,0,'crm','customer','distribute',412),(76,7,0,'竭友将客户《河北恒利集团制药股份有限公司》,分配给您',1567005298,0,'crm','customer','distribute',413),(77,7,0,'竭友将客户《河北隆年堂药业有限公司》,分配给您',1567005298,0,'crm','customer','distribute',414),(78,7,0,'竭友将客户《河北金兴制药厂》,分配给您',1567005298,0,'crm','customer','distribute',415),(79,7,0,'竭友将客户《河北通络药业有限公司》,分配给您',1567005298,0,'crm','customer','distribute',416),(80,7,0,'竭友将客户《河北恒祥医药集团扁鹊制药有限公司》,分配给您',1567005299,0,'crm','customer','distribute',417),(81,7,0,'竭友将客户《河北甘泉药业有限公司》,分配给您',1567005299,0,'crm','customer','distribute',418),(82,7,0,'竭友将客户《河北爱普制药有限公司》,分配给您',1567005299,0,'crm','customer','distribute',428),(83,7,0,'竭友将客户《石家庄龙泽制药股份有限公司》,分配给您',1567005299,0,'crm','customer','distribute',429),(84,7,0,'竭友将客户《河北欣港药业有限公司》,分配给您',1567005299,0,'crm','customer','distribute',430),(85,7,0,'竭友将客户《石家庄中硕制药有限公司》,分配给您',1567005299,0,'crm','customer','distribute',431),(86,7,0,'竭友将客户《石家庄市普力制药有限公司》,分配给您',1567005299,0,'crm','customer','distribute',432),(87,7,0,'竭友将客户《河北山姆士药业有限公司》,分配给您',1567005299,0,'crm','customer','distribute',433),(88,7,0,'竭友将客户《石家庄格瑞药业有限公司》,分配给您',1567005299,0,'crm','customer','distribute',434),(89,7,0,'竭友将客户《河北瑞生药业有限公司》,分配给您',1567005299,0,'crm','customer','distribute',435),(90,7,0,'竭友将客户《石家庄北方药业有限公司》,分配给您',1567005299,0,'crm','customer','distribute',436),(91,7,0,'竭友将客户《河北爱尔海泰制药有限公司》,分配给您',1567005299,0,'crm','customer','distribute',437),(92,7,0,'竭友将客户《石家庄东方药业股份有限公司》,分配给您',1567005299,0,'crm','customer','distribute',438),(93,7,0,'竭友将客户《河北圣雪大成制药有限责任公司》,分配给您',1567005299,0,'crm','customer','distribute',439),(94,7,0,'竭友将客户《石家庄亚昌药业有限公司》,分配给您',1567005299,0,'crm','customer','distribute',440),(95,7,0,'竭友将客户《石家庄华鹏药业有限公司》,分配给您',1567005299,0,'crm','customer','distribute',441),(96,7,0,'竭友将客户《石家庄隆大福生物药业有限公司》,分配给您',1567005299,0,'crm','customer','distribute',442),(97,7,0,'竭友将客户《河北生命原点生物科技有限公司》,分配给您',1567005299,0,'crm','customer','distribute',443),(98,7,0,'竭友将客户《石家庄康贺威药业有限公司》,分配给您',1567005299,0,'crm','customer','distribute',444),(99,7,0,'竭友将客户《河北联合制药有限公司》,分配给您',1567005299,0,'crm','customer','distribute',445),(100,7,0,'竭友将客户《河北道恩药业有限公司》,分配给您',1567005299,0,'crm','customer','distribute',446),(101,7,0,'竭友将客户《颈复康药业集团有限公司》,分配给您',1567005300,0,'crm','customer','distribute',447),(102,7,0,'竭友将客户《秦皇岛市山海关药业有限责任公司》,分配给您',1567005300,0,'crm','customer','distribute',448),(103,7,0,'竭友将客户《河北祁本堂药业有限公司》,分配给您',1567005300,0,'crm','customer','distribute',449),(104,7,0,'竭友将客户《华北制药秦皇岛有限公司》,分配给您',1567005300,0,'crm','customer','distribute',450),(105,7,0,'竭友将客户《秦皇岛大恩药业有限公司》,分配给您',1567005300,0,'crm','customer','distribute',451),(106,7,0,'竭友将客户《秦皇岛紫竹药业有限公司》,分配给您',1567005300,0,'crm','customer','distribute',452),(107,7,0,'竭友将客户《海润（秦皇岛)有限公司药业》,分配给您',1567005300,0,'crm','customer','distribute',453),(108,7,0,'竭友将客户《秦皇岛百慧制药厂》,分配给您',1567005300,0,'crm','customer','distribute',454),(109,7,0,'竭友将客户《河北亚东制药有限公司》,分配给您',1567005300,0,'crm','customer','distribute',455),(110,7,0,'竭友将客户《圣大（张家口）有限公司》,分配给您',1567005300,0,'crm','customer','distribute',456),(111,7,0,'竭友将客户《神威药业（张家口）有限公司》,分配给您',1567005300,0,'crm','customer','distribute',457),(112,7,0,'竭友将客户《河北亿能普药业有限公司》,分配给您',1567005300,0,'crm','customer','distribute',458),(113,7,0,'竭友将客户《河北凯威制药有限责任公司》,分配给您',1567005300,0,'crm','customer','distribute',459),(114,7,0,'竭友将客户《张家口市张垣中药饮片有限公司》,分配给您',1567005300,0,'crm','customer','distribute',460),(115,12,0,'竭友将客户《广东中昊药业有限公司》,分配给您',1567005334,0,'crm','customer','distribute',349),(116,12,0,'竭友将客户《广东体必重生物科技有限公司》,分配给您',1567005334,0,'crm','customer','distribute',350),(117,12,0,'竭友将客户《广东金城金素制药有限公司》,分配给您',1567005334,0,'crm','customer','distribute',352),(118,12,0,'竭友将客户《广东新韩药业有限公司》,分配给您',1567005334,0,'crm','customer','distribute',353),(119,12,0,'竭友将客户《广东五洲药业有限公司》,分配给您',1567005334,0,'crm','customer','distribute',355),(120,12,0,'竭友将客户《广东体必康生物科技有限公司》,分配给您',1567005334,0,'crm','customer','distribute',356),(121,12,0,'竭友将客户《广州康和药业有限公司》,分配给您',1567005334,0,'crm','customer','distribute',357),(122,12,0,'竭友将客户《广州市志宁药业有限公司》,分配给您',1567005334,0,'crm','customer','distribute',358),(123,12,0,'竭友将客户《华润三九医药股份有限公司》,分配给您',1567005334,0,'crm','customer','distribute',359),(124,12,0,'竭友将客户《广东双林生物制药有限公司》,分配给您',1567005334,0,'crm','customer','distribute',360),(125,12,0,'竭友将客户《广州新济药业》,分配给您',1567005334,0,'crm','customer','distribute',361),(126,12,0,'竭友将客户《广州雅坤空调自控科技有限公司》,分配给您',1567005334,0,'crm','customer','distribute',362),(127,12,0,'竭友将客户《广州优辉康生物科技有限公司》,分配给您',1567005334,0,'crm','customer','distribute',363),(128,12,0,'竭友将客户《深圳太太药业有限公司》,分配给您',1567005334,0,'crm','customer','distribute',364),(129,12,0,'竭友将客户《惠州信立泰药业有限公司》,分配给您',1567005334,0,'crm','customer','distribute',365),(130,12,0,'竭友将客户《广东科伦药业有限公司》,分配给您',1567005334,0,'crm','customer','distribute',366),(131,12,0,'竭友将客户《恩智（广州）医药科技有限公司》,分配给您',1567005334,0,'crm','customer','distribute',367),(132,12,0,'竭友将客户《深圳信立泰药业》,分配给您',1567005334,0,'crm','customer','distribute',368),(133,12,0,'竭友将客户《丽珠集团》,分配给您',1567005334,0,'crm','customer','distribute',369),(134,12,0,'竭友将客户《广州来恩生物医药有限公司》,分配给您',1567005334,0,'crm','customer','distribute',370),(135,12,0,'竭友将客户《惠州大亚制药股份有限公司》,分配给您',1567005334,0,'crm','customer','distribute',371),(136,12,0,'竭友将客户《广州至信中药饮片有限公司》,分配给您',1567005334,0,'crm','customer','distribute',372),(137,12,0,'竭友将客户《广东龙心医疗器械有限公司》,分配给您',1567005335,0,'crm','customer','distribute',374),(138,12,0,'竭友将客户《恒瑞源正（广州）生物科技有限公司》,分配给您',1567005335,0,'crm','customer','distribute',375),(139,12,0,'竭友将客户《佛山英特信创医药科技有限公司》,分配给您',1567005335,0,'crm','customer','distribute',377),(140,12,0,'竭友将客户《广东洛斯特制药有限公司》,分配给您',1567005335,0,'crm','customer','distribute',381),(141,12,0,'竭友将客户《康方生物医药有限公司》,分配给您',1567005335,0,'crm','customer','distribute',382),(142,12,0,'竭友将客户《国药致君（深圳）有限公司》,分配给您',1567005335,0,'crm','customer','distribute',383),(143,12,0,'竭友将客户《广东天普生化医药股份有限公司》,分配给您',1567005335,0,'crm','customer','distribute',384),(144,8,0,'竭友将客户《贵州富华药业有限责任公司》,分配给您',1567005369,0,'crm','customer','distribute',37),(145,8,0,'竭友将客户《贵州汇正制药有限责任公司》,分配给您',1567005369,0,'crm','customer','distribute',38),(146,8,0,'竭友将客户《贵州三泓药业股份有限公司》,分配给您',1567005369,0,'crm','customer','distribute',39),(147,8,0,'竭友将客户《葵花药业集团（贵州）宏奇有限公司》,分配给您',1567005369,0,'crm','customer','distribute',40),(148,8,0,'竭友将客户《贵州德良方药业股份有限公司》,分配给您',1567005369,0,'crm','customer','distribute',41),(149,8,0,'竭友将客户《贵州安顺西秀制药有限责任公司》,分配给您',1567005369,0,'crm','customer','distribute',42),(150,8,0,'竭友将客户《贵州科顿制药有限责任公司》,分配给您',1567005369,0,'crm','customer','distribute',43),(151,8,0,'竭友将客户《贵州民族药业股份有限公司（益佰子公司）》,分配给您',1567005369,0,'crm','customer','distribute',46),(152,30,0,'竭友将客户《哈药集团三精千鹤制药有限公司》,分配给您',1567005404,0,'crm','customer','distribute',322),(153,30,0,'竭友将客户《哈尔滨圣泰生物制药有限公司》,分配给您',1567005404,0,'crm','customer','distribute',386),(154,30,0,'竭友将客户《哈尔滨珍宝制药有限公司》,分配给您',1567005404,0,'crm','customer','distribute',387),(155,30,0,'竭友将客户《哈高科白天鹅药业集团有限公司》,分配给您',1567005404,0,'crm','customer','distribute',388),(156,30,0,'竭友将客户《黑龙江天龙药业有限公司》,分配给您',1567005404,0,'crm','customer','distribute',389),(157,30,0,'竭友将客户《哈尔滨誉衡药业股份有限公司》,分配给您',1567005404,0,'crm','customer','distribute',390),(158,30,0,'竭友将客户《哈尔滨三三药业有限公司 》,分配给您',1567005404,0,'crm','customer','distribute',393),(159,30,0,'竭友将客户《哈尔滨三联药业股份有限公司》,分配给您',1567005404,0,'crm','customer','distribute',394),(160,30,0,'竭友将客户《哈药集团制药总厂》,分配给您',1567005404,0,'crm','customer','distribute',395),(161,30,0,'竭友将客户《哈药集团生物工程有限公司》,分配给您',1567005404,0,'crm','customer','distribute',396),(162,30,0,'竭友将客户《哈尔滨莱博通药业有限公司》,分配给您',1567005404,0,'crm','customer','distribute',397),(163,30,0,'竭友将客户《鸡西天吉达生物科技有限公司》,分配给您',1567005404,0,'crm','customer','distribute',398),(164,30,0,'竭友将客户《黑龙江哈尔滨医大药业有限公司》,分配给您',1567005405,0,'crm','customer','distribute',399),(165,30,0,'竭友将客户《哈尔滨瀚邦医疗科技有限公司》,分配给您',1567005405,0,'crm','customer','distribute',400),(166,30,0,'竭友将客户《哈药集团世一堂制药厂》,分配给您',1567005405,0,'crm','customer','distribute',401),(167,7,0,'竭友将客户《内蒙古奥特奇蒙药股份有限公司金山蒙药厂》,分配给您',1567005465,0,'crm','customer','distribute',419),(168,7,0,'竭友将客户《内蒙古常盛制药有限公司》,分配给您',1567005465,0,'crm','customer','distribute',420),(169,7,0,'竭友将客户《内蒙古金达威药业有限公司》,分配给您',1567005465,0,'crm','customer','distribute',421),(170,7,0,'竭友将客户《内蒙古幕昕药业有限公司》,分配给您',1567005465,0,'crm','customer','distribute',422),(171,7,0,'竭友将客户《内蒙古宇航人药业有限责任公司》,分配给您',1567005465,0,'crm','customer','distribute',423),(172,7,0,'竭友将客户《内蒙古瑞泰药业有限责任公司》,分配给您',1567005466,0,'crm','customer','distribute',424),(173,7,0,'竭友将客户《内蒙古蒙奇药业有限公司》,分配给您',1567005466,0,'crm','customer','distribute',425),(174,7,0,'竭友将客户《内蒙古凯蒙药业有限公司》,分配给您',1567005466,0,'crm','customer','distribute',426),(175,7,0,'竭友将客户《内蒙古康源药业有限公司》,分配给您',1567005466,0,'crm','customer','distribute',180),(176,1,11,'创建了工作日志',1567152500,0,'oa','log','save',1),(177,2,11,'创建了工作日志',1567152500,0,'oa','log','save',1),(178,35,11,'创建了工作日志',1567152500,0,'oa','log','save',1),(179,1,0,'梅宇竣提交的【出差审批】,需要您审批',1567339507,0,'oa','examine','save',15),(180,1,14,'创建了工作日志',1567391582,0,'oa','log','save',1),(181,2,14,'创建了工作日志',1567391582,0,'oa','log','save',1),(182,1,0,'梅宇竣提交了合同【FDA回复指导与质量体系提升项目服务】,需要您审批',1567750122,0,'crm','contract','save',2),(183,14,0,'您的申请【FDA回复指导与质量体系提升项目服务】,竭友已审核拒绝,审核意见：金额不对！',1567756244,0,'crm','contract','check',2);
/*!40000 ALTER TABLE `5kcrm_admin_message` ENABLE KEYS */;
UNLOCK TABLES;

--
-- Table structure for table `5kcrm_admin_record`
--

DROP TABLE IF EXISTS `5kcrm_admin_record`;
/*!40101 SET @saved_cs_client     = @@character_set_client */;
 SET character_set_client = utf8mb4 ;
CREATE TABLE `5kcrm_admin_record` (
  `record_id` int(11) NOT NULL AUTO_INCREMENT,
  `types` varchar(50) NOT NULL COMMENT '关联类型',
  `types_id` int(11) NOT NULL COMMENT '类型ID',
  `content` varchar(1000) NOT NULL COMMENT '跟进内容',
  `category` varchar(30) NOT NULL DEFAULT '' COMMENT '跟进类型',
  `next_time` int(11) NOT NULL DEFAULT '0' COMMENT '下次联系时间',
  `business_ids` varchar(255) NOT NULL DEFAULT '' COMMENT '商机ID',
  `contacts_ids` varchar(255) NOT NULL DEFAULT '' COMMENT '联系人ID',
  `create_time` int(11) NOT NULL COMMENT '创建时间',
  `update_time` int(11) NOT NULL COMMENT '更新时间',
  `create_user_id` int(11) NOT NULL COMMENT '创建人ID',
  UNIQUE KEY `record_id` (`record_id`)
) ENGINE=InnoDB AUTO_INCREMENT=353 DEFAULT CHARSET=utf8 COMMENT='跟进记录';
/*!40101 SET character_set_client = @saved_cs_client */;

--
-- Dumping data for table `5kcrm_admin_record`
--

LOCK TABLES `5kcrm_admin_record` WRITE;
/*!40000 ALTER TABLE `5kcrm_admin_record` DISABLE KEYS */;
INSERT INTO `5kcrm_admin_record` VALUES (1,'crm_customer',2,'联系客户','打电话',1565920800,'','',1565879967,1565879967,32),(2,'crm_customer',3,'明天打电话沟通','打电话',1566057600,'','',1566044716,1566044716,31),(3,'crm_customer',3,'客户告知预算已经批准，正在准备URS，可能找3家来做对比。','打电话',1566093600,'','',1566044772,1566044772,31),(4,'crm_customer',4,'CSV意向','打电话',0,'','',1566047494,1566047494,9),(5,'crm_customer',5,'单机版DMS需求','打电话',0,'','',1566047960,1566047960,9),(6,'crm_customer',13,'预计9月底，10月中成交\n','打电话',0,'','',1566308444,1566308444,14),(7,'crm_customer',16,'等待，等待他们地批下来，化工企业，现在江苏涟水爆炸后不好批地，国家严查，落户山东也不好落。','打电话',0,'','',1566308515,1566308515,14),(8,'crm_customer',17,'等待搬新厂，大概年底搬','打电话',0,'','',1566308538,1566308538,14),(9,'crm_customer',15,'等二期临床上线','打电话',0,'','',1566308552,1566308552,14),(10,'crm_customer',14,'等李总下定决心，现在FDA警告信对于他们咖啡因高端市场影响不大，她们一年进入高端市场还不到10%','打电话',0,'','',1566308597,1566308597,14),(11,'crm_customer',19,'汇康和轩竹都是四环药业的子公司，等12月份产品工艺验证结束再审计','打电话',0,'','',1566308634,1566308634,14),(12,'crm_customer',18,'等万通总部做完，','打电话',0,'','',1566308657,1566308657,14),(13,'crm_business',2,'打电话沟通，','打电话',0,'','',1566309097,1566309097,31),(14,'crm_customer',5,'已汇报领导，领导没有做决定','打电话',0,'','',1566309543,1566309543,9),(15,'crm_customer',9,'已发会员资料给客户','打电话',0,'','',1566309596,1566309596,9),(16,'crm_customer',22,'8月20日拜访的QC负责人，小伙子三十岁，比较好说话，对于验证方面的工作知道要做，但是由于部门花费较大，目前想自已做一个简单的，等到认证以前找第三方做详细的。其实还是在观望当中，最近在联系一下，要一下上级领导的联系一下。还有该负责人建议找他们总部公司，因为他们的验证应该也没做，而且他们是盈利的企业，如果他们要是做了，他就直接找领报批也更硬气一些。','打电话',0,'','',1566311856,1566311856,11),(17,'crm_customer',32,'上及领导还没有批复，他说在催一下   给我回电话','打电话',1567008000,'','',1566439454,1566439454,7),(18,'crm_customer',31,'总部上级领导还没有批下来   下半年计划没有做进来   需要再跟踪','打电话',1567008000,'','',1566439542,1566439542,7),(19,'crm_customer',21,'周一给崔主任把项目计划书发过去，下周一或者本周五联系一下，','打电话',0,'','',1566441516,1566441516,14),(20,'crm_customer',44,'昨天已经把DAS,DBS，CSV，实验室体系建设的项目计划书发给企业，得知曲晶已经离职，目前马纯鑫接替她的工作','打电话',1566871200,'','',1566517783,1566517783,14),(21,'crm_customer',54,'7月2日：CSV已由厂家做。8月9日：单机版6台，都有审计追踪功能，觉得厂家做的比较完善，暂不需要服务，在扩厂建设。','打电话',0,'','',1566568300,1566568300,9),(22,'crm_customer',55,'CSV自己做的不太好，单机版，报价2万，价格嫌贵。','打电话',0,'','',1566568323,1566568323,9),(23,'crm_customer',56,'7月22日：CSV做的不好，单机版1台，报价2万。','打电话',0,'','',1566568418,1566568418,9),(24,'crm_customer',57,'8月2日：单机版3/5台，都有审计追踪功能，集团提供验证技术支持','打电话',0,'','',1566568501,1566568501,9),(25,'crm_customer',58,'7月23日：购进仪器时CSV厂家做了','打电话',0,'','',1566568572,1566568572,9),(26,'crm_customer',59,'8月12日：单机版一台液相，一台气相，都有审计追踪功能，自己做的','打电话',0,'','',1566568639,1566568639,9),(27,'crm_customer',60,'8月5日：自己做的，单机版','打电话',0,'','',1566568724,1566568724,9),(28,'crm_customer',61,'8月2日：CSV没有做，还没有计划','打电话',0,'','',1566568804,1566568804,9),(29,'crm_customer',62,'网络版，暂时不需要验证','打电话',0,'','',1566568941,1566568941,9),(30,'crm_customer',63,'CSV自己做的不好','打电话',0,'','',1566569037,1566569037,9),(31,'crm_customer',64,'7月26日：自己在做。8月9日：与厂家一起做了','打电话',0,'','',1566569100,1566569100,9),(32,'crm_customer',65,'7月30日：CSV已由厂家做','打电话',0,'','',1566569174,1566569174,9),(33,'crm_customer',66,'7月23日：CSV没有做，单机版5/6台都有审计追踪功能，企业在整改。8月6日：仪器升级，厂家给做了液相验证两台','打电话',0,'','',1566569244,1566569244,9),(34,'crm_customer',67,'7月16日：CSV自己在做。8月1日：暂时没有需要。','打电话',0,'','',1566569312,1566569312,9),(36,'crm_customer',70,'7月23日：CSV厂家做了。8月9日：单机版1台液相有审计追踪功能，暂不考虑第三方。','打电话',0,'','',1566569444,1566569444,9),(37,'crm_customer',71,'8月12日：单机版，已签会员服务，等审计后再说','打电话',0,'','',1566569504,1566569504,9),(38,'crm_customer',72,'7月26日：CSV未做，目前没有计划做。8月14日：单机版1台液相，还没有计划','打电话',0,'','',1566569627,1566569627,9),(39,'crm_customer',73,'7月23日：CSV自己在做。','打电话',0,'','',1566569699,1566569699,9),(40,'crm_customer',74,'7月10日：单机版DMS报价3.5万，企业半年会议以后，企业明年过GMP认证，预计会还新的仪器，所以暂不考虑购买软件了','打电话',0,'','',1566569778,1566569778,9),(41,'crm_customer',75,'7月4日：暂时没有CSV方面需求','打电话',0,'','',1566569838,1566569838,9),(42,'crm_customer',76,'8月19日：CSV自己做的，单机版3台都有审计追踪功能','打电话',0,'','',1566569909,1566569909,9),(43,'crm_customer',77,'7月24日：CSV由验证部门负责','打电话',0,'','',1566569994,1566569994,9),(44,'crm_customer',79,'8月14：由集团安排','打电话',0,'','',1566570162,1566570162,9),(45,'crm_customer',80,'7月8日：CSV没有做，需向集团公司汇报才能决定，单机版验证报价2.5万。','打电话',0,'','',1566570221,1566570221,9),(46,'crm_customer',81,'8月14：单机版2/3台，都有审计追踪功能，做的不完善，但益佰集团会提供技术支持（益佰子公司）','打电话',0,'','',1566570300,1566570300,9),(47,'crm_customer',82,'8月1日：CSV没有做，单机版','打电话',0,'','',1566570365,1566570365,9),(48,'crm_customer',83,'7月4日：CSV自己做简单的，如果要请第三方，需集团（神奇制药）那边决定。7月30日：暂时没需求','打电话',0,'','',1566570469,1566570469,9),(49,'crm_customer',84,'8月20日：单机版2/3台，今年没有计划及预算','打电话',0,'','',1566570691,1566570691,9),(50,'crm_customer',85,'单机版6台，年内没有计划','打电话',0,'','',1566570822,1566570822,9),(51,'crm_customer',86,'8月20日：CSV自己做了，单机版5台','打电话',0,'','',1566570886,1566570886,9),(52,'crm_customer',87,'暂时CSV方面需求，公司资金较困难','打电话',0,'','',1566570947,1566570947,9),(53,'crm_customer',88,'7月23日：CSV没有做，单机版4台，都有审计追踪功能。','打电话',0,'','',1566571025,1566571025,9),(54,'crm_customer',89,'8月20日：单机版3/4台，','打电话',0,'','',1566571111,1566571111,9),(55,'crm_customer',90,'8月20日：单机版共3台都有审计追踪功能','打电话',0,'','',1566571232,1566571232,9),(56,'crm_customer',91,'8月14日：单机版3台都有审计追踪功能','打电话',0,'','',1566571318,1566571318,9),(57,'crm_customer',92,'7月4日：CSV自己做的，药监局没有检查出问题','打电话',0,'','',1566571415,1566571415,9),(58,'crm_customer',93,'7月29日：CSV没有做，单机版4台，都有审计追踪功能。8月6日：公司领导坚持自己做','打电话',0,'','',1566571471,1566571471,9),(59,'crm_customer',94,'8月21日：单机版液相2台，都有审计追踪功能，一台自己做的CSV，新购进的由厂家做CSV。','打电话',0,'','',1566571602,1566571602,9),(60,'crm_customer',95,'CSV自己做，做的不全面。7月22日：还未出方案，有意向请第三方。7月31日：单机版，都有审计追踪功能','打电话',0,'','',1566571954,1566571954,9),(61,'crm_customer',96,'7月16日：新成立企业，CSV自己做，但是不全面。单机版3台，报价3万一台。','打电话',0,'','',1566572051,1566572051,9),(62,'crm_customer',97,'CSV做的不全面，有考虑请第三方。','打电话',0,'','',1566572175,1566572175,9),(63,'crm_customer',98,'CSV没有做，梅老师负责车间的计化验，需要等领导层决定才知道要不要做计化验','打电话',0,'','',1566572278,1566572278,9),(64,'crm_customer',99,'CSV没有做，单机版3/4台都有审计追踪功能，希望第三方来做，需汇报领导层来决定。8月2日：已汇报领导，领导没有决定','打电话',0,'','',1566572350,1566572350,9),(65,'crm_customer',100,'CSV简单做了一些，希望第三方来做，但近期没有这个计划','打电话',0,'','',1566572424,1566572424,9),(66,'crm_customer',101,'8月7日：单机版6台，没有审计追踪功能，网络版两台液相。','打电话',0,'','',1566572544,1566572544,9),(67,'crm_customer',102,'CSV正在着手做，请第三方要汇报领导层决定，单机版，3/4台，单机版报价2.5万。8月6日：在休假','打电话',0,'','',1566572626,1566572626,9),(68,'crm_customer',103,'CSV简单做了一些，单机版4/5台，都有审计追踪功能，报价2.5万一台','打电话',0,'','',1566572828,1566572828,9),(69,'crm_customer',104,'CSV简单做了，单机版1台，报价2.5万','打电话',0,'','',1566572891,1566572891,9),(70,'crm_customer',105,'在建，新成立企业，年后投入生产，有考虑工艺验证、清洁验证','打电话',0,'','',1566572953,1566572953,9),(71,'crm_customer',106,'CSV简单做了一些，网络版、单机版都有','打电话',0,'','',1566573066,1566573066,9),(72,'crm_customer',107,'CSV简单做了，单机3/5台，都有审计追踪功能','打电话',0,'','',1566573118,1566573118,9),(73,'crm_customer',69,'8月21日：CSV未做，单机版6台都有审计追踪功能。下周上门拜访','打电话',0,'','',1566573416,1566573416,9),(74,'crm_customer',36,'和负责验证的王瑞玲微信沟通，并且督促为9月10月执行此项目做前期准备，也建议做一台设备改做两台设备（一台色谱一台光谱）的验证，这样自己后期自己做更加便捷一些。目前王老师在写设备清单。','打电话',0,'','',1566803548,1566803548,11),(75,'crm_customer',59,'CSV验证部门做的，自己不知道做的怎么样，需要汇报领导','打电话',0,'','',1566805367,1566805367,9),(76,'crm_customer',66,'在等省局检查，对GMP模拟检查意向不强','打电话',0,'','',1566805574,1566805574,9),(77,'crm_customer',56,'液相审计功能故障，报厂家维修，年内计划换新的液相，暂时不需要CSV','打电话',0,'','',1566807392,1566807392,9),(78,'crm_customer',61,'需要问质检部CSV的情况','打电话',0,'','',1566807853,1566807853,9),(79,'crm_customer',64,'认为与厂家做的比较完善，请第三方意向不强','打电话',0,'','',1566808264,1566808264,9),(80,'crm_customer',36,'请把客户联系人填写完全，谢谢！','打电话',0,'','',1566828155,1566828155,1),(81,'crm_customer',341,'是工程工艺部门，是盛竞老师的这次课程完全对口，但是学习时间太过于紧张，最后也有很多问题没有来得及问盛竞老师，本来是带着任务来学习的，但是最后并没有解决问题。我提议他的问题可以发给我，我再转发给盛竞老师，回复后转发给他。他同意。最后向他介绍了我们第三方的服务，他说在课程现场就了解了一些，后续有需要会联系。','打电话',0,'','',1566868634,1566868634,11),(82,'crm_customer',342,'对于课程的评价还可以，需要转训，希望能提供电子版课件。也介绍了第三方的服务，说和课件一起发给他，然后向领导说明，如果有第三方需求会联系我。','打电话',0,'','',1566869435,1566869435,11),(83,'crm_customer',22,'已经联系上级质量负责人。','打电话',0,'','',1566870748,1566870748,11),(84,'crm_customer',344,'沟通爱理不理的，说CSV已经找第三方公司做完了，也说了一下咱们其它的服务，有需要的可以联系咱们。','打电话',0,'','',1566872188,1566872188,11),(85,'crm_customer',104,'自己在做CSV','打电话',0,'','',1566873541,1566873541,9),(86,'crm_customer',89,'有的有审计追踪功能，有的没有，建议厂家升级或上第三方软件，但近期没有计划做CSV，意向不强烈','打电话',0,'','',1566877346,1566877346,9),(88,'crm_customer',105,'厂区还未建成，验证等服务暂时不考虑','打电话',0,'','',1566889291,1566889291,9),(89,'crm_customer',103,'目前没有计划做CSV','打电话',0,'','',1566889911,1566889911,9),(90,'crm_customer',5,'领导未做指示，目前分析意向不强','打电话',0,'','',1566890194,1566890194,9),(91,'crm_customer',9,'对会员服务没有需求，CSV意向也不强','打电话',0,'','',1566890306,1566890306,9),(92,'crm_customer',26,'取消认证   省局没有要求做计算机化系统验证  所以看看再说','打电话',0,'','',1566891522,1566891522,7),(93,'crm_customer',345,'打了三次电话都挂断','打电话',0,'','',1566893396,1566893396,11),(94,'crm_customer',346,'无人接听。','打电话',0,'','',1566893870,1566893870,11),(95,'crm_customer',347,'电话已经关机。','打电话',0,'','',1566893886,1566893886,11),(96,'crm_customer',165,'无人接听。','打电话',0,'','',1566894347,1566894347,11),(97,'crm_customer',166,'挂断。','打电话',0,'','',1566894430,1566894430,11),(98,'crm_customer',167,'说话比较横，CSV已经做了，也做的WATERS网络版。','打电话',0,'','',1566894636,1566894636,11),(99,'crm_customer',52,'想请我们公司的专家来厂先看看，如现场质量核查，或是看看计算机化验证做得如何，帮他们找出缺陷项，好向老板申请资金','打电话',0,'','',1566962555,1566962555,12),(100,'crm_customer',316,'送中秋礼品给黄三妹，约明天上午十点去厂里见面','打电话',1567008000,'','',1566963157,1566963157,12),(101,'crm_customer',106,'网络版4台液相沃特世，单机版7/8台都有审计追踪功能，该公司想把所有设备做网络版，推DMS网络版','打电话',0,'','',1566963985,1566963985,9),(102,'crm_customer',107,'暂时没有做CSV的计划','打电话',0,'','',1566973824,1566973824,9),(103,'crm_customer',102,'CSV自己做的不完善，请第三方需汇报领导','打电话',0,'','',1566974495,1566974495,9),(104,'crm_customer',82,'说CSV已有第三方公司做了，与月初沟通信息不符，分析意向不强烈','打电话',0,'','',1566975146,1566975146,9),(105,'crm_customer',106,'王璋说集团领导已经决定用waters网络版，教他们别插手，先加微信，继续跟进','打电话',0,'','',1566977603,1566977603,12),(107,'crm_customer',427,'CSV没有做，单机版10台左右，都有审计追踪功能','打电话',0,'','',1566978399,1566978399,9),(109,'crm_customer',280,'下午与将丽平（验证主管  电话15141408117）电话简单沟通了下：贵公司有计算机化系统验证的需求，自己做不了，想请第三方来做。她之前和她上面领导申请了CSV验证的需求，领导没批；近期会上报申请下。（注：急于开公司会，约第二天在电话里沟通）','打电话',0,'','',1566982727,1566982727,30),(110,'crm_customer',295,'与张璇（验证主管  电话18504148225）电话沟通：贵公司计算机化系统验证已做完，别的第三方机构给做的，前段时间刚过完认证，她这边现没有需求，互留联系方式，有需要联系。\n又给她领导窦恒（质量总监 电话18504148211）电话沟通聊了会：有数据统计分析DAS的相关需求。我这边计划;1、先对DAS、DMS演示操作熟悉，待熟悉后再次联系详细交流下。','打电话',0,'','',1566983893,1566983893,30),(111,'crm_customer',329,'毕连梅已退休离岗，后与吕部长（电话13842073504）沟通，他说CSV验证自己已做完，根据简单交流了解他们的验证等于没做，只是表面上的活，有待深挖。','打电话',0,'','',1566985402,1566985402,30),(112,'crm_customer',478,'无菌滴眼剂车间审计和咨询','打电话',0,'','',1567004821,1567004821,8),(113,'crm_contacts',13,'目前没有把CSV计划在日程内，一是觉得不是十分的重要，二是预算也不是很宽裕，三是也比较忙。我说明了一下，CSV这个事，是法规明确要求的，其实早晚都得做，就是早做还是晚做，咱们自己主动做了，和检查后强制要求做的区别，那么晚做不如早做。问了一下她年底能不能有这方面的计划，她回答不一定，可能会有，也可能明年再考虑。最后让随时保持联系，有咨询或者软件方面的问题都可以随时联系我。','打电话',1569340800,'','',1567046464,1567046464,11),(114,'crm_contacts',15,'设备基本都是安捷伦版本，是单机版，计划明年上网络版，网络版后再做验证。','打电话',0,'','',1567048876,1567048876,11),(115,'crm_customer',70,'CSV觉得厂家做的比较好，不考虑请第三方。','打电话',0,'','',1567059328,1567059328,9),(116,'crm_customer',91,'CSV今年没有计划，计划明年上半年做','打电话',0,'','',1567059567,1567059567,9),(117,'crm_customer',88,'对CSV这方面知识欠缺，但是目前公司没有计划及预算','打电话',0,'','',1567059724,1567059724,9),(118,'crm_customer',66,'GMP检查通过，目前CSV没有计划，在招人，预计明年有计划','打电话',0,'','',1567060337,1567060337,9),(119,'crm_customer',55,'CSV意向不强，觉得价格偏高，决定自己先做CSV','打电话',0,'','',1567060520,1567060520,9),(120,'crm_contacts',14,'响一声就挂断了，看看如果没有回复，就明天再联系一下。','打电话',0,'','',1567067243,1567067243,11),(121,'crm_customer',162,'介绍项目一句话就是不需要，问他是咱们这边没有方面的要求，还是其它的原因呢？又说了我们可以自己做。接着态度就挺不好的，说没有必要向我汇报和再开会。','打电话',0,'','',1567067796,1567067796,11),(122,'crm_customer',165,'单机版，之前考虑过做CSV，后来搁浅了。问了一下搁浅的原因，之前是考虑扩充业务所以想做CSV，后来觉得现在工作量都已经饱和了，所以就不准备开展其它业务了。网络版还没有考虑。已经加了微信，可以定期的联系一下，有其它想做的业务联系也比较方便 。','打电话',1569427200,'','',1567068561,1567068561,11),(123,'crm_customer',160,'无接接通。','打电话',0,'','',1567069311,1567069311,11),(124,'crm_customer',163,'已经从上一家公司离职了，现在不在制药企业工作。','打电话',0,'','',1567069480,1567069480,11),(125,'crm_customer',164,'挂断。','打电话',0,'','',1567069641,1567069641,11),(126,'crm_customer',168,'无人接听。','打电话',0,'','',1567069802,1567069802,11),(127,'crm_customer',169,'无人接听。','打电话',0,'','',1567069982,1567069982,11),(128,'crm_customer',171,'打电话比较晚，应该是下班的路上，听到脚步声了。态度还算是挺和蔼的，但是说验证方面说做过了，厂家做的，觉得语气也有点含糊。过一段时间可以再联系一下。','打电话',1568822400,'','',1567070448,1567070448,11),(129,'crm_customer',172,'单机版，验证自己做了。网络版或数据自动备份，以后会考虑。可以不定期联系一下。','打电话',1569513600,'','',1567070683,1567070683,11),(130,'crm_customer',316,'亚洲制药是中药生产企业，去年销售额九千多万。实验室仪器设备是单机版软件，共有七台设备，建议先做两台气相、液相验证，黄三妹说合适时机向老板申请。','见面拜访',0,'','',1567091737,1567091737,12),(131,'crm_customer',314,'约下周进厂拜访','打电话',0,'','',1567091796,1567091796,12),(132,'crm_customer',425,'1液相   1气相   1薄层   俩台岛津  一台安捷伦   都是数据库版本   移动硬盘备份   加微信  发数据备份软件了解    过几天在联系','打电话',1565193600,'','',1567128407,1567128407,7),(133,'crm_customer',426,'1液相    1原子    1   博层   1  紫外     移动硬盘备份   计算机化系统验证说自己做了  加微信发文件了解一下','打电话',1567526400,'','',1567129050,1567129050,7),(134,'crm_customer',180,'10多台 单机版  岛津的液相  气相     考虑过岛津的网络版   计算机验证不知道   采购负责      加微信 发介绍沟通一下','打电话',1567526400,'','',1567130246,1567130246,7),(135,'crm_customer',419,'单机版   2台液相   6台  有合资的   有进口的     都是数据库版本   没有想做网络版   3个月一备份    感兴趣   加微信  沟通','打电话',1567526400,'','',1567131152,1567131152,7),(136,'crm_customer',423,'单机版  2  液相     1气相      不打算做计算机化系统验证    加微信沟通','打电话',1564848000,'','',1567131694,1567131694,7),(137,'crm_customer',575,'又是拨通一下，就挂断了，可能之前打培训班时给加黑名单了，过几天换一个手机再打一下。','打电话',1567526400,'','',1567133921,1567133921,11),(138,'crm_customer',153,'做辅料的，没有要求，目前是网络版。CSV法规对于他们没有提出要求，客户审计也挺多的，也没有提出要求。以后有需求再联系。','打电话',0,'','',1567136863,1567136863,11),(139,'crm_customer',154,'挂断，下周一用自己的号再打一次。','打电话',1567353600,'','',1567136987,1567136987,11),(140,'crm_customer',155,'打电话一直在喘，说在山上，信号不好。态度还挺好的，也一直问我是谁，后来实在听不清，我就建议下周再联系，她说好。','打电话',1567353600,'','',1567137386,1567137386,11),(141,'crm_customer',170,'单机版，没有做验证。目前没有网络版和CSV的需求，后期可以定期联系一下。','打电话',1569427200,'','',1567146007,1567146007,11),(142,'crm_customer',72,'公司处于停产状态，原因是市场没有做好，CSV及其他业务方面暂时不会考虑','打电话',0,'','',1567148580,1567148580,9),(143,'crm_customer',76,'CSV资料邮件还没有看，在忙，不方便进一步沟通','打电话',0,'','',1567149610,1567149610,9),(144,'crm_customer',79,'联系QC甄云昊15285191105：CSV自己做有难度，可能会考虑请第三方，单机版2/3台','打电话',0,'','',1567149903,1567149903,9),(145,'crm_customer',80,'神奇制药集团在整合，大方向整合已经完成，细致工作职责分配没有整合完成，预计九月中旬完成，所以企业现在没办法去做CSV','打电话',0,'','',1567150394,1567150394,9),(146,'crm_customer',92,'属于贵州威门药业，单机版2台，一台液相，一台紫外，都是安捷伦的，都有审计追踪功能，做CSV需要威门药业那边决定','打电话',0,'','',1567152084,1567152084,9),(147,'crm_customer',170,'问下客户备份方式是什么？单机版是否考虑自动备份？','打电话',0,'','',1567271329,1567271329,1),(148,'crm_customer',227,'赛默飞网络版','打电话',0,'','',1567321984,1567321984,8),(149,'crm_business',15,'合同商议阶段，DBS,DAS,CSV,CSV体系建设4个项目','打电话',0,'','',1567339183,1567339183,14),(150,'crm_business',7,'约了下周去和李老板谈合同了','打电话',0,'','',1567339227,1567339227,14),(151,'crm_customer',44,'马纯鑫给我电话了，合同价格让再降一降，问题应该不大，这两天沟通合同细节。','打电话',0,'','',1567339618,1567339618,14),(152,'crm_customer',314,'约好这周三上午10:30去药厂拜访，送中秋礼物','打电话',0,'','',1567415165,1567415165,12),(153,'crm_customer',828,'9月2日：csv没有做，单机版，都没有审计追踪功能，有意向请第三方，预计明年三月做这个事情，会以投标方式进行\n','打电话',0,'','',1567417253,1567417253,9),(154,'crm_customer',852,'CSV自己做的，网络版单机版都有，询问网络版CSV价格时口头报了约三四十万，分析CSV意向不强','打电话',0,'','',1567417391,1567417391,9),(155,'crm_customer',829,'2019年4月已做CSV，有自己的验证部门','打电话',0,'','',1567417448,1567417448,9),(156,'crm_customer',853,'CSV自己做的，认为自己做的比较完善，对数据备份系统稍有意向','打电话',0,'','',1567417820,1567417820,9),(157,'crm_customer',826,'单机版，已签有会员服务，等审计后再说','打电话',0,'','',1567417950,1567417950,9),(158,'crm_customer',315,'联系9月6日进药厂见面，送月饼','打电话',1567699200,'','',1567418608,1567418608,12),(159,'crm_customer',313,'有五六台单机版的仪器，验证做得不太细，最近比较忙，暂时不方便上门拜访','打电话',0,'','',1567418718,1567418718,12),(160,'crm_customer',333,'有三台单机版的仪器设备，对咨询、验证有点兴趣，最近比较忙，不方便上门拜访','打电话',0,'','',1567418823,1567418823,12),(161,'crm_customer',311,'正在过gmp复查认证，最近比较忙，暂时不方便上门拜访','打电话',0,'','',1567418909,1567418909,12),(162,'crm_customer',479,'合同客户在审核中','打电话',0,'','',1567475226,1567475226,8),(163,'crm_customer',857,'周一上午和下午都去高总的办公室，高总不在。今天再去看看，也把各部门需要培训的内容总结一下，反馈给我。','打电话',0,'','',1567476762,1567476762,11),(164,'crm_customer',376,'一致性评价需要老板回来了才能定。实验室和研发的两套网络版软件没有计算机化系统验证。分别是岛津和安捷伦的网络版','打电话',0,'','',1567477138,1567477138,8),(165,'crm_contacts',10,'电话未接听，下午再打一次，如果没有接听，就联系王瑞玲老师。','打电话',0,'','',1567477899,1567477899,11),(166,'crm_customer',481,'一、新增两个规格。双黄莲口服液增加两个规格，都是10ML，但是一个增加了浓度，一个降低了浓度。\n二、抗感解毒口服液，辅料由蜂蜜变更为蔗糖。','打电话',0,'','',1567477948,1567477948,8),(167,'crm_customer',227,'网络版不打算给第三方来做。','打电话',0,'','',1567478750,1567478750,8),(168,'crm_customer',22,'沃特世网络版，其中一台沃特世，五六台安捷伦，几台岛津。之前聊过是12个客户端，还有一些光谱的设备用的是沃特世抓取数据的软件。还是准备先自己摸索着做一些简单的验证，如果实在不行，或者急需标准的验证时就会找第三方来做。我的建议是，我们先给做几台非色谱的设备，让他们对于CSV有一个大概的了解，然后根据我们做出来的验证再对比其它设备进行验证，会有一些基础，否则自己闭门造车确实非常艰难，无从下手。','打电话',0,'','',1567479454,1567479454,11),(169,'crm_contacts',14,'用自己的手机号打的，无人接听。','打电话',0,'','',1567479494,1567479494,11),(170,'crm_customer',158,'准备过FDA,之前有一个模拟的审计，上周六才结束，下周还有客户进行审计。审计后有一定的缺陷，具体的缺陷没有说，等到下周客户审计完以后，再向领导申请请第三方服务公司进行咨询。节后电话跟进。','打电话',1568700060,'','',1567480175,1567480175,11),(171,'crm_customer',68,'原辅包审计有两种合作方式，一种是全部报给我们，报价14万，共计六个供应商。第二种合作方式是我们去一个人协助他。价格在六万左右','打电话',0,'','',1567482542,1567482542,8),(172,'crm_contacts',11,'王老师已经向我要了项目计划书，正在近一步沟通。','打电话',0,'','',1567489881,1567489881,11),(173,'crm_customer',859,'目前单机版色谱+光谱有七台设备，没有做网络版的计划，验证之前自己做了简单的，并且已经通过认证。介绍了DBS数据自动备份系统，比较有兴趣，让先发一份资料到邮箱，然后再和上级领导汇报一下。目前主要是移动硬盘备份，对于备份后必须在原有的工作站才能打开，觉得太过于麻烦。我向她介绍，我们的数据备份首先是有数据数，可以在任意一台连接设备的电脑进行查看，并且有权限分级管理，和审计追踪等等的一些功能。过两天再回访一下。','打电话',0,'','',1567493695,1567493695,11),(174,'crm_customer',41,'CSV厂家做，单机版都有审计追踪功能','打电话',0,'','',1567494384,1567494384,9),(175,'crm_contacts',19,'态度挺冷淡的，挺想马上挂电话的感觉。目前单机版，没有做网络版的计划，提到数据自动备份，又说以后上网络版就有数据自动备份了，只是今年没有计划上网络版。后期可以不定时联系一下。','打电话',0,'','',1567494979,1567494979,11),(176,'crm_contacts',19,'已经加了微信，后期随时联系。','打电话',0,'','',1567495004,1567495004,11),(177,'crm_customer',861,'单机版，都有审计追踪功能，CSV厂家协助做的，参加过我们的培训，按照我们培训内容做的，认为自己做的比较完全，意向不强','打电话',0,'','',1567495573,1567495573,9),(178,'crm_customer',872,'CSV没有做，企业没有能力去做，后续继续沟通','打电话',0,'','',1567496588,1567496588,9),(179,'crm_customer',69,'有CSV方面的意向','打电话',0,'','',1567496940,1567496940,9),(180,'crm_customer',873,'CSV自己简单做了，后期可以沟通CSV/DBS','打电话',0,'','',1567497709,1567497709,9),(181,'crm_customer',157,'一个品种，数据量很少，半年备份一次，没有做网络版的计划，验证自己已经做完了。目前没有需求。','打电话',0,'','',1567499638,1567499638,11),(182,'crm_customer',152,'无人接听。','打电话',1567526400,'','',1567500002,1567500002,11),(183,'crm_customer',194,'已经退休了，不干了。','打电话',0,'','',1567500125,1567500125,11),(184,'crm_customer',193,'有一家沈阳的咨询公司给做完CSV了，后期按照提供的文件自己做，问了一下价格，说是和认证咨询一起打包做的。具体哪家，具体的价格没有告诉。','打电话',0,'','',1567500435,1567500435,11),(185,'crm_customer',190,'已经停产了，不一定还能恢复生产。','打电话',0,'','',1567500578,1567500578,11),(186,'crm_customer',189,'设备大部份都是安捷伦，共七台左右。单机版，CSV厂家指导自己做了一部份。之前考虑过安捷伦网络版，由于价格太贵就没有做，数据备份用的是移动硬盘，也问了一下数据备份的功能，说现在了解一下，今年不考虑，明年可能会做，先提前了解一下，加微信，逐步沟通。','打电话',1570550400,'','',1567501184,1567501184,11),(187,'crm_customer',859,'沟通方式有问题，对软件的介绍不正确，DBS软件有些功能并不具备，我们软件仅仅是备份数据，保证数据的准确性，并不能查看，查看也只是查单备份了哪些数据！','打电话',0,'','',1567522803,1567522803,1),(188,'crm_customer',227,'客户数据备份如何做？','打电话',0,'','',1567522959,1567522959,1),(189,'crm_customer',479,'什么合同，建立机会了吗？','打电话',0,'','',1567523036,1567523036,1),(190,'crm_customer',152,'无人接听。','打电话',0,'','',1567562736,1567562736,11),(191,'crm_customer',575,'网络版没有需求，数据自动备份IT自己在做，电话沟通不太积极，就挂电话了。','打电话',0,'','',1567562896,1567562896,11),(192,'crm_customer',166,'无人接听。','打电话',0,'','',1567562998,1567562998,11),(193,'crm_customer',161,'挂断，在通话中。','打电话',0,'','',1567563311,1567563311,11),(194,'crm_customer',156,'在生产，实验室的情况不了解。目前生产的验证都已经做完了，没有想提升或者找第三方来做的想法。','打电话',0,'','',1567563488,1567563488,11),(195,'crm_customer',161,'没有药品，属于医疗器械，没有要求那么高，不用做CSV，也介绍了数据自动备份系统，目前没有需求，以后需要第三方服务再联系。','打电话',0,'','',1567563727,1567563727,11),(196,'crm_customer',237,'对数据备份系统感兴趣，需要上门沟通','打电话',0,'','',1567566076,1567566076,8),(197,'crm_customer',24,'客户和河北省药协会签约   计算机化系统验证   协会做不了   后期我们沟通计算机化系统验证的工作','打电话',1568563200,'','',1567580456,1567580456,7),(198,'crm_customer',25,'客户把设备清单发过来了   清单都可以做 DMS   建议客户做网络版    客户在考虑中   打算下周去拜访客户一趟。','打电话',1567958400,'','',1567580535,1567580535,7),(199,'crm_customer',23,'客户已经确定价格    在走合同了   预计下周签合同   中秋节后实施','打电话',1567958400,'','',1567580587,1567580587,7),(200,'crm_customer',29,'客户和领导申请了会员  在等批   会员签约后去审计做DMS或DBS   ','打电话',1567958400,'','',1567580671,1567580671,7),(201,'crm_customer',33,'    王总不干了，现在刘明超   13789661982    电话沟通说现在不着急做  在考虑考虑','打电话',1568044800,'','',1567580830,1567580830,7),(202,'crm_customer',34,'客户说最近太忙    过几天有时间了约一下我和竭老师到企业拜访一下','打电话',1568044800,'','',1567580868,1567580868,7),(203,'crm_customer',35,'客户做软件安装结尾工作   计算机化系统验证过几天再沟通','打电话',1568044800,'','',1567580956,1567580956,7),(204,'crm_customer',26,'上周去颈复康内训出差  ，顺便去企业拜访了一下  客户还是不着急的状态   和闵总私下沟通说主要是老板觉得我们的计算机化系统验证费用太贵','打电话',1568563200,'','',1567581078,1567581078,7),(205,'crm_customer',27,'客户说不着急   DBS软件他们想考察一下在说','打电话',1568563200,'','',1567581150,1567581150,7),(206,'crm_customer',28,'最近有供应商审计   比较忙   等等再说','打电话',1568563200,'','',1567581203,1567581203,7),(207,'crm_customer',30,'公司领导没有批方案   因为需要整改事项比较大   现在还顾不上','打电话',1568563200,'','',1567581264,1567581264,7),(208,'crm_customer',63,'跟踪检查在数据备份这块提出了一些问题，可以推DBS','打电话',0,'','',1567581397,1567581397,9),(209,'crm_customer',425,'客户还没有看介绍   今天又发了一次   客户说现在就看   ','打电话',1568649600,'','',1567581543,1567581543,7),(210,'crm_customer',419,'客户一直没有通过微信好友   又加了一次  电话沟通一下   ','打电话',1568649600,'','',1567581668,1567581668,7),(211,'crm_customer',180,'客户说发我采购的电话  让我和采购的沟通一下   ','打电话',1568649600,'','',1567581806,1567581806,7),(212,'crm_customer',426,'客户没有通过微信好友   电话无人接听','打电话',1568649600,'','',1567581853,1567581853,7),(213,'crm_customer',14,'约了企业的李总明天见面，敲定合同细节，目前考虑签约体系咨询与FDA回复指导项目','打电话',0,'','',1567581887,1567581887,14),(214,'crm_customer',420,'客户是我们竞标失败的企业    现在是我们的会员  有去做过审计   潘老师说企业水平不高   目前没有具体项目   后期跟踪看吧','打电话',1568649600,'','',1567581927,1567581927,7),(215,'crm_customer',18,'等万通总部做完，今天万通总部秦伟，高志攀，吕高寒已经开始实施了。','打电话',0,'','',1567581979,1567581979,14),(216,'crm_customer',19,'等12月份产品工艺验证结束再审计','打电话',0,'','',1567582030,1567582030,14),(217,'crm_customer',422,'客户是个男的接的  说打错了  不是本人手机号  我找找资料看能不能联系上吧','打电话',1568649600,'','',1567582430,1567582430,7),(218,'crm_customer',424,'电话号码是空号    我想办法再找找联系电话吧','打电话',1568649600,'','',1567582505,1567582505,7),(219,'crm_customer',13,'最近实验室在搬迁，准备整理后就开始，我跟他大概掐了时间，9月底，10月初，他确认一下回复，问题不大。','打电话',0,'','',1567582670,1567582670,14),(220,'crm_customer',876,'CSV没有做，近期也没有计划','打电话',0,'','',1567582688,1567582688,9),(221,'crm_customer',16,'等批地','打电话',0,'','',1567582689,1567582689,14),(222,'crm_customer',448,'客户安捷伦的网络版   计算机化系统验证还没有打算做   对数据备份和还原感兴趣    说现在开会  明天给我回电话','打电话',1568131200,'','',1567582689,1567582689,7),(223,'crm_customer',17,'还未搬新厂，预计12月份搬迁，新厂的建设工期延后了','打电话',0,'','',1567582723,1567582723,14),(224,'crm_customer',15,'等二期临床上线','打电话',0,'','',1567582732,1567582732,14),(225,'crm_customer',449,'电话无人接听 ','打电话',1568131200,'','',1567582738,1567582738,7),(226,'crm_customer',877,'CSV没有做，单机版，有的有审计追踪，有的没有','打电话',0,'','',1567582776,1567582776,9),(227,'crm_customer',450,'药品一直在停产    食品和保健品在生产   法规要求没有那么严格  所以没有项目需求','打电话',1569168000,'','',1567582912,1567582912,7),(228,'crm_customer',878,'CSV已有第三方公司做了，其他信息不愿意透露','打电话',0,'','',1567582999,1567582999,9),(229,'crm_customer',879,'约了19号实验室审计','打电话',0,'','',1567583204,1567583204,14),(230,'crm_customer',451,'企业新建厂房   现在封顶    估计设备购买进场要明年年初了   打算做体系文件的建立和设备的验证及计算机化系统的验证   慢慢跟吧   ','打电话',1568908800,'','',1567583257,1567583257,7),(231,'crm_customer',452,'客户上的网络版    计算机化系统验证俩年前已经找第三方做了   体系不需要改进   目前没有可跟进的项目','打电话',1569772800,'','',1567583537,1567583537,7),(232,'crm_customer',4,'CSV需要报计划和预算，今年没有计划及预算，需要做的话得明年报计划及预算','打电话',0,'','',1567584033,1567584033,9),(233,'crm_customer',880,'体系建立需要看亳州华佗做的怎么样？','打电话',0,'','',1567587628,1567587628,8),(234,'crm_customer',881,'已经和安捷伦签好网络版的合同了，预计下周进行实施。了解了一下DBS数据自动备份系统，也介绍了一下网络版，通话时人在路上，让先发资料。','打电话',0,'','',1567587899,1567587899,11),(235,'crm_contacts',24,'告诉我预计下周实施网络版，我也问了CSV相关事宜，他说厂家辅导他们完成。我回复厂家通常只为我们做一下3Q的确认，完整的计算机化系统验证厂家也没有这样的人才，而我们自己做难度更大，大多数企业都自己无法完成法规要求的计算机化系统验证。他说是是，然后让我联系负责项目的负责人，金老师，告诉了我电话，说这些业务是金老师负责，他不参与，让我联系金老师，也可以告诉金老师是让推荐让联系的。','打电话',0,'','',1567588224,1567588224,11),(236,'crm_customer',452,'客户数据的备份有做吗？','打电话',1567440000,'','',1567598356,1567598356,1),(237,'crm_customer',228,'计算机化系统验证，需要找机会上门沟通','打电话',0,'','',1567601367,1567601367,8),(238,'crm_customer',6,'客户选了奥星，体系建立需要与QA沟通','打电话',0,'','',1567601517,1567601517,8),(239,'crm_customer',482,'FDA项目需要先去做一个差距分析，','打电话',0,'','',1567601659,1567601659,8),(240,'crm_customer',478,'两周后与冉帆对接，打算审计一次，另外我们指导他们，具体项目他们需要列一下清单','打电话',0,'','',1567601753,1567601753,8),(241,'crm_customer',480,'一致性评价审计5月份报上去的，目前还在等待发补','打电话',0,'','',1567601780,1567601780,8),(242,'crm_customer',109,'11月份需要过GMP认证，氯化钠大输液。','打电话',0,'','',1567601810,1567601810,8),(243,'crm_customer',485,'DMS报价27万，含差旅。','打电话',0,'','',1567601918,1567601918,8),(244,'crm_customer',483,'安捷伦网络版验证，后续上门沟通','打电话',0,'','',1567601944,1567601944,8),(245,'crm_customer',179,'等敖东洮南药业股份有限公司签约了联系','打电话',0,'','',1567603652,1567603652,14),(246,'crm_customer',858,'电话无人接听  再联系','打电话',1568217600,'','',1567644175,1567644175,7),(247,'crm_customer',856,'电话无人接听  再联系','打电话',1568217600,'','',1567644338,1567644338,7),(248,'crm_customer',855,'已经加微信  发PPT     先了解一下  在看具体安排   具体体实验室的设备她不是非常清晰   看看让实验室的负责人和我联系','打电话',1568217600,'','',1567644552,1567644552,7),(249,'crm_customer',850,'电话无人接听    再联系','打电话',1568217600,'','',1567644676,1567644676,7),(250,'crm_customer',453,'稀总不干了   现在王艳丽13031431882负责   王总说今天就到期了  停产了    在考虑要不要考虑认证  口服制剂  就一个生产认证   目前还没有具体项目要沟通。','打电话',1568217600,'','',1567645171,1567645171,7),(251,'crm_customer',456,'单机版都是数据库版本  设备厂家做了3Q验证   已经过了认证   所以老板就不着急了 。数据备份系统了解一下','打电话',1568217600,'','',1567645563,1567645563,7),(252,'crm_customer',36,'项目计划书只看了一半，目前他们部门有其它工作要做，工作十分紧张，等把项目计划书看完再近一步联系！','打电话',0,'','',1567647510,1567647510,11),(253,'crm_customer',886,'沃特世网络版，沃特世给做的CSV。光谱类的是手动备份，目前光谱类没有上数据自动备份的想法，加微信，有需求随时联系。','打电话',0,'','',1567650948,1567650948,11),(254,'crm_customer',833,'一台液相的验证， 领导没有批准','打电话',0,'','',1567651734,1567651734,8),(255,'crm_customer',784,'CSV单机版已做完，推了DBS，客户有意向DBS','打电话',0,'','',1567653024,1567653024,9),(256,'crm_customer',798,'CSV网络版已有合作公司，连着LIMS系统一起给合作公司做','打电话',0,'','',1567653515,1567653515,9),(257,'crm_customer',798,'该公司一致性评价已经过了','打电话',0,'','',1567653548,1567653548,9),(258,'crm_customer',484,'安捷伦网络版，还没有验证，一致性评价放弃掉。','打电话',0,'','',1567654066,1567654066,8),(259,'crm_customer',887,'沃特世网络版，自己补充的验证。单机版也是用沃特世抓取数据。目前没有其它第三方需要的服务。','打电话',0,'','',1567654127,1567654127,11),(260,'crm_customer',801,'CSV单机版网络版都有，都具有审计追踪功能，孙老师已经前期联系，得到了设备清单，该公司在等方案，推了一下DBS，后续跟踪','打电话',0,'','',1567654544,1567654544,9),(261,'crm_customer',804,'该企业主要生产医疗器械，药品方面较少，CSV称已按法规做好，推DBS也没有太大的意向','打电话',0,'','',1567655694,1567655694,9),(262,'crm_customer',849,'今天拜访了， 李总在开户，跟许经理沟通了下，让我先拿个方案，下次再去拜访李总','打电话',0,'','',1567661841,1567661841,14),(263,'crm_customer',44,'他们企业的老板给柳祥给陈总打电话了，让给优惠，价格我再调整一下跟马纯鑫联系。','打电话',0,'','',1567661900,1567661900,14),(264,'crm_customer',789,'CSV网络版，lims系统也有，有厂家协助做验证，做的比较完善，没有需求','打电话',0,'','',1567663767,1567663767,9),(265,'crm_customer',839,'单机版CSV，03年的老设备没有审计追踪，企业认为CSV做的较好，推DBS/DMS，意向不强','打电话',0,'','',1567664650,1567664650,9),(266,'crm_customer',889,'有安捷伦网络版，也有岛津网络版，验证都是厂家给做的，光谱类的也都是数据库版本，自己又保存在网盘里。目前没有需求，有微信，后期有其它咨询需求再联系。','打电话',0,'','',1567668086,1567668086,11),(267,'crm_customer',791,'网络版岛津，企业称做的较完善，且已经通过药品一致性评价','打电话',0,'','',1567668152,1567668152,9),(268,'crm_customer',792,'岛津网络版厂家给做了，注射剂高风险企业，可以跟踪上产上设备的验证','打电话',0,'','',1567669076,1567669076,9),(269,'crm_customer',793,'单机版岛津，自己做的CSV，有考虑上岛津网络版','打电话',0,'','',1567669368,1567669368,9),(270,'crm_customer',817,'CSV单机版，有自己的验证部门，已经购买岛津网络版','打电话',0,'','',1567670299,1567670299,9),(271,'crm_customer',100,'老板要求上了变色龙网络版软件，老板不愿意放权，有不得志的感觉','打电话',0,'','',1567670312,1567670312,12),(272,'crm_customer',890,'csv软件是网络版，现正考虑做验证的问题，外出有事，约明天下午再打过去','打电话',0,'','',1567670605,1567670605,12),(273,'crm_customer',314,'昨天上午拜访了质量负责人胡卫民和厂长覃先生，是中药饮片厂，仅三十几位员工，年销售额一千多万。csv是单机版，只有液相，没有气相设备，需要用到气相色谱仪的检验是交给第三方公司做检测的。验证也自己做，老板不愿意花钱，公司处在半死不活的状态。','打电话',0,'','',1567671178,1567671178,12),(274,'crm_customer',831,'CSV单机版没有做，目前没计划，意向不强','打电话',0,'','',1567671524,1567671524,9),(275,'crm_customer',891,'吴文鑫是我老婆堂弟，在无菌生产车间上班，百奥泰是刚成立三年的生物制药公司，公司有四五百人，老板是美国读完博士回国的，目前仅生产出一种生物制品，尚未开始销售。约改天去他公司参观学习。','打电话',0,'','',1567672056,1567672056,12),(276,'crm_customer',893,'csv上了网络版，已做验证，说已经有同事联系过她，不太愿意继续聊','打电话',0,'','',1567672485,1567672485,12),(277,'crm_customer',894,'想在中秋节前送两张月饼票给高老师，她暂时没空，改天再约','打电话',0,'','',1567672835,1567672835,12),(278,'crm_customer',676,'单机版6台，都有审计追踪，觉得自己做的不太好，因为自己有做，所以建议挑一两台给第三方来做，目前生产设备有些也没有做验证，后期还可以推一下DBS','打电话',0,'','',1567673350,1567673350,9),(279,'crm_customer',676,'该企业生产注射剂，属于高风险企业','打电话',0,'','',1567673456,1567673456,9),(280,'crm_customer',331,'已经联系了质量总监张冬梅，上的是变色龙网络版，还有老液相上单机版，自己做的验证。去年刚通过gmp复查，以为做得还不错。告诉她国家对数据完整性和可靠性这一块查得越来越严','打电话',0,'','',1567674342,1567674342,12),(281,'crm_customer',331,'若有需要，可以和我们公司联系，我们会请专家过来看他们的验证情况，她表示同意','打电话',0,'','',1567675764,1567675764,12),(282,'crm_customer',448,'今天给我回电话了 说安捷伦的网络版计算机化系统验证还没有做   还有三台液相   一台气相  一台原吸   一台紫外   没有连入网络版  考虑DBS 系统  说一俩天发我设备清单  给个计划','打电话',1568217600,'','',1567678596,1567678596,7),(283,'crm_customer',896,'客户之前做过项目计划书  DMS   前段时间单位领导组合  所以忙不过来这个事   现在已经组合完成  今天给我打电话说让把方案再发一下，申报一下   说应该问题不大 。','打电话',1568217600,'','',1567678978,1567678978,7),(284,'crm_customer',21,'这段时间忙，等万通做完去看看','打电话',0,'','',1567682488,1567682488,14),(285,'crm_customer',45,'刘英链说话不好使，让直接联系老板，这几天找机会电话联系下，上次见面拜访时跟老板聊过大概一小时。','打电话',0,'','',1567682613,1567682613,14),(286,'crm_customer',897,'现场搬迁，目前还未找设计院，约了下周二见面谈。','打电话',0,'','',1567683062,1567683062,14),(288,'crm_customer',477,'经电话沟通，暂时没有需求，已有咱公司PPT及联系方式，后期有需求会联系。','打电话',0,'','',1567687746,1567687746,30),(289,'crm_customer',900,'哪家第三方做的，和客户沟通了吗？黑龙江这么多客户说的第三方是哪家？问清楚！谢谢！','打电话',0,'','',1567691204,1567691204,1),(290,'crm_customer',21,'发的什么计划书？东宝的需求是什么？','打电话',0,'','',1567691319,1567691319,1),(291,'crm_customer',893,'谁家的网络版？谁做的CSV？自己还是第三方？','打电话',0,'','',1567691503,1567691503,1),(292,'crm_customer',10,'是一个研发公司，和鲁抗赛特合作的。','打电话',0,'','',1567691607,1567691607,8),(293,'crm_customer',778,'岛津网络版的软件，不打算外包第三方。','打电话',0,'','',1567691646,1567691646,8),(294,'crm_customer',664,'一致性评价已经核查啦，计算机是单机版的，报价嫌贵。','打电话',0,'','',1567691678,1567691678,8),(295,'crm_customer',658,'一致性评价已经核查，沃特斯网络版，自己验证的。','打电话',0,'','',1567691722,1567691722,8),(296,'crm_customer',275,'有品种一致性评价，已经上报啦','打电话',0,'','',1567691777,1567691777,8),(297,'crm_customer',281,'上报了一个一致性评价品种，现场核查还没有来','打电话',0,'','',1567691803,1567691803,8),(298,'crm_customer',658,'周六培训后可以推DBS，价格40-50万之间','打电话',0,'','',1567691829,1567691829,1),(299,'crm_customer',890,'白云山化学制药厂是我们做的，可以和客户沟通下，客户对我们还是比较满意的！','打电话',0,'','',1567692002,1567692002,1),(300,'crm_customer',792,'周六培训结束后可以做灾备系统！','打电话',0,'','',1567692189,1567692189,1),(301,'crm_customer',849,'今天拜访了， 李总在开户，跟许经理沟通了下，让我先拿个方案，下次再去拜访李总','见面拜访',0,'','',1567692997,1567692997,14),(302,'crm_customer',49,'企业许可证过期了，现在从新申请，可能要到10月份。企业现在要的培训系统因为我们无法提供试用版本，只能等后日期我们产品出来以后在说。','打电话',0,'','',1567733427,1567733427,6),(303,'crm_customer',905,'单机版，没有做网络版的计划，介绍产品，一个劲的让在QQ上聊，此王老师应该是质量负责人王鹏。在QQ先沟通着。','打电话',0,'','',1567735375,1567735375,11),(304,'crm_customer',906,'色谱和光谱共计五台，单机版都有审计追踪功能，自己上了一套备份系统。目前向对冻干机，电子监管码和电子显微镜等7台设备进行上审计追踪功能，DMS报价网络版三十四万，单机版4万一台。','打电话',0,'','',1567736862,1567736862,8),(305,'crm_customer',907,'CSV自己做的，问及是否是网络版时，回答暂时不考虑其它公司服务，此人是质量负责人，一会问问QC主任具体情况，不一定是目标客户，但是这个地区的情况还是需要了解，以便于开展其它企业的工作。','打电话',0,'','',1567738050,1567738050,11),(306,'crm_contacts',34,'单机版，验证自己做的，目前没有网络版和数据备份的计划。向她介绍了我们的软件的优势。可以不定期沟通一下。','打电话',0,'','',1567738436,1567738436,11),(307,'crm_customer',908,'单机版，设备不是很多。验证等到安装网络版后再做。目前今年没有做项目的计划，明年可能会考虑，先让我把资料发到邮箱里，有需求会及时与我联系。','打电话',0,'','',1567738874,1567738874,11),(308,'crm_customer',892,'CSV单机版一台，自己做的，有审计追踪功能，这几天刚通过GMP认证','打电话',0,'','',1567739011,1567739011,9),(309,'crm_customer',909,'唐总不在，王老师接听，一问三不知，是否是网络版也不知道，计算机化系统验证也不清楚，让下午再给唐总打个电话，问唐总的手机号没告诉。说下午打这个座机，下午唐总应该在。','打电话',0,'','',1567739399,1567739399,11),(310,'crm_customer',810,'一致性评价审计都再缓缓','打电话',0,'','',1567739545,1567739545,8),(311,'crm_customer',910,'单机版液相一台岛津简单做了，有审计追踪功能，紫外、原子吸收等没有上计算机化系统','打电话',0,'','',1567740533,1567740533,9),(312,'crm_customer',911,'CSV厂家做，单机版4/5台，都有审计追踪，数据管理方面做得较好，加密方式管理备份数据，DBS意向不强，推CSV','打电话',0,'','',1567742717,1567742717,9),(313,'crm_business',7,'今天跟李总确定了合同内容，最终敲定','见面拜访',0,'','',1567746556,1567746556,14),(314,'crm_customer',44,'马纯鑫跟我打电话确认最终价格','打电话',0,'','',1567746683,1567746683,14),(315,'crm_customer',849,'许兆颖又询问了服务器等问题','打电话',0,'','',1567746710,1567746710,14),(316,'crm_customer',897,'电话最终确认下周二见面','打电话',0,'','',1567746752,1567746752,14),(317,'crm_customer',48,'等企业信息','打电话',0,'','',1567748463,1567748463,6),(318,'crm_customer',50,'李总目前对质量体系感觉没有什么大问题。质量经理没有办法做主','打电话',0,'','',1567748540,1567748540,6),(319,'crm_customer',51,'公司还没有办法立项','打电话',0,'','',1567750190,1567750190,6),(320,'crm_customer',914,'实验室电话，网络版，计算机化系统验证自己能做，问光谱的设备情况，就说很忙，现在不需要。','打电话',0,'','',1567751282,1567751282,11),(321,'crm_customer',896,'电话和微信联系     已经发送方案   预计十五以后去现场再详细沟通一下','打电话',0,'','',1567751375,1567751375,7),(322,'crm_customer',915,'电话挂断，周一再打一次，再挂断用自己的号码打一次。','打电话',1567958400,'','',1567751567,1567751567,11),(323,'crm_customer',588,'6号客户现场拜访   和老板郭总进行沟通   他是同仁堂连锁药店的老板   新建了一个饮片企业   停产俩年   现在准备过认证   全厂招的都是新的药学本科毕业的大学生  什么都不会    想让我们帮忙做整改    要求11月中旬过认证   我给出他具体建议     预计年底之前完成   客户说考虑一下   再具体沟通  下周一再联系','打电话',1567958400,'','',1567751905,1567751905,7),(324,'crm_customer',42,'单机版9台都有审计追踪功能，购进仪器时厂家做了','打电话',0,'','',1567751913,1567751913,9),(325,'crm_customer',43,'单机版，做了一部分。CSV暂时不考虑','打电话',0,'','',1567751959,1567751959,9),(326,'crm_customer',623,'5号 我和潘老师去企业拜访客户    企业基本情况比较好   就是实验室的记录太简单   体系文件不完善   建议新建体系文件   王老师和总经理商量一下   下周一我们在具体沟通','打电话',1567958400,'','',1567752094,1567752094,7),(327,'crm_customer',455,'电话号码是空号','打电话',1567958400,'','',1567752267,1567752267,7),(328,'crm_customer',457,'安捷伦网络版  计算机化系统验证以及过了    主要负责QA   对DBS  系统感兴趣    发文件了解一下。','打电话',1568304000,'','',1567752589,1567752589,7),(329,'crm_customer',458,'电话无人接听','打电话',1567958400,'','',1567752685,1567752685,7),(330,'crm_customer',459,'客户上的安捷伦的网络版  计算机化系统验证已经做了   目前非色谱的设备没有审计追踪的正在整改    提议非色谱设备上DBS系统   客户让发微信看一下   具体下周在沟通。','打电话',1568304000,'','',1567753051,1567753051,7),(331,'crm_customer',634,'重复录入','打电话',0,'','',1567753052,1567753052,8),(332,'crm_customer',678,'单机版，设备五条，已经升级和简单验证，推荐备份系统。目前硬盘备份，三个月一次。','打电话',0,'','',1567753088,1567753088,8),(333,'crm_customer',678,'一致性评价现场核查已经通过','打电话',0,'','',1567753131,1567753131,8),(334,'crm_customer',460,'企业还在停产   企业不打算过认证了   卖企业呢','打电话',0,'','',1567753161,1567753161,7),(335,'crm_customer',418,'客户4台设备   单机版   不是数据库版本  说计算机化系统验证自己做了  推了一下DBS  说让发一下介绍   和领导申请一下。','打电话',1568304000,'','',1567753537,1567753537,7),(336,'crm_customer',805,'通过了一致性评价，企业的原料药通过FDA，目前实验的设备都验证啦。','打电话',0,'','',1567753543,1567753543,8),(337,'crm_customer',916,'生物实验室是单机版，理化实验室是网络版，CSV是安捷伦给做，现在安捷伦的工程师就在企业。具体工作是李皓李总负责。','打电话',0,'','',1567753587,1567753587,11),(338,'crm_customer',754,'一致性评价的现场核查通知下来啦。目前都是单机版，考虑数据备份系统。','打电话',0,'','',1567755088,1567755088,8),(339,'crm_customer',750,'重复客户','打电话',0,'','',1567755132,1567755132,8),(340,'crm_customer',658,'价格40-50万？','打电话',0,'','',1567755187,1567755187,8),(341,'crm_customer',650,'重复客户','打电话',0,'','',1567755241,1567755241,8),(342,'crm_customer',848,'重庆客户','打电话',0,'','',1567755286,1567755286,8),(343,'crm_customer',848,'重复客户','打电话',0,'','',1567755293,1567755293,8),(344,'crm_customer',321,'王离职啦，去啦山东一家做疫苗的企业，实验室都是单机版，色谱不用，都是紫外和其他仪器，几十台设备。继续沟通','打电话',0,'','',1567755833,1567755833,8),(345,'crm_customer',844,'一致性评价还早着呢？目前还没报上去呢。','打电话',0,'','',1567755913,1567755913,8),(346,'crm_contacts',28,'之前考虑过网络版，但是价格太高，安捷伦网络版四五十万的样子。就没做，介绍了DMS和DBS,最后对于DBS更加有兴趣，认为DBS性价比更高，不用一定要数据管理。发了资料。节前后可以预计一下拜访。','打电话',0,'','',1567756287,1567756287,11),(347,'crm_contacts',23,'介绍了光谱类的DBS和计算机化系统验证，网络版实验完毕，让发了资料，节前节后可以预约拜访。','打电话',0,'','',1567756454,1567756454,11),(348,'crm_customer',122,'一致性评价报上去了，不愿意花钱审计','打电话',0,'','',1567756705,1567756705,8),(349,'crm_customer',841,'重复客户','打电话',0,'','',1567756725,1567756725,8),(350,'crm_customer',816,'打算让钱老师做无菌冻干审计，报价两万一天','打电话',0,'','',1567756872,1567756872,8),(351,'crm_customer',818,'单机版验证，一台两万。等领导批','打电话',0,'','',1567756910,1567756910,8),(352,'crm_customer',799,'刚报一个品种上去，企业在江西亿友隔壁，月底审计时候去他家','打电话',0,'','',1567756950,1567756950,8);
/*!40000 ALTER TABLE `5kcrm_admin_record` ENABLE KEYS */;
UNLOCK TABLES;

--
-- Table structure for table `5kcrm_admin_record_file`
--

DROP TABLE IF EXISTS `5kcrm_admin_record_file`;
/*!40101 SET @saved_cs_client     = @@character_set_client */;
 SET character_set_client = utf8mb4 ;
CREATE TABLE `5kcrm_admin_record_file` (
  `r_id` int(11) NOT NULL AUTO_INCREMENT,
  `record_id` int(11) NOT NULL COMMENT '日志ID',
  `file_id` int(11) NOT NULL COMMENT '附件ID',
  PRIMARY KEY (`r_id`)
) ENGINE=InnoDB DEFAULT CHARSET=utf8 COMMENT='跟进记录附件关系表';
/*!40101 SET character_set_client = @saved_cs_client */;

--
-- Dumping data for table `5kcrm_admin_record_file`
--

LOCK TABLES `5kcrm_admin_record_file` WRITE;
/*!40000 ALTER TABLE `5kcrm_admin_record_file` DISABLE KEYS */;
/*!40000 ALTER TABLE `5kcrm_admin_record_file` ENABLE KEYS */;
UNLOCK TABLES;

--
-- Table structure for table `5kcrm_admin_rule`
--

DROP TABLE IF EXISTS `5kcrm_admin_rule`;
/*!40101 SET @saved_cs_client     = @@character_set_client */;
 SET character_set_client = utf8mb4 ;
CREATE TABLE `5kcrm_admin_rule` (
  `id` int(11) NOT NULL AUTO_INCREMENT,
  `types` tinyint(2) NOT NULL DEFAULT '0' COMMENT '0系统设置1工作台2客户管理3项目管理4人力资源5财务管理6商业智能',
  `title` varchar(100) NOT NULL DEFAULT '' COMMENT '名称',
  `name` varchar(100) NOT NULL DEFAULT '' COMMENT '定义',
  `level` tinyint(5) NOT NULL DEFAULT '0' COMMENT '级别。1模块,2控制器,3操作',
  `pid` int(11) DEFAULT '0' COMMENT '父id，默认0',
  `status` tinyint(3) DEFAULT '1' COMMENT '状态，1启用，0禁用',
  PRIMARY KEY (`id`)
) ENGINE=InnoDB AUTO_INCREMENT=97 DEFAULT CHARSET=utf8 COMMENT='权限规则表';
/*!40101 SET character_set_client = @saved_cs_client */;

--
-- Dumping data for table `5kcrm_admin_rule`
--

LOCK TABLES `5kcrm_admin_rule` WRITE;
/*!40000 ALTER TABLE `5kcrm_admin_rule` DISABLE KEYS */;
INSERT INTO `5kcrm_admin_rule` VALUES (1,2,'全部','crm',1,0,1),(2,2,'线索管理','leads',2,1,1),(3,2,'新建','save',3,2,1),(4,2,'编辑','update',3,2,1),(5,2,'查看列表','index',3,2,1),(6,2,'查看详情','read',3,2,1),(7,2,'导入','excelImport',3,2,1),(8,2,'导出','excelExport',3,2,1),(9,2,'刪除','delete',3,2,1),(10,2,'客户管理','customer',2,1,1),(11,2,'新建','save',3,10,1),(12,2,'编辑','update',3,10,1),(13,2,'查看列表','index',3,10,1),(14,2,'查看详情','read',3,10,1),(15,2,'导入','excelImport',3,10,1),(16,2,'导出','excelExport',3,10,1),(17,2,'刪除','delete',3,10,1),(18,2,'转移','transfer',3,10,1),(19,2,'放入公海','putInPool',3,10,1),(20,2,'锁定/解锁','lock',3,10,1),(21,2,'编辑团队成员','teamSave',3,10,1),(22,2,'联系人管理','contacts',2,1,1),(23,2,'新建','save',3,22,1),(24,2,'编辑','update',3,22,1),(25,2,'查看列表','index',3,22,1),(26,2,'查看详情','read',3,22,1),(27,2,'刪除','delete',3,22,1),(28,2,'转移','transfer',3,22,1),(29,2,'公海管理','customer',2,1,1),(30,2,'查看列表','pool',3,29,1),(31,2,'查看详情','read',3,29,1),(32,2,'分配','distribute',3,29,1),(33,2,'领取','receive',3,29,1),(34,2,'商机管理','business',2,1,1),(35,2,'新建','save',3,34,1),(36,2,'编辑','update',3,34,1),(37,2,'查看列表','index',3,34,1),(38,2,'查看详情','read',3,34,1),(39,2,'刪除','delete',3,34,1),(40,2,'转移','transfer',3,34,1),(41,2,'编辑团队成员','teamSave',3,34,1),(42,2,'合同管理','contract',2,1,1),(43,2,'新建','save',3,42,1),(44,2,'编辑','update',3,42,1),(45,2,'查看列表','index',3,42,1),(46,2,'查看详情','read',3,42,1),(47,2,'刪除','delete',3,42,1),(48,2,'转移','transfer',3,42,1),(49,2,'编辑团队成员','teamSave',3,42,1),(50,2,'回款管理','receivables',2,1,1),(51,2,'新建','save',3,50,1),(52,2,'编辑','update',3,50,1),(53,2,'查看列表','index',3,50,1),(54,2,'查看详情','read',3,50,1),(55,2,'刪除','delete',3,50,1),(56,2,'产品管理','product',2,1,1),(57,2,'新建','save',3,56,1),(58,2,'编辑','update',3,56,1),(59,2,'查看列表','index',3,56,1),(60,2,'查看详情','read',3,56,1),(61,2,'上架/下架','status',3,56,1),(62,6,'商业智能','bi',1,0,1),(63,6,'员工客户分析','customer',2,62,1),(64,6,'查看','read',3,63,1),(65,6,'销售漏斗分析','business',2,62,1),(66,6,'查看','read',3,65,1),(67,6,'回款统计','receivables',2,62,0),(68,6,'查看','read',3,67,0),(69,6,'产品分析','product',2,62,1),(70,6,'查看','read',3,69,1),(71,6,'业绩目标完成情况','achievement',2,62,1),(72,6,'查看','read',3,71,1),(73,2,'转移','transfer',3,2,1),(74,2,'转化','transform',3,2,1),(75,6,'员工业绩分析','contract',2,62,1),(76,6,'查看','read',3,75,1),(77,6,'客户画像分析','portrait',2,62,1),(78,6,'查看','read',3,77,1),(79,6,'排行榜','ranking',2,62,1),(80,6,'查看','read',3,79,1),(81,2,'导入','excelImport',3,22,1),(82,2,'导出','excelExport',3,22,1),(83,2,'导入','excelImport',3,56,1),(84,2,'导出','excelExport',3,56,1),(85,2,'导出','poolExcelExport',3,29,1),(86,3,'项目管理','work',1,0,1),(87,3,'项目','work',2,86,1),(88,3,'任务','task',2,86,1),(89,3,'项目设置','update',3,87,1),(90,3,'任务列表','taskClass',2,86,1),(91,3,'新建任务列表','save',3,90,1),(92,3,'编辑任务列表','update',3,90,1),(93,3,'删除任务列表','delete',3,90,1),(94,3,'创建','save',3,88,1),(95,6,'办公分析','oa',2,62,1),(96,6,'查看','read',3,95,1);
/*!40000 ALTER TABLE `5kcrm_admin_rule` ENABLE KEYS */;
UNLOCK TABLES;

--
-- Table structure for table `5kcrm_admin_scene`
--

DROP TABLE IF EXISTS `5kcrm_admin_scene`;
/*!40101 SET @saved_cs_client     = @@character_set_client */;
 SET character_set_client = utf8mb4 ;
CREATE TABLE `5kcrm_admin_scene` (
  `scene_id` int(10) NOT NULL AUTO_INCREMENT,
  `types` varchar(50) NOT NULL COMMENT '分类',
  `name` varchar(50) NOT NULL COMMENT '场景名称',
  `user_id` int(10) NOT NULL COMMENT '用户ID',
  `order_id` int(10) NOT NULL DEFAULT '1' COMMENT '排序ID',
  `data` text COMMENT '属性值',
  `is_hide` tinyint(1) NOT NULL DEFAULT '0' COMMENT '1隐藏',
  `type` tinyint(1) NOT NULL DEFAULT '0' COMMENT '1系统0自定义',
  `bydata` varchar(50) NOT NULL DEFAULT '' COMMENT '系统参数',
  `create_time` int(11) NOT NULL COMMENT '创建时间',
  `update_time` int(11) NOT NULL COMMENT '更新时间',
  PRIMARY KEY (`scene_id`)
) ENGINE=InnoDB AUTO_INCREMENT=24 DEFAULT CHARSET=utf8 COMMENT='场景';
/*!40101 SET character_set_client = @saved_cs_client */;

--
-- Dumping data for table `5kcrm_admin_scene`
--

LOCK TABLES `5kcrm_admin_scene` WRITE;
/*!40000 ALTER TABLE `5kcrm_admin_scene` DISABLE KEYS */;
INSERT INTO `5kcrm_admin_scene` VALUES (1,'crm_customer','我负责的客户',0,0,'',0,1,'me',1546272000,1546272000),(2,'crm_customer','我参与的客户',0,0,'',0,1,'mePart',1546272000,1546272000),(3,'crm_customer','下属负责的客户',0,0,'',0,1,'sub',1546272000,1546272000),(4,'crm_customer','全部客户',0,0,'',0,1,'all',1546272000,1546272000),(5,'crm_leads','我负责的线索',0,0,'',0,1,'me',1546272000,1546272000),(6,'crm_leads','下属的线索',0,0,'',0,1,'sub',1546272000,1546272000),(7,'crm_leads','全部线索',0,0,'',0,1,'all',1546272000,1546272000),(8,'crm_contacts','我负责的联系人',0,0,'',0,1,'me',1546272000,1546272000),(9,'crm_contacts','下属负责的联系人',0,0,'',0,1,'sub',1546272000,1546272000),(10,'crm_contacts','全部联系人',0,0,'',0,1,'all',1546272000,1546272000),(11,'crm_business','我负责的商机',0,0,'',0,1,'me',1546272000,1546272000),(12,'crm_business','我参与的商机',0,0,'',0,1,'mePart',1546272000,1546272000),(13,'crm_business','下属负责的商机',0,0,'',0,1,'sub',1546272000,1546272000),(14,'crm_business','全部商机',0,0,'',0,1,'all',1546272000,1546272000),(15,'crm_contract','我负责的合同',0,0,'',0,1,'me',1546272000,1546272000),(16,'crm_contract','我参与的合同',0,0,'',0,1,'mePart',1546272000,1546272000),(17,'crm_contract','下属负责的合同',0,0,'',0,1,'sub',1546272000,1546272000),(18,'crm_contract','全部合同',0,0,'',0,1,'all',1546272000,1546272000),(19,'crm_receivables','我负责的回款',0,0,'',0,1,'me',1546272000,1551515457),(20,'crm_receivables','下属负责的回款',0,1,'',0,1,'sub',1546272000,1551515457),(21,'crm_receivables','全部回款',0,2,'',0,1,'all',1546272000,1551515457),(22,'crm_product','全部产品',32,0,'',0,1,'all',1546272000,1565880837),(23,'crm_leads','已转化线索',0,0,'',0,1,'is_transform',1546272000,1546272000);
/*!40000 ALTER TABLE `5kcrm_admin_scene` ENABLE KEYS */;
UNLOCK TABLES;

--
-- Table structure for table `5kcrm_admin_scene_default`
--

DROP TABLE IF EXISTS `5kcrm_admin_scene_default`;
/*!40101 SET @saved_cs_client     = @@character_set_client */;
 SET character_set_client = utf8mb4 ;
CREATE TABLE `5kcrm_admin_scene_default` (
  `default_id` int(11) NOT NULL AUTO_INCREMENT,
  `types` varchar(50) NOT NULL COMMENT '类型',
  `user_id` int(11) NOT NULL COMMENT '人员ID',
  `scene_id` int(11) NOT NULL COMMENT '场景ID',
  UNIQUE KEY `default_id` (`default_id`)
) ENGINE=InnoDB DEFAULT CHARSET=utf8 COMMENT='场景默认关系表';
/*!40101 SET character_set_client = @saved_cs_client */;

--
-- Dumping data for table `5kcrm_admin_scene_default`
--

LOCK TABLES `5kcrm_admin_scene_default` WRITE;
/*!40000 ALTER TABLE `5kcrm_admin_scene_default` DISABLE KEYS */;
/*!40000 ALTER TABLE `5kcrm_admin_scene_default` ENABLE KEYS */;
UNLOCK TABLES;

--
-- Table structure for table `5kcrm_admin_structure`
--

DROP TABLE IF EXISTS `5kcrm_admin_structure`;
/*!40101 SET @saved_cs_client     = @@character_set_client */;
 SET character_set_client = utf8mb4 ;
CREATE TABLE `5kcrm_admin_structure` (
  `id` int(11) NOT NULL AUTO_INCREMENT,
  `name` varchar(200) NOT NULL DEFAULT '',
  `pid` int(11) DEFAULT '0',
  PRIMARY KEY (`id`)
) ENGINE=InnoDB AUTO_INCREMENT=8 DEFAULT CHARSET=utf8 COMMENT='部门表';
/*!40101 SET character_set_client = @saved_cs_client */;

--
-- Dumping data for table `5kcrm_admin_structure`
--

LOCK TABLES `5kcrm_admin_structure` WRITE;
/*!40000 ALTER TABLE `5kcrm_admin_structure` DISABLE KEYS */;
INSERT INTO `5kcrm_admin_structure` VALUES (1,'中食药',0),(2,'产品部',1),(3,'董事会',1),(4,'办公室',1),(6,'培训部',1);
/*!40000 ALTER TABLE `5kcrm_admin_structure` ENABLE KEYS */;
UNLOCK TABLES;

--
-- Table structure for table `5kcrm_admin_system`
--

DROP TABLE IF EXISTS `5kcrm_admin_system`;
/*!40101 SET @saved_cs_client     = @@character_set_client */;
 SET character_set_client = utf8mb4 ;
CREATE TABLE `5kcrm_admin_system` (
  `id` int(11) NOT NULL AUTO_INCREMENT,
  `name` varchar(100) NOT NULL,
  `value` varchar(255) NOT NULL DEFAULT '',
  `description` varchar(255) NOT NULL DEFAULT '',
  PRIMARY KEY (`id`) USING BTREE
) ENGINE=InnoDB AUTO_INCREMENT=3 DEFAULT CHARSET=utf8 ROW_FORMAT=DYNAMIC;
/*!40101 SET character_set_client = @saved_cs_client */;

--
-- Dumping data for table `5kcrm_admin_system`
--

LOCK TABLES `5kcrm_admin_system` WRITE;
/*!40000 ALTER TABLE `5kcrm_admin_system` DISABLE KEYS */;
INSERT INTO `5kcrm_admin_system` VALUES (1,'name','中食药','网站名称'),(2,'logo','','企业logo');
/*!40000 ALTER TABLE `5kcrm_admin_system` ENABLE KEYS */;
UNLOCK TABLES;

--
-- Table structure for table `5kcrm_admin_user`
--

DROP TABLE IF EXISTS `5kcrm_admin_user`;
/*!40101 SET @saved_cs_client     = @@character_set_client */;
 SET character_set_client = utf8mb4 ;
CREATE TABLE `5kcrm_admin_user` (
  `id` int(11) NOT NULL AUTO_INCREMENT COMMENT '主键',
  `username` varchar(100) NOT NULL COMMENT '管理后台账号',
  `password` varchar(100) NOT NULL COMMENT '管理后台密码',
  `salt` varchar(4) NOT NULL COMMENT '安全符',
  `img` varchar(200) NOT NULL DEFAULT '' COMMENT '头像',
  `thumb_img` varchar(200) NOT NULL DEFAULT '' COMMENT '头像缩略图',
  `create_time` int(11) NOT NULL,
  `realname` varchar(100) NOT NULL DEFAULT '' COMMENT '真实姓名',
  `num` varchar(100) NOT NULL DEFAULT '' COMMENT '员工编号',
  `email` varchar(50) NOT NULL DEFAULT '' COMMENT '邮箱',
  `mobile` varchar(50) NOT NULL DEFAULT '' COMMENT '手机号码',
  `sex` varchar(5) NOT NULL DEFAULT '' COMMENT '男、女',
  `structure_id` int(11) NOT NULL DEFAULT '0' COMMENT '部门',
  `post` varchar(50) NOT NULL DEFAULT '' COMMENT '岗位',
  `status` tinyint(3) NOT NULL DEFAULT '2' COMMENT '状态,0禁用,1启用,2未激活',
  `parent_id` int(10) NOT NULL DEFAULT '0' COMMENT '直属上级ID',
  `authkey` varchar(32) NOT NULL DEFAULT '' COMMENT '验证信息',
  `authkey_time` int(11) NOT NULL DEFAULT '0' COMMENT '验证失效时间',
  `type` tinyint(2) NOT NULL COMMENT '1系统用户 0非系统用户',
  PRIMARY KEY (`id`)
) ENGINE=InnoDB AUTO_INCREMENT=36 DEFAULT CHARSET=utf8 COMMENT='用户表';
/*!40101 SET character_set_client = @saved_cs_client */;

--
-- Dumping data for table `5kcrm_admin_user`
--

LOCK TABLES `5kcrm_admin_user` WRITE;
/*!40000 ALTER TABLE `5kcrm_admin_user` DISABLE KEYS */;
INSERT INTO `5kcrm_admin_user` VALUES (1,'18622124397','9964f1dac0e5c191b323d073e9b42557','a8bd','','',1565840175,'竭友','','18622124397@163.com','18622124397','男',3,'产品事业部经理',1,0,'e30046cd4e4549116380a097bed5ab20',1567489826,1),(2,'13911975745','769404b6776bec59af563400a79f11e9','ad8e','','',1565846342,'何旭涛','','','13911975745','男',3,'CEO',1,0,'b25ff9dfb07e8947480015a2c7edb473',1566445801,1),(3,'13290785560','37c999e6792ef54423c32dd2eaa06aa0','8e93','','',1565846493,'张碧兰','','1652097362@qq.com','13290785560','女',4,'',1,2,'95c97a3924a3102a4a8704c0c5818878',1567842693,1),(4,'18622232157','4d211b6ddf1665944dae5fa37ef23232','74ed','','',1565846653,'王彦忠','','','18622232157','男',3,'',1,0,'',0,1),(5,'13910343839','6c526e8d7219d3dcffd893d2dbd40ae3','d1a5','','',1565846689,'陈福华','','','13910343839','男',3,'',1,0,'448fa32af51601a59f12090801ac8e19',1566441073,1),(6,'13810539331','e6f07652c4f6b2001d4da59bfc7dabd5','6422','','',1565846747,'胡震山','','','13810539331','男',2,'',1,0,'cb6214582d7f41d9a84175703dc4295e',1567819634,1),(7,'13520008012','cadbfa82df1e7b4bb112b1cf674762d4','3c45','','',1565846951,'朱小苗','','','13520008012','女',2,'',1,0,'326c8c01fdaee02fc97ec92ed5cfb249',1567730464,1),(8,'18811730364','a275c1e40d8d26f1f97af40ab92edc9c','181b','','',1565846994,'孙志强','','','18811730364','男',2,'',1,0,'b316d025dda7b2b049e43c40fc99d615',1567409710,1),(9,'13552474525','4f9ef3676d609164a484ccb73ea77c30','bb9d','','',1565847041,'胡朝洋','','','13552474525','男',2,'',1,0,'1423e737d537e10a15d055f551b45d4e',1566463658,1),(10,'13520008020','eb4362e3691d4ea25ff86cf9c241ff64','ed85','','',1565848105,'尹瑞娜','','','13520008020','女',2,'',1,0,'ee2b3837c30776a14c7a7231888fd9c3',1566394830,1),(11,'13520006792','7710ee11142f47666cfe98c6e6455730','7cd0','','',1565848214,'张薪新','','','13520006792','女',2,'',1,0,'adf59ebf7210554e46ca164a392c3200',1567824053,1),(12,'13552994332','f5de51c7476cd69881e933c669693506','2179','','',1565848269,'刘迈华','','','13552994332','男',2,'',1,0,'a2ae8757940ec8e3f1ba5989c1a85b0a',1566921227,1),(13,'13520008752','d6d860b6aa042dc370838544ece0f89f','3987','','',1565849421,'何志强','','','13520008752','男',6,'',1,0,'7b40658d001f005d80c8b4429670ab77',1566270256,1),(14,'18910595418','22d4164c0dce3f62081b33e3fbf70aa1','6dda','','',1565850863,'梅宇竣','','','18910595418','男',2,'',1,0,'8e7fa2bc5ddf58d7c6a1fbdb238072c9',1567425184,1),(15,'13521853325','17ee6b55f85b5f8d1423cc389dbfc5a5','3fe6','','',1565851458,'张毅骅','','','13521853325','男',6,'部门经理',1,5,'',0,1),(16,'13520008517','3f67edffbc62f8ea8fe6df743657835d','44a8','','',1565851575,'崔佳欢','','','13520008517','男',6,'',1,0,'',0,1),(17,'13520008172','2c0f935f38d4f70cc99a45a7fd8e6891','c289','','',1565851636,'任彤','','','13520008172','女',6,'',1,0,'',0,1),(18,'13520008761','6fa603ab80acbe6aa73d0ca2a7908ad0','c1cf','','',1565851685,'于立志','','','13520008761','男',6,'',1,0,'',0,1),(19,'13520008253','eb644977e166152a56b01e71411b62f6','abfa','','',1565851762,'宫少静','','','13520008253','女',6,'',1,0,'',0,1),(20,'13521865862','b65fb2aafb76260f16d6a581da0e17d4','caa6','','',1565851867,'房玉娜','','','13521865862','女',6,'',1,0,'',0,1),(21,'13520006317','7758fb4c7f865002c573f208d5b0e435','c70f','','',1565851917,'刘海静','','','13520006317','女',6,'',1,0,'',0,1),(22,'13521853017','5b5c382372cecd2f1c385685b7d6d020','8a5c','','',1565852076,'聂华','','','13521853017','女',6,'',1,0,'',0,1),(23,'13521852803','ec8db60186a70a28ee6d818675687e00','c4d5','','',1565852162,'田冰洋','','','13521852803','男',6,'',1,0,'',0,1),(24,'13521853165','00ac85284f9f4873b9804dd5aa16c01a','b6c6','','',1565852218,'于淑国','','','13521853165','男',6,'',1,0,'',0,1),(25,'13521852857','3597f700a8a9a1da9e947f9e2601ffd7','3ee5','','',1565852564,'党招平','','','13521852857','女',6,'',1,0,'',0,1),(26,'13521853201','27d6ab4717458d889d053d6d90bd527d','a0fa','','',1565852620,'潘强','','','13521853201','男',6,'',1,0,'',0,1),(27,'13520008531','60b8c62146bcb16d939acae0cb106f02','c4e0','','',1565852686,'谷红卫','','','13520008531','男',6,'',1,0,'',0,1),(28,'13521866075','275a63ca2b907b6b8fc4f4b8ba9704a0','e527','','',1565852741,'夏玲燕','','','13521866075','女',6,'',2,0,'',0,1),(29,'13520008617','c88a71a6b4de5b8b962ac602860f0dae','1db0','','',1565852823,'刘桂朋','','','13520008617','男',6,'课题策划',1,0,'',0,1),(30,'13552994307','8bc50d3054587b4eb64d9d138450f939','55e8','','',1565853130,'王鹏','','','13552994307','男',2,'',1,0,'cd6f483fa8aa7632aa5c88f62ddd44a1',1567089490,1),(31,'18611111111','3512fa4e8649a530d415bfff55cfbb33','2f61','','',1565877230,'Test','','','18611111111','男',2,'产品部销售',1,34,'61c36e0cf1d56493e502a37f64ca3ec8',1566395706,1),(32,'18622222222','fcf1df123f6c4a0d646522adcf205268','a5c9','','',1565878159,'Test2','','','18622222222','男',2,'',1,0,'704872fc0b369a01f97081ecbcb53405',1565967074,1),(33,'18633333333','726d7ed3bb7286b3791fa6ba0d5241cc','fa5a','','',1565878669,'training1','','','18633333333','',6,'',2,0,'',0,1),(34,'18600000000','975486068de8e288881f61de358a1f75','b1bd','','',1565878698,'Manager1','','','18600000000','',2,'',1,0,'fa0f8682befdd358ae49b3adcdf6a718',1565965375,1),(35,'13521865993','70e14f3dd189a9dd274021a0b95a93e7','1e71','','',1566194387,'翟志杰','','','13521865993','女',4,'',1,2,'a1dc0aec355dbced9ad0fc7d0d9b54b9',1567576588,1);
/*!40000 ALTER TABLE `5kcrm_admin_user` ENABLE KEYS */;
UNLOCK TABLES;

--
-- Table structure for table `5kcrm_admin_user_field`
--

DROP TABLE IF EXISTS `5kcrm_admin_user_field`;
/*!40101 SET @saved_cs_client     = @@character_set_client */;
 SET character_set_client = utf8mb4 ;
CREATE TABLE `5kcrm_admin_user_field` (
  `id` int(11) NOT NULL AUTO_INCREMENT,
  `user_id` int(11) NOT NULL,
  `types` varchar(30) NOT NULL COMMENT '分类',
  `datas` text COMMENT '属性值',
  `create_time` int(11) NOT NULL COMMENT '创建时间',
  `update_time` int(11) NOT NULL COMMENT '更新时间',
  PRIMARY KEY (`id`)
) ENGINE=InnoDB AUTO_INCREMENT=18 DEFAULT CHARSET=utf8 COMMENT='自定义字段展示排序关系表';
/*!40101 SET character_set_client = @saved_cs_client */;

--
-- Dumping data for table `5kcrm_admin_user_field`
--

LOCK TABLES `5kcrm_admin_user_field` WRITE;
/*!40000 ALTER TABLE `5kcrm_admin_user_field` DISABLE KEYS */;
INSERT INTO `5kcrm_admin_user_field` VALUES (1,34,'crm_customer','{\"name\":{\"width\":\"163.39999389648438\",\"is_hide\":0},\"level\":{\"width\":\"\",\"is_hide\":0},\"industry\":{\"width\":\"\",\"is_hide\":0},\"crm_dkqyzy\":{\"width\":\"\",\"is_hide\":0},\"source\":{\"width\":\"\",\"is_hide\":0},\"deal_status\":{\"width\":\"\",\"is_hide\":0},\"telephone\":{\"width\":\"\",\"is_hide\":0},\"website\":{\"width\":\"\",\"is_hide\":0},\"next_time\":{\"width\":\"\",\"is_hide\":0},\"remark\":{\"width\":\"\",\"is_hide\":0},\"mobile\":{\"width\":\"\",\"is_hide\":0},\"create_user_id\":{\"width\":\"\",\"is_hide\":0},\"update_time\":{\"width\":\"\",\"is_hide\":0},\"create_time\":{\"width\":\"\",\"is_hide\":0},\"owner_user_id\":{\"width\":\"\",\"is_hide\":0}}',1565879093,1566047122),(2,1,'crm_contacts','{\"name\":{\"width\":\"\",\"is_hide\":0},\"customer_id\":{\"width\":\"266.6000061035156\",\"is_hide\":0},\"mobile\":{\"width\":\"\",\"is_hide\":0},\"telephone\":{\"width\":\"\",\"is_hide\":0},\"email\":{\"width\":\"\",\"is_hide\":0},\"decision\":{\"width\":\"\",\"is_hide\":0},\"post\":{\"width\":\"\",\"is_hide\":0},\"sex\":{\"width\":\"\",\"is_hide\":0},\"detail_address\":{\"width\":\"\",\"is_hide\":0},\"next_time\":{\"width\":\"\",\"is_hide\":0},\"remark\":{\"width\":\"\",\"is_hide\":0},\"create_user_id\":{\"width\":\"\",\"is_hide\":0},\"update_time\":{\"width\":\"\",\"is_hide\":0},\"create_time\":{\"width\":\"\",\"is_hide\":0},\"owner_user_id\":{\"width\":\"\",\"is_hide\":0}}',1565879548,1565879548),(3,32,'crm_customer','{\"name\":{\"width\":\"129.39999389648438\",\"is_hide\":0},\"level\":{\"width\":\"\",\"is_hide\":0},\"industry\":{\"width\":\"\",\"is_hide\":0},\"crm_dkqyzy\":{\"width\":\"\",\"is_hide\":0},\"source\":{\"width\":\"\",\"is_hide\":0},\"deal_status\":{\"width\":\"\",\"is_hide\":0},\"telephone\":{\"width\":\"\",\"is_hide\":0},\"website\":{\"width\":\"\",\"is_hide\":0},\"next_time\":{\"width\":\"\",\"is_hide\":0},\"remark\":{\"width\":\"\",\"is_hide\":0},\"mobile\":{\"width\":\"\",\"is_hide\":0},\"create_user_id\":{\"width\":\"\",\"is_hide\":0},\"update_time\":{\"width\":\"\",\"is_hide\":0},\"create_time\":{\"width\":\"\",\"is_hide\":0},\"owner_user_id\":{\"width\":\"\",\"is_hide\":0}}',1565879604,1566047122),(4,1,'crm_customer','{\"name\":{\"width\":\"208\",\"is_hide\":0},\"level\":{\"width\":\"185.79998779296875\",\"is_hide\":0},\"owner_user_id\":{\"width\":\"\",\"is_hide\":0},\"industry\":{\"width\":\"170.19998168945312\",\"is_hide\":0},\"create_user_id\":{\"width\":\"\",\"is_hide\":0},\"update_time\":{\"width\":\"153.39996337890625\",\"is_hide\":0},\"create_time\":{\"width\":\"138.79998779296875\",\"is_hide\":0},\"crm_xqjlyw\":{\"width\":\"129\",\"is_hide\":0},\"crm_bzhouh\":{\"width\":\"\",\"is_hide\":1},\"crm_dkqyzy\":{\"width\":\"\",\"is_hide\":1},\"source\":{\"width\":\"\",\"is_hide\":1},\"deal_status\":{\"width\":\"\",\"is_hide\":1},\"telephone\":{\"width\":\"\",\"is_hide\":1},\"website\":{\"width\":\"\",\"is_hide\":1},\"next_time\":{\"width\":\"\",\"is_hide\":1},\"remark\":{\"width\":\"\",\"is_hide\":1},\"mobile\":{\"width\":\"\",\"is_hide\":1},\"pool_day\":{\"width\":\"119.199951171875\",\"is_hide\":1}}',1565880397,1567406109),(5,1,'crm_product','{\"name\":{\"width\":\"345.6000061035156\",\"is_hide\":0},\"category_id\":{\"width\":\"\",\"is_hide\":0},\"num\":{\"width\":\"\",\"is_hide\":0},\"status\":{\"width\":\"\",\"is_hide\":0},\"unit\":{\"width\":\"\",\"is_hide\":0},\"price\":{\"width\":\"\",\"is_hide\":0},\"description\":{\"width\":\"\",\"is_hide\":0},\"create_user_id\":{\"width\":\"\",\"is_hide\":0},\"update_time\":{\"width\":\"\",\"is_hide\":0},\"create_time\":{\"width\":\"\",\"is_hide\":0},\"owner_user_id\":{\"width\":\"\",\"is_hide\":0}}',1565880905,1565880905),(6,31,'crm_customer','{\"name\":{\"width\":\"197.39999389648438\",\"is_hide\":0},\"crm_xqjlyw\":{\"width\":\"88.79998779296875\",\"is_hide\":0},\"level\":{\"width\":\"\",\"is_hide\":0},\"industry\":{\"width\":\"\",\"is_hide\":0},\"crm_dkqyzy\":{\"width\":\"\",\"is_hide\":0},\"source\":{\"width\":\"\",\"is_hide\":0},\"deal_status\":{\"width\":\"\",\"is_hide\":0},\"mobile\":{\"width\":\"\",\"is_hide\":0},\"telephone\":{\"width\":\"\",\"is_hide\":0},\"website\":{\"width\":\"\",\"is_hide\":0},\"next_time\":{\"width\":\"\",\"is_hide\":0},\"remark\":{\"width\":\"\",\"is_hide\":0},\"create_user_id\":{\"width\":\"\",\"is_hide\":0},\"update_time\":{\"width\":\"\",\"is_hide\":0},\"create_time\":{\"width\":\"\",\"is_hide\":0},\"owner_user_id\":{\"width\":\"\",\"is_hide\":0}}',1566044024,1566047122),(7,31,'crm_contacts','{\"name\":{\"width\":\"\",\"is_hide\":0},\"customer_id\":{\"width\":\"199.60000610351562\",\"is_hide\":0},\"mobile\":{\"width\":\"178.79998779296875\",\"is_hide\":0},\"telephone\":{\"width\":\"\",\"is_hide\":0},\"email\":{\"width\":\"\",\"is_hide\":0},\"decision\":{\"width\":\"\",\"is_hide\":0},\"post\":{\"width\":\"\",\"is_hide\":0},\"sex\":{\"width\":\"\",\"is_hide\":0},\"detail_address\":{\"width\":\"\",\"is_hide\":0},\"next_time\":{\"width\":\"\",\"is_hide\":0},\"remark\":{\"width\":\"\",\"is_hide\":0},\"create_user_id\":{\"width\":\"\",\"is_hide\":0},\"update_time\":{\"width\":\"\",\"is_hide\":0},\"create_time\":{\"width\":\"\",\"is_hide\":0},\"owner_user_id\":{\"width\":\"\",\"is_hide\":0}}',1566044404,1566044404),(8,31,'crm_product','{\"name\":{\"width\":\"227.79998779296875\",\"is_hide\":0},\"category_id\":{\"width\":\"\",\"is_hide\":0},\"num\":{\"width\":\"\",\"is_hide\":0},\"status\":{\"width\":\"\",\"is_hide\":0},\"unit\":{\"width\":\"\",\"is_hide\":0},\"price\":{\"width\":\"\",\"is_hide\":0},\"description\":{\"width\":\"\",\"is_hide\":0},\"create_user_id\":{\"width\":\"\",\"is_hide\":0},\"update_time\":{\"width\":\"\",\"is_hide\":0},\"create_time\":{\"width\":\"\",\"is_hide\":0},\"owner_user_id\":{\"width\":\"\",\"is_hide\":0}}',1566045454,1566045454),(9,31,'crm_customer_pool','{\"name\":{\"width\":\"142.79998779296875\",\"is_hide\":0},\"crm_xqjlyw\":{\"width\":\"\",\"is_hide\":0},\"level\":{\"width\":\"\",\"is_hide\":0},\"industry\":{\"width\":\"\",\"is_hide\":0},\"crm_dkqyzy\":{\"width\":\"\",\"is_hide\":0},\"source\":{\"width\":\"\",\"is_hide\":0},\"deal_status\":{\"width\":\"\",\"is_hide\":0},\"crm_broxyl\":{\"width\":\"\",\"is_hide\":0},\"mobile\":{\"width\":\"\",\"is_hide\":0},\"telephone\":{\"width\":\"\",\"is_hide\":0},\"website\":{\"width\":\"\",\"is_hide\":0},\"next_time\":{\"width\":\"\",\"is_hide\":0},\"remark\":{\"width\":\"\",\"is_hide\":0},\"create_user_id\":{\"width\":\"\",\"is_hide\":0},\"update_time\":{\"width\":\"\",\"is_hide\":0},\"create_time\":{\"width\":\"\",\"is_hide\":0},\"owner_user_id\":{\"width\":\"\",\"is_hide\":0}}',1566045820,1566045820),(10,9,'crm_customer','{\"name\":{\"width\":\"112\",\"is_hide\":0},\"crm_xqjlyw\":{\"width\":\"\",\"is_hide\":0},\"level\":{\"width\":\"\",\"is_hide\":0},\"industry\":{\"width\":\"\",\"is_hide\":0},\"crm_dkqyzy\":{\"width\":\"103\",\"is_hide\":0},\"source\":{\"width\":\"107\",\"is_hide\":0},\"deal_status\":{\"width\":\"75\",\"is_hide\":0},\"crm_bzhouh\":{\"width\":\"\",\"is_hide\":0},\"mobile\":{\"width\":\"\",\"is_hide\":0},\"telephone\":{\"width\":\"\",\"is_hide\":0},\"website\":{\"width\":\"\",\"is_hide\":0},\"next_time\":{\"width\":\"\",\"is_hide\":0},\"remark\":{\"width\":\"\",\"is_hide\":0},\"create_user_id\":{\"width\":\"\",\"is_hide\":0},\"update_time\":{\"width\":\"\",\"is_hide\":0},\"create_time\":{\"width\":\"\",\"is_hide\":0},\"owner_user_id\":{\"width\":\"\",\"is_hide\":0}}',1566199395,1566199395),(11,3,'crm_product','{\"name\":{\"width\":\"356\",\"is_hide\":0},\"category_id\":{\"width\":\"\",\"is_hide\":0},\"num\":{\"width\":\"87\",\"is_hide\":0},\"status\":{\"width\":\"72\",\"is_hide\":0},\"unit\":{\"width\":\"54\",\"is_hide\":0},\"price\":{\"width\":\"88\",\"is_hide\":0},\"description\":{\"width\":\"277\",\"is_hide\":0},\"crm_ocgkro\":{\"width\":\"56\",\"is_hide\":0},\"crm_rjpyfk\":{\"width\":\"49\",\"is_hide\":0},\"crm_ljoxkk\":{\"width\":\"43\",\"is_hide\":0},\"crm_xtxtlu\":{\"width\":\"47\",\"is_hide\":0},\"crm_ynuyok\":{\"width\":\"43\",\"is_hide\":0},\"create_user_id\":{\"width\":\"48\",\"is_hide\":0},\"update_time\":{\"width\":\"\",\"is_hide\":0},\"create_time\":{\"width\":\"83\",\"is_hide\":0},\"owner_user_id\":{\"width\":\"62\",\"is_hide\":0}}',1566281715,1566281715),(12,14,'crm_customer','{\"name\":{\"width\":\"197.39999389648438\",\"is_hide\":0},\"crm_xqjlyw\":{\"width\":\"\",\"is_hide\":0},\"source\":{\"width\":\"\",\"is_hide\":0},\"deal_status\":{\"width\":\"\",\"is_hide\":0},\"crm_bzhouh\":{\"width\":\"\",\"is_hide\":0},\"mobile\":{\"width\":\"\",\"is_hide\":0},\"telephone\":{\"width\":\"\",\"is_hide\":0},\"website\":{\"width\":\"\",\"is_hide\":0},\"next_time\":{\"width\":\"\",\"is_hide\":0},\"remark\":{\"width\":\"\",\"is_hide\":0},\"create_user_id\":{\"width\":\"\",\"is_hide\":0},\"update_time\":{\"width\":\"\",\"is_hide\":0},\"create_time\":{\"width\":\"\",\"is_hide\":0},\"owner_user_id\":{\"width\":\"\",\"is_hide\":0},\"pool_day\":{\"width\":\"119.199951171875\",\"is_hide\":0},\"level\":{\"width\":\"\",\"is_hide\":1},\"industry\":{\"width\":\"\",\"is_hide\":1},\"crm_dkqyzy\":{\"width\":\"\",\"is_hide\":1}}',1566308360,1567683164),(13,31,'crm_business','{\"name\":{\"width\":\"\",\"is_hide\":0},\"customer_id\":{\"width\":\"142.19998168945312\",\"is_hide\":0},\"type_id\":{\"width\":\"\",\"is_hide\":0},\"status_id\":{\"width\":\"\",\"is_hide\":0},\"money\":{\"width\":\"\",\"is_hide\":0},\"deal_date\":{\"width\":\"151.5999755859375\",\"is_hide\":0},\"remark\":{\"width\":\"\",\"is_hide\":0},\"create_user_id\":{\"width\":\"\",\"is_hide\":0},\"update_time\":{\"width\":\"\",\"is_hide\":0},\"create_time\":{\"width\":\"\",\"is_hide\":0},\"owner_user_id\":{\"width\":\"\",\"is_hide\":0}}',1566309221,1566309221),(14,1,'crm_business','{\"name\":{\"width\":\"122.60000610351562\",\"is_hide\":0},\"customer_id\":{\"width\":\"176\",\"is_hide\":0},\"type_id\":{\"width\":\"\",\"is_hide\":0},\"status_id\":{\"width\":\"\",\"is_hide\":0},\"money\":{\"width\":\"\",\"is_hide\":0},\"deal_date\":{\"width\":\"\",\"is_hide\":0},\"remark\":{\"width\":\"110.20001220703125\",\"is_hide\":0},\"create_user_id\":{\"width\":\"\",\"is_hide\":0},\"update_time\":{\"width\":\"\",\"is_hide\":0},\"create_time\":{\"width\":\"\",\"is_hide\":0},\"owner_user_id\":{\"width\":\"\",\"is_hide\":0}}',1566309743,1566309743),(15,1,'crm_customer_pool','{\"name\":{\"width\":\"252.79998779296875\",\"is_hide\":0},\"crm_xqjlyw\":{\"width\":\"\",\"is_hide\":0},\"level\":{\"width\":\"\",\"is_hide\":0},\"industry\":{\"width\":\"\",\"is_hide\":0},\"crm_dkqyzy\":{\"width\":\"\",\"is_hide\":0},\"source\":{\"width\":\"\",\"is_hide\":0},\"deal_status\":{\"width\":\"\",\"is_hide\":0},\"crm_bzhouh\":{\"width\":\"\",\"is_hide\":0},\"mobile\":{\"width\":\"\",\"is_hide\":0},\"telephone\":{\"width\":\"\",\"is_hide\":0},\"website\":{\"width\":\"\",\"is_hide\":0},\"next_time\":{\"width\":\"\",\"is_hide\":0},\"remark\":{\"width\":\"\",\"is_hide\":0},\"create_user_id\":{\"width\":\"\",\"is_hide\":0},\"update_time\":{\"width\":\"\",\"is_hide\":0},\"create_time\":{\"width\":\"\",\"is_hide\":0},\"owner_user_id\":{\"width\":\"\",\"is_hide\":0}}',1566826987,1566826987),(16,9,'crm_product','{\"name\":{\"width\":\"232\",\"is_hide\":0},\"category_id\":{\"width\":\"\",\"is_hide\":0},\"num\":{\"width\":\"\",\"is_hide\":0},\"status\":{\"width\":\"\",\"is_hide\":0},\"unit\":{\"width\":\"\",\"is_hide\":0},\"price\":{\"width\":\"\",\"is_hide\":0},\"description\":{\"width\":\"\",\"is_hide\":0},\"crm_ocgkro\":{\"width\":\"\",\"is_hide\":0},\"crm_rjpyfk\":{\"width\":\"\",\"is_hide\":0},\"crm_ljoxkk\":{\"width\":\"\",\"is_hide\":0},\"crm_xtxtlu\":{\"width\":\"\",\"is_hide\":0},\"crm_ynuyok\":{\"width\":\"\",\"is_hide\":0},\"create_user_id\":{\"width\":\"\",\"is_hide\":0},\"update_time\":{\"width\":\"\",\"is_hide\":0},\"create_time\":{\"width\":\"\",\"is_hide\":0},\"owner_user_id\":{\"width\":\"\",\"is_hide\":0}}',1566875816,1566875816),(17,8,'crm_customer_pool','{\"name\":{\"width\":\"192.33331298828125\",\"is_hide\":0},\"crm_xqjlyw\":{\"width\":\"\",\"is_hide\":0},\"level\":{\"width\":\"\",\"is_hide\":0},\"industry\":{\"width\":\"\",\"is_hide\":0},\"crm_dkqyzy\":{\"width\":\"\",\"is_hide\":0},\"source\":{\"width\":\"\",\"is_hide\":0},\"deal_status\":{\"width\":\"\",\"is_hide\":0},\"crm_bzhouh\":{\"width\":\"\",\"is_hide\":0},\"mobile\":{\"width\":\"\",\"is_hide\":0},\"telephone\":{\"width\":\"\",\"is_hide\":0},\"website\":{\"width\":\"\",\"is_hide\":0},\"next_time\":{\"width\":\"\",\"is_hide\":0},\"remark\":{\"width\":\"\",\"is_hide\":0},\"create_user_id\":{\"width\":\"\",\"is_hide\":0},\"update_time\":{\"width\":\"\",\"is_hide\":0},\"create_time\":{\"width\":\"\",\"is_hide\":0},\"owner_user_id\":{\"width\":\"\",\"is_hide\":0}}',1567671022,1567671022);
/*!40000 ALTER TABLE `5kcrm_admin_user_field` ENABLE KEYS */;
UNLOCK TABLES;

--
-- Table structure for table `5kcrm_admin_user_threeparty`
--

DROP TABLE IF EXISTS `5kcrm_admin_user_threeparty`;
/*!40101 SET @saved_cs_client     = @@character_set_client */;
 SET character_set_client = utf8mb4 ;
CREATE TABLE `5kcrm_admin_user_threeparty` (
  `id` int(10) NOT NULL AUTO_INCREMENT COMMENT '主键',
  `user_id` int(10) NOT NULL COMMENT '用户ID',
  `ding_id` varchar(100) NOT NULL COMMENT '钉钉userID',
  PRIMARY KEY (`id`)
) ENGINE=InnoDB DEFAULT CHARSET=utf8 COMMENT='关联第三方';
/*!40101 SET character_set_client = @saved_cs_client */;

--
-- Dumping data for table `5kcrm_admin_user_threeparty`
--

LOCK TABLES `5kcrm_admin_user_threeparty` WRITE;
/*!40000 ALTER TABLE `5kcrm_admin_user_threeparty` DISABLE KEYS */;
/*!40000 ALTER TABLE `5kcrm_admin_user_threeparty` ENABLE KEYS */;
UNLOCK TABLES;

--
-- Table structure for table `5kcrm_crm_achievement`
--

DROP TABLE IF EXISTS `5kcrm_crm_achievement`;
/*!40101 SET @saved_cs_client     = @@character_set_client */;
 SET character_set_client = utf8mb4 ;
CREATE TABLE `5kcrm_crm_achievement` (
  `achievement_id` int(11) NOT NULL AUTO_INCREMENT,
  `name` varchar(50) NOT NULL DEFAULT '' COMMENT '名字',
  `obj_id` int(11) NOT NULL DEFAULT '0' COMMENT '对象ID',
  `type` tinyint(2) NOT NULL DEFAULT '0' COMMENT '1公司2部门3员工',
  `year` int(8) NOT NULL COMMENT '年',
  `january` decimal(18,2) NOT NULL DEFAULT '0.00' COMMENT '一月',
  `february` decimal(18,2) NOT NULL DEFAULT '0.00' COMMENT '二月',
  `march` decimal(18,2) NOT NULL DEFAULT '0.00' COMMENT '三月',
  `april` decimal(18,2) NOT NULL DEFAULT '0.00' COMMENT '四月',
  `may` decimal(18,2) NOT NULL DEFAULT '0.00' COMMENT '五月',
  `june` decimal(18,2) NOT NULL DEFAULT '0.00' COMMENT '六月',
  `july` decimal(18,2) NOT NULL DEFAULT '0.00' COMMENT '七月',
  `august` decimal(18,2) NOT NULL DEFAULT '0.00' COMMENT '八月',
  `september` decimal(18,2) NOT NULL DEFAULT '0.00' COMMENT '九月',
  `october` decimal(18,2) NOT NULL DEFAULT '0.00' COMMENT '十月',
  `november` decimal(18,2) NOT NULL DEFAULT '0.00' COMMENT '十一月',
  `december` decimal(18,2) NOT NULL DEFAULT '0.00' COMMENT '十二月',
  `status` tinyint(2) NOT NULL DEFAULT '0' COMMENT '1销售（目标）2回款（目标）',
  `yeartarget` decimal(18,2) NOT NULL DEFAULT '0.00' COMMENT '年目标',
  PRIMARY KEY (`achievement_id`) USING BTREE
) ENGINE=InnoDB AUTO_INCREMENT=6 DEFAULT CHARSET=utf8 ROW_FORMAT=DYNAMIC;
/*!40101 SET character_set_client = @saved_cs_client */;

--
-- Dumping data for table `5kcrm_crm_achievement`
--

LOCK TABLES `5kcrm_crm_achievement` WRITE;
/*!40000 ALTER TABLE `5kcrm_crm_achievement` DISABLE KEYS */;
INSERT INTO `5kcrm_crm_achievement` VALUES (1,'中食药',1,2,2019,0.00,0.00,0.00,0.00,0.00,0.00,0.00,0.00,0.00,0.00,0.00,0.00,1,0.00),(2,'产品部',2,2,2019,0.00,0.00,0.00,0.00,0.00,0.00,0.00,70000.00,70000.00,140000.00,210000.00,210000.00,1,700000.00),(3,'董事会',3,2,2019,0.00,0.00,0.00,0.00,0.00,0.00,0.00,0.00,0.00,0.00,0.00,0.00,1,0.00),(4,'办公室',4,2,2019,0.00,0.00,0.00,0.00,0.00,0.00,0.00,0.00,0.00,0.00,0.00,0.00,1,0.00),(5,'培训部',6,2,2019,0.00,0.00,0.00,0.00,0.00,0.00,0.00,0.00,0.00,0.00,0.00,0.00,1,0.00);
/*!40000 ALTER TABLE `5kcrm_crm_achievement` ENABLE KEYS */;
UNLOCK TABLES;

--
-- Table structure for table `5kcrm_crm_business`
--

DROP TABLE IF EXISTS `5kcrm_crm_business`;
/*!40101 SET @saved_cs_client     = @@character_set_client */;
 SET character_set_client = utf8mb4 ;
CREATE TABLE `5kcrm_crm_business` (
  `business_id` int(11) NOT NULL AUTO_INCREMENT,
  `customer_id` varchar(255) CHARACTER SET utf8 COLLATE utf8_general_ci DEFAULT NULL COMMENT '客户名称',
  `type_id` varchar(255) CHARACTER SET utf8 COLLATE utf8_general_ci DEFAULT NULL COMMENT '商机状态组',
  `status_id` varchar(255) CHARACTER SET utf8 COLLATE utf8_general_ci DEFAULT NULL COMMENT '商机阶段',
  `status_time` int(11) NOT NULL DEFAULT '0' COMMENT '阶段推进时间',
  `is_end` tinyint(4) NOT NULL DEFAULT '0' COMMENT '1赢单2输单3无效',
  `next_time` int(11) NOT NULL DEFAULT '0' COMMENT '下次联系时间',
  `name` varchar(255) CHARACTER SET utf8 COLLATE utf8_general_ci DEFAULT NULL COMMENT '商机名称',
  `money` decimal(18,2) DEFAULT '0.00' COMMENT '商机金额',
  `total_price` decimal(18,2) NOT NULL DEFAULT '0.00' COMMENT '产品总金额',
  `deal_date` date DEFAULT NULL COMMENT '预计成交日期',
  `discount_rate` decimal(10,2) NOT NULL DEFAULT '0.00' COMMENT '整单折扣',
  `remark` text COMMENT '备注',
  `create_user_id` int(10) NOT NULL COMMENT '创建人ID',
  `owner_user_id` int(10) NOT NULL COMMENT '负责人ID',
  `ro_user_id` varchar(500) NOT NULL DEFAULT '' COMMENT '只读权限',
  `rw_user_id` varchar(500) NOT NULL DEFAULT '' COMMENT '读写权限',
  `create_time` int(11) NOT NULL COMMENT '创建时间',
  `update_time` int(11) NOT NULL COMMENT '更新时间',
  PRIMARY KEY (`business_id`)
) ENGINE=InnoDB AUTO_INCREMENT=29 DEFAULT CHARSET=utf8 COMMENT='商机表';
/*!40101 SET character_set_client = @saved_cs_client */;

--
-- Dumping data for table `5kcrm_crm_business`
--

LOCK TABLES `5kcrm_crm_business` WRITE;
/*!40000 ALTER TABLE `5kcrm_crm_business` DISABLE KEYS */;
INSERT INTO `5kcrm_crm_business` VALUES (3,'5','1','6',1566309406,0,0,'DMS单机版',70000.00,0.00,'2019-11-30',0.00,'',9,9,'',',8,',1566196311,1566309406),(4,'4','1','4',0,0,0,'CSV',0.00,0.00,'2019-12-31',0.00,'',9,9,'',',8,',1566204800,1566204800),(5,'9','1','5',0,0,0,'会员需求',0.00,0.00,'2019-12-31',0.00,'',9,9,'',',8,',1566204830,1566205817),(6,'13','1','6',0,0,0,'实验室体系审计',45000.00,0.00,'2019-10-14',60.00,'',14,14,'','',1566303813,1566303813),(7,'14','1','7',1567746534,1,0,'FDA 483警告信 体系整改',535000.00,0.00,'2019-09-09',0.00,'已签约',14,14,'','',1566304439,1567746632),(8,'15','1','6',0,0,0,'新药注册现场一致性评价',1600000.00,0.00,'2020-01-01',0.00,'等待他们二期临床方案下来，',14,14,'','',1566305010,1566305010),(9,'16','1','6',0,0,0,'GMP新建厂房咨询',520000.00,0.00,'2019-12-31',0.00,'等待他们生产许可证办下来',14,14,'','',1566305404,1566305404),(10,'17','1','5',0,0,0,'DMS网络版',350000.00,0.00,'2019-12-31',0.00,'等待搬新厂',14,14,'','',1566306046,1566306046),(11,'18','1','6',0,0,0,'DMS网络版',400000.00,0.00,'2019-12-31',0.00,'等万通总部做完',14,14,'','',1566306183,1566306183),(12,'19','1','6',0,0,0,'新药现场审计',75000.00,0.00,'2020-01-07',0.00,'12月方法转移，1月初差不多三批工艺验证结束，进审计',14,14,'','',1566306396,1566306396),(13,'36','1','4',0,0,0,'csv',25000.00,0.00,'2019-11-30',0.00,'预计九月份先让咱们做一台难度较高的设备，后期想自己尝试着做。',11,11,'','',1566398812,1566398812),(14,'22','1','4',0,0,0,'CSV',200000.00,0.00,'2020-09-30',0.00,'还没有GMP证书，预计认证前做CSV。',11,11,'','',1566398946,1566398946),(15,'44','1','7',1567339150,0,0,'DAS,DBS,CSV，CSV体系',200000.00,0.00,'2019-11-22',0.00,'前期审计结束，项目推进阶段',14,14,'','',1566441334,1567339183),(16,'82','1','4',0,0,0,'CSV',0.00,0.00,'2019-12-31',0.00,'',9,9,'','',1566570398,1566570398),(17,'89','1','4',0,0,0,'CSV',0.00,0.00,'2020-02-29',0.00,'',9,9,'','',1566571153,1566571687),(18,'93','1','4',0,0,0,'CSV',0.00,0.00,'2020-05-31',0.00,'',9,9,'','',1566571493,1566571493),(19,'94','1','4',0,0,0,'CSV',0.00,0.00,'2020-05-31',0.00,'',9,9,'','',1566571623,1566571623),(20,'95','1','4',0,0,0,'CSV',0.00,0.00,'2020-05-31',0.00,'',9,9,'','',1566571973,1566571973),(21,'96','1','4',0,0,0,'CSV',0.00,0.00,'2020-05-31',0.00,'',9,9,'','',1566572067,1566572067),(22,'100','1','4',0,0,0,'CSV',0.00,0.00,'2020-05-31',0.00,'',9,9,'','',1566572439,1566572439),(23,'69','1','4',0,0,0,'CSV',0.00,0.00,'2020-05-31',0.00,'',9,9,'','',1566573440,1566573440),(24,'575','1','4',0,0,0,'DMS、CSV',500000.00,0.00,'2020-12-31',0.00,'单机版，安捷伦品牌比较多，预计首选安捷伦网络版，DMS可以推荐，跟踪一下。即使选择安捷伦网络版，也可以重点推荐我们的CSV.',11,11,'','',1567049236,1567049236),(25,'158','1','4',0,0,0,'咨询与CSV',0.00,0.00,'2020-09-30',0.00,'企业准备过FDA，目前有一定的缺陷。之前也咨询过数据可靠性的问题，客户目前验证还没有做。后续跟进。',11,11,'','',1567480398,1567480424),(26,'859','1','4',0,0,0,'DBS',0.00,0.00,'2020-09-30',0.00,'',11,11,'','',1567493324,1567493324),(27,'881','1','4',0,0,0,'DBS+CSV',0.00,0.00,'2020-10-31',0.00,'',11,11,'','',1567588297,1567588297),(28,'885','1','5',0,0,0,'DMS或DBS',0.00,0.00,'2020-09-30',0.00,'',11,11,'','',1567649864,1567649977);
/*!40000 ALTER TABLE `5kcrm_crm_business` ENABLE KEYS */;
UNLOCK TABLES;

--
-- Table structure for table `5kcrm_crm_business_file`
--

DROP TABLE IF EXISTS `5kcrm_crm_business_file`;
/*!40101 SET @saved_cs_client     = @@character_set_client */;
 SET character_set_client = utf8mb4 ;
CREATE TABLE `5kcrm_crm_business_file` (
  `r_id` int(11) NOT NULL AUTO_INCREMENT,
  `business_id` int(11) NOT NULL COMMENT '商机ID',
  `file_id` int(11) NOT NULL COMMENT '附件ID',
  PRIMARY KEY (`r_id`)
) ENGINE=InnoDB DEFAULT CHARSET=utf8 COMMENT='商机附件关系表';
/*!40101 SET character_set_client = @saved_cs_client */;

--
-- Dumping data for table `5kcrm_crm_business_file`
--

LOCK TABLES `5kcrm_crm_business_file` WRITE;
/*!40000 ALTER TABLE `5kcrm_crm_business_file` DISABLE KEYS */;
/*!40000 ALTER TABLE `5kcrm_crm_business_file` ENABLE KEYS */;
UNLOCK TABLES;

--
-- Table structure for table `5kcrm_crm_business_log`
--

DROP TABLE IF EXISTS `5kcrm_crm_business_log`;
/*!40101 SET @saved_cs_client     = @@character_set_client */;
 SET character_set_client = utf8mb4 ;
CREATE TABLE `5kcrm_crm_business_log` (
  `id` int(11) NOT NULL AUTO_INCREMENT,
  `business_id` int(11) NOT NULL COMMENT '商机id',
  `status_id` int(11) NOT NULL COMMENT '状态id',
  `is_end` tinyint(4) NOT NULL COMMENT '1赢单2输单3无效',
  `create_time` int(11) NOT NULL COMMENT '创建时间',
  `owner_user_id` int(11) NOT NULL COMMENT '负责人',
  `remark` varchar(500) NOT NULL DEFAULT '' COMMENT '备注',
  PRIMARY KEY (`id`) USING BTREE
) ENGINE=InnoDB AUTO_INCREMENT=34 DEFAULT CHARSET=utf8 ROW_FORMAT=DYNAMIC COMMENT='商机推进日志';
/*!40101 SET character_set_client = @saved_cs_client */;

--
-- Dumping data for table `5kcrm_crm_business_log`
--

LOCK TABLES `5kcrm_crm_business_log` WRITE;
/*!40000 ALTER TABLE `5kcrm_crm_business_log` DISABLE KEYS */;
INSERT INTO `5kcrm_crm_business_log` VALUES (1,1,4,0,1565877569,31,'新建商机'),(2,2,4,0,1566044158,31,'新建商机'),(3,2,2,2,1566047746,1,'1'),(4,3,4,0,1566196311,9,'新建商机'),(5,4,4,0,1566204801,9,'新建商机'),(6,5,5,0,1566204830,9,'新建商机'),(7,6,6,0,1566303813,14,'新建商机'),(8,7,6,0,1566304439,14,'新建商机'),(9,8,6,0,1566305010,14,'新建商机'),(10,9,6,0,1566305404,14,'新建商机'),(11,10,5,0,1566306046,14,'新建商机'),(12,11,6,0,1566306183,14,'新建商机'),(13,12,6,0,1566306396,14,'新建商机'),(14,3,6,0,1566309406,9,''),(15,13,4,0,1566398812,11,'新建商机'),(16,14,4,0,1566398947,11,'新建商机'),(17,15,5,0,1566441334,14,'新建商机'),(18,16,4,0,1566570398,9,'新建商机'),(19,17,4,0,1566571154,9,'新建商机'),(20,18,4,0,1566571493,9,'新建商机'),(21,19,4,0,1566571623,9,'新建商机'),(22,20,4,0,1566571973,9,'新建商机'),(23,21,4,0,1566572067,9,'新建商机'),(24,22,4,0,1566572439,9,'新建商机'),(25,23,4,0,1566573440,9,'新建商机'),(26,24,4,0,1567049236,11,'新建商机'),(27,15,7,0,1567339151,14,''),(28,7,7,0,1567339210,14,''),(29,25,5,0,1567480398,11,'新建商机'),(30,26,4,0,1567493324,11,'新建商机'),(31,27,4,0,1567588297,11,'新建商机'),(32,28,5,0,1567649864,11,'新建商机'),(33,7,1,1,1567746535,14,'');
/*!40000 ALTER TABLE `5kcrm_crm_business_log` ENABLE KEYS */;
UNLOCK TABLES;

--
-- Table structure for table `5kcrm_crm_business_product`
--

DROP TABLE IF EXISTS `5kcrm_crm_business_product`;
/*!40101 SET @saved_cs_client     = @@character_set_client */;
 SET character_set_client = utf8mb4 ;
CREATE TABLE `5kcrm_crm_business_product` (
  `r_id` int(11) NOT NULL AUTO_INCREMENT,
  `business_id` int(11) NOT NULL COMMENT '商机ID',
  `product_id` int(11) NOT NULL COMMENT '产品ID',
  `price` decimal(18,2) NOT NULL DEFAULT '0.00' COMMENT '产品单价',
  `sales_price` decimal(18,2) NOT NULL DEFAULT '0.00' COMMENT '销售价格',
  `num` decimal(12,2) NOT NULL DEFAULT '0.00' COMMENT '数量',
  `discount` decimal(10,2) NOT NULL DEFAULT '0.00' COMMENT '折扣',
  `subtotal` decimal(18,2) NOT NULL DEFAULT '0.00' COMMENT '小计（折扣后价格）',
  `unit` varchar(50) NOT NULL DEFAULT '' COMMENT '单位',
  PRIMARY KEY (`r_id`)
) ENGINE=InnoDB AUTO_INCREMENT=9 DEFAULT CHARSET=utf8 COMMENT='商机产品关系表';
/*!40101 SET character_set_client = @saved_cs_client */;

--
-- Dumping data for table `5kcrm_crm_business_product`
--

LOCK TABLES `5kcrm_crm_business_product` WRITE;
/*!40000 ALTER TABLE `5kcrm_crm_business_product` DISABLE KEYS */;
INSERT INTO `5kcrm_crm_business_product` VALUES (1,2,1,300000.00,300000.00,0.00,0.00,0.00,'套'),(2,6,24,200000.00,250000.00,0.00,-25.00,0.00,'套'),(3,10,1,330000.00,330000.00,0.00,0.00,0.00,'套'),(4,24,24,200000.00,200000.00,0.00,0.00,0.00,'套'),(5,26,26,70800.00,70800.00,0.00,0.00,0.00,'套'),(6,27,26,70800.00,70800.00,0.00,0.00,0.00,'套'),(7,27,24,200000.00,200000.00,0.00,0.00,0.00,'套'),(8,28,26,70800.00,70800.00,0.00,0.00,0.00,'套');
/*!40000 ALTER TABLE `5kcrm_crm_business_product` ENABLE KEYS */;
UNLOCK TABLES;

--
-- Table structure for table `5kcrm_crm_business_status`
--

DROP TABLE IF EXISTS `5kcrm_crm_business_status`;
/*!40101 SET @saved_cs_client     = @@character_set_client */;
 SET character_set_client = utf8mb4 ;
CREATE TABLE `5kcrm_crm_business_status` (
  `status_id` int(11) NOT NULL AUTO_INCREMENT,
  `type_id` int(11) NOT NULL COMMENT '商机状态类别ID',
  `name` varchar(50) NOT NULL COMMENT '标识',
  `rate` varchar(20) NOT NULL COMMENT '赢单率',
  `order_id` tinyint(4) NOT NULL DEFAULT '0' COMMENT '排序',
  PRIMARY KEY (`status_id`)
) ENGINE=InnoDB AUTO_INCREMENT=12 DEFAULT CHARSET=utf8 COMMENT='商机状态';
/*!40101 SET character_set_client = @saved_cs_client */;

--
-- Dumping data for table `5kcrm_crm_business_status`
--

LOCK TABLES `5kcrm_crm_business_status` WRITE;
/*!40000 ALTER TABLE `5kcrm_crm_business_status` DISABLE KEYS */;
INSERT INTO `5kcrm_crm_business_status` VALUES (1,0,'赢单','100',99),(2,0,'输单','0',100),(3,0,'无效','0',101),(4,1,'验证客户','20',1),(5,1,'需求分析','15',2),(6,1,'方案/报价','30',3),(7,1,'谈判审核','30',4),(8,2,'验证客户','20',1),(9,2,'需求分析','15',2),(10,2,'方案/报价','30',3),(11,2,'谈判审核','30',4);
/*!40000 ALTER TABLE `5kcrm_crm_business_status` ENABLE KEYS */;
UNLOCK TABLES;

--
-- Table structure for table `5kcrm_crm_business_type`
--

DROP TABLE IF EXISTS `5kcrm_crm_business_type`;
/*!40101 SET @saved_cs_client     = @@character_set_client */;
 SET character_set_client = utf8mb4 ;
CREATE TABLE `5kcrm_crm_business_type` (
  `type_id` int(11) NOT NULL AUTO_INCREMENT,
  `name` varchar(50) NOT NULL COMMENT '标识',
  `structure_id` varchar(255) NOT NULL DEFAULT '' COMMENT '部门ID',
  `create_user_id` int(11) NOT NULL COMMENT '创建人ID',
  `create_time` int(11) NOT NULL COMMENT '创建时间',
  `update_time` int(11) NOT NULL COMMENT '更新时间',
  `status` tinyint(1) NOT NULL DEFAULT '1' COMMENT '1启用0禁用',
  PRIMARY KEY (`type_id`)
) ENGINE=InnoDB AUTO_INCREMENT=3 DEFAULT CHARSET=utf8 COMMENT='商机状态组类别';
/*!40101 SET character_set_client = @saved_cs_client */;

--
-- Dumping data for table `5kcrm_crm_business_type`
--

LOCK TABLES `5kcrm_crm_business_type` WRITE;
/*!40000 ALTER TABLE `5kcrm_crm_business_type` DISABLE KEYS */;
INSERT INTO `5kcrm_crm_business_type` VALUES (1,'产品部',',2,',1,1540973371,1540973371,1),(2,'培训部',',6,',1,1565878083,1565878083,1);
/*!40000 ALTER TABLE `5kcrm_crm_business_type` ENABLE KEYS */;
UNLOCK TABLES;

--
-- Table structure for table `5kcrm_crm_config`
--

DROP TABLE IF EXISTS `5kcrm_crm_config`;
/*!40101 SET @saved_cs_client     = @@character_set_client */;
 SET character_set_client = utf8mb4 ;
CREATE TABLE `5kcrm_crm_config` (
  `id` int(11) NOT NULL AUTO_INCREMENT,
  `name` varchar(255) NOT NULL COMMENT '标识',
  `value` varchar(255) NOT NULL COMMENT '值',
  `description` varchar(255) NOT NULL DEFAULT '' COMMENT '描述',
  PRIMARY KEY (`id`)
) ENGINE=InnoDB AUTO_INCREMENT=7 DEFAULT CHARSET=utf8 COMMENT='CRM管理相关配置';
/*!40101 SET character_set_client = @saved_cs_client */;

--
-- Dumping data for table `5kcrm_crm_config`
--

LOCK TABLES `5kcrm_crm_config` WRITE;
/*!40000 ALTER TABLE `5kcrm_crm_config` DISABLE KEYS */;
INSERT INTO `5kcrm_crm_config` VALUES (1,'follow_day','15','距跟进天数'),(2,'deal_day','90','距成交天数'),(3,'config','1','1启用规则'),(4,'contract_day','30','合同到期提醒天数'),(5,'record_type','[\"\\u6253\\u7535\\u8bdd\",\"\\u53d1\\u90ae\\u4ef6\",\"\\u53d1\\u77ed\\u4fe1\",\"\\u89c1\\u9762\\u62dc\\u8bbf\",\"\\u6d3b\\u52a8\"]','跟进记录类型'),(6,'contract_config','1','1开启');
/*!40000 ALTER TABLE `5kcrm_crm_config` ENABLE KEYS */;
UNLOCK TABLES;

--
-- Table structure for table `5kcrm_crm_contacts`
--

DROP TABLE IF EXISTS `5kcrm_crm_contacts`;
/*!40101 SET @saved_cs_client     = @@character_set_client */;
 SET character_set_client = utf8mb4 ;
CREATE TABLE `5kcrm_crm_contacts` (
  `contacts_id` int(11) NOT NULL AUTO_INCREMENT,
  `customer_id` varchar(255) CHARACTER SET utf8 COLLATE utf8_general_ci DEFAULT NULL COMMENT '客户名称',
  `name` varchar(255) CHARACTER SET utf8 COLLATE utf8_general_ci DEFAULT NULL COMMENT '姓名',
  `mobile` varchar(255) CHARACTER SET utf8 COLLATE utf8_general_ci DEFAULT NULL COMMENT '手机',
  `telephone` varchar(255) CHARACTER SET utf8 COLLATE utf8_general_ci DEFAULT NULL COMMENT '电话',
  `email` varchar(255) CHARACTER SET utf8 COLLATE utf8_general_ci DEFAULT NULL COMMENT '电子邮箱',
  `decision` varchar(500) CHARACTER SET utf8 COLLATE utf8_general_ci DEFAULT NULL COMMENT '是否关键决策人',
  `post` varchar(255) CHARACTER SET utf8 COLLATE utf8_general_ci DEFAULT NULL COMMENT '职务',
  `sex` varchar(500) CHARACTER SET utf8 COLLATE utf8_general_ci DEFAULT NULL COMMENT '性别',
  `detail_address` varchar(255) CHARACTER SET utf8 COLLATE utf8_general_ci DEFAULT NULL COMMENT '地址',
  `remark` text COMMENT '备注',
  `ro_user_id` varchar(500) NOT NULL DEFAULT '' COMMENT '只读权限',
  `rw_user_id` varchar(500) NOT NULL DEFAULT '' COMMENT '读写权限',
  `create_user_id` int(11) NOT NULL COMMENT '创建人ID',
  `owner_user_id` int(11) NOT NULL COMMENT '负责人ID',
  `next_time` int(11) DEFAULT NULL COMMENT '下次联系时间',
  `create_time` int(11) NOT NULL COMMENT '创建时间',
  `update_time` int(11) NOT NULL COMMENT '更新时间',
  `crm_qbtleb` varchar(255) CHARACTER SET utf8 COLLATE utf8_general_ci DEFAULT NULL COMMENT '部门',
  PRIMARY KEY (`contacts_id`)
) ENGINE=InnoDB AUTO_INCREMENT=35 DEFAULT CHARSET=utf8 COMMENT='联系人表';
/*!40101 SET character_set_client = @saved_cs_client */;

--
-- Dumping data for table `5kcrm_crm_contacts`
--

LOCK TABLES `5kcrm_crm_contacts` WRITE;
/*!40000 ALTER TABLE `5kcrm_crm_contacts` DISABLE KEYS */;
INSERT INTO `5kcrm_crm_contacts` VALUES (4,'11','陈梅芳','13517817072','0771-3217915','604227025@qq.com','','生产技术部经理','女','','','','',3,3,0,1566298930,1566298930,NULL),(5,'13','张莹','13793153383','','wu@163.com','是','QA经理','女','','','','',14,14,1568340000,1566304067,1566304067,NULL),(6,'15','张军','18686469186','','wu@163.com','是','总经理','男','','','','',14,14,1568340000,1566304828,1566304846,NULL),(7,'44','马纯鑫','18243675564','','wu@163.com','','质量副经理','','','','','',14,14,0,1566517841,1566517841,''),(8,'53','曾云保','18613025524','','18613025524@qq.com','是','质量授权人','男','','','','',12,12,0,1566554261,1566554261,''),(9,'22','解亮','18253158675','','404249381@qq.com','是','质量负责人','男','山东省济南市章丘区','有一些观望，不太着急。也建议先联系一下总部。','','',11,11,1567353600,1566870696,1566870696,',1,'),(10,'36','王媛媛','18561909021','','wangyuanyuan@kltpharm.com','是','质量负责人','女','青岛市高新区河东路368号蓝色生物医药产业园6号楼4层','','','',11,11,0,1566984292,1567477899,',2,'),(11,'36','王瑞玲','13863910680','','wangruiling@kltpharm.com','否','QA','女','青岛市高新区河东路368号蓝色生物医药产业园6号楼4层','','','',11,11,0,1566984436,1567489881,',2,'),(12,'36','张世宽','15318892595','','zhangshikuan@kltpharm.com','否','QA','男','','','','',11,11,0,1566984597,1566984597,',1,2,'),(13,'10','高英涵','15064038279','','gyhandfj@126.com','是','分析部负责人','女','山东省济南市经十东路7000号汉峪金谷A2-4号楼1203室','','','',11,11,1569340800,1567045985,1567046464,''),(14,'575','孙哲','13853147512','','182011560@qq.com','是','质量负责人','男','','','','',11,11,0,1567048631,1567479494,''),(15,'575','刘娟','15066137661','','2243766592@qq.com','','QC主管','女','','','','',11,11,0,1567048729,1567048876,',1,'),(16,'158','朱玉忠','17753437208','','yuzhong.zhu@qilu-pharma.com','否','QA主管','男','山东省德州市乐陵循环经济示范园齐鲁制药','人挺好说话的，之前也各种咨询过一些项目。','','',11,11,1568649600,1567480605,1567480605,',1,2,'),(17,'158','刘立春','13864056034','0531-83128029','lichun.liu@qilu-pharma.com','是','质量负责人','男','','','','',11,11,0,1567480823,1567480823,''),(18,'859','王瑞红','13934889806','','2303478280@qq.com','','质量负责人','女','','','','',11,11,1569513600,1567493213,1567493213,',1,2,'),(19,'860','徐春修','13770052493','','yllou@hishinepharm.com','否','质检部经理','男','','','','',11,11,0,1567494837,1567495004,''),(20,'867','马绒绒','18091245146','','000000000@qq.com','','主管 ','女','','','','',3,3,0,1567496119,1567496119,''),(21,'870','陈玲','18384610904','','chenling@haisco.com','','仪器分析员','','','','','',3,3,0,1567496404,1567496404,''),(22,'870','叶忠勇','18000527280','','yezy@haisco.com','','QC主任','','','','','',3,3,0,1567496464,1567496464,''),(23,'881','金老师','17305460211','','305700271@qq.com','是','质量经理','男','','','','',11,11,0,1567587747,1567756454,''),(24,'881','刘泳','0546-7720225','','liuyongf1@163.com','否','质量负责人','男','','','','',11,11,0,1567587997,1567588224,',1,'),(25,'884','赖志武','18783204559','','Peng.xiao@huiyupharma.com','','验证','','','','','',3,3,0,1567647874,1567647874,''),(26,'884','李玲慧','15828714410','','Peng.xiao@huiyupharma.com','','QC','','','','','',3,3,0,1567647916,1567647916,''),(27,'884','罗建琼','15908154086','','Peng.xiao@huiyupharma.com','','QA','','','','','',3,3,0,1567647978,1567647978,''),(28,'885','姜亮','15666383568','0546-3981912','qm@sdxhyy.com','','QC主任','男','','','','',11,11,0,1567649300,1567756287,''),(29,'885','刘丽','18505468576','0546-3981921','1512072427@qq.com','是','质量负责人','女','','','','',11,11,0,1567650075,1567650075,''),(30,'849','许兆颖','18584304617','','wu@163.com','否','质量经理','女','','','','',14,14,0,1567661778,1567661778,''),(31,'331','张冬梅','13431405652','','4485289053@qq.com','是','质量总监','女','','','','',12,12,0,1567674022,1567674022,''),(32,'895','郑士甫','18408257895','','xxxxxxx@qq.com','','QC组长','','','','','',3,3,0,1567674111,1567674111,''),(33,'45','孟令旭','13943596981','','wu@163.com','是','老板','男','','','','',14,14,0,1567682559,1567682559,''),(34,'907','陈丽娜','18053566095','','412278158@qq.com','','QC主任','女','','','','',11,11,0,1567738328,1567738436,'');
/*!40000 ALTER TABLE `5kcrm_crm_contacts` ENABLE KEYS */;
UNLOCK TABLES;

--
-- Table structure for table `5kcrm_crm_contacts_business`
--

DROP TABLE IF EXISTS `5kcrm_crm_contacts_business`;
/*!40101 SET @saved_cs_client     = @@character_set_client */;
 SET character_set_client = utf8mb4 ;
CREATE TABLE `5kcrm_crm_contacts_business` (
  `id` int(10) NOT NULL AUTO_INCREMENT,
  `contacts_id` int(10) NOT NULL,
  `business_id` int(10) NOT NULL,
  PRIMARY KEY (`id`)
) ENGINE=InnoDB AUTO_INCREMENT=5 DEFAULT CHARSET=utf8;
/*!40101 SET character_set_client = @saved_cs_client */;

--
-- Dumping data for table `5kcrm_crm_contacts_business`
--

LOCK TABLES `5kcrm_crm_contacts_business` WRITE;
/*!40000 ALTER TABLE `5kcrm_crm_contacts_business` DISABLE KEYS */;
INSERT INTO `5kcrm_crm_contacts_business` VALUES (1,29,28),(2,28,28),(3,24,27),(4,23,27);
/*!40000 ALTER TABLE `5kcrm_crm_contacts_business` ENABLE KEYS */;
UNLOCK TABLES;

--
-- Table structure for table `5kcrm_crm_contacts_file`
--

DROP TABLE IF EXISTS `5kcrm_crm_contacts_file`;
/*!40101 SET @saved_cs_client     = @@character_set_client */;
 SET character_set_client = utf8mb4 ;
CREATE TABLE `5kcrm_crm_contacts_file` (
  `r_id` int(11) NOT NULL AUTO_INCREMENT,
  `contacts_id` int(11) NOT NULL COMMENT '联系人ID',
  `file_id` int(11) NOT NULL COMMENT '附件ID',
  PRIMARY KEY (`r_id`)
) ENGINE=InnoDB DEFAULT CHARSET=utf8 COMMENT='联系人附件关系表';
/*!40101 SET character_set_client = @saved_cs_client */;

--
-- Dumping data for table `5kcrm_crm_contacts_file`
--

LOCK TABLES `5kcrm_crm_contacts_file` WRITE;
/*!40000 ALTER TABLE `5kcrm_crm_contacts_file` DISABLE KEYS */;
/*!40000 ALTER TABLE `5kcrm_crm_contacts_file` ENABLE KEYS */;
UNLOCK TABLES;

--
-- Table structure for table `5kcrm_crm_contract`
--

DROP TABLE IF EXISTS `5kcrm_crm_contract`;
/*!40101 SET @saved_cs_client     = @@character_set_client */;
 SET character_set_client = utf8mb4 ;
CREATE TABLE `5kcrm_crm_contract` (
  `contract_id` int(11) NOT NULL AUTO_INCREMENT,
  `customer_id` int(11) NOT NULL COMMENT '客户ID',
  `business_id` int(11) NOT NULL COMMENT '商机ID',
  `contacts_id` int(11) NOT NULL COMMENT '客户签约人（联系人ID）',
  `name` varchar(50) NOT NULL DEFAULT '' COMMENT '合同名称',
  `num` varchar(255) NOT NULL DEFAULT '' COMMENT '合同编号',
  `order_date` date DEFAULT NULL COMMENT '下单时间',
  `money` decimal(18,2) NOT NULL DEFAULT '0.00' COMMENT '合同金额',
  `total_price` decimal(18,2) NOT NULL DEFAULT '0.00' COMMENT '产品总金额',
  `discount_rate` decimal(10,2) NOT NULL DEFAULT '0.00' COMMENT '整单折扣',
  `check_status` tinyint(4) NOT NULL DEFAULT '0' COMMENT '0待审核、1审核中、2审核通过、3审核未通过',
  `flow_id` int(11) NOT NULL DEFAULT '0' COMMENT '审核流程ID',
  `order_id` int(11) NOT NULL DEFAULT '0' COMMENT '审核步骤排序ID',
  `check_user_id` varchar(255) NOT NULL DEFAULT '' COMMENT '审批人IDs',
  `flow_user_id` varchar(255) NOT NULL DEFAULT '' COMMENT '流程审批人ID',
  `start_time` date DEFAULT NULL COMMENT '开始时间',
  `end_time` date DEFAULT NULL COMMENT '结束时间',
  `order_user_id` varchar(255) NOT NULL DEFAULT '' COMMENT '公司签约人',
  `remark` text COMMENT '备注',
  `create_user_id` int(10) NOT NULL COMMENT '创建人ID',
  `owner_user_id` int(10) NOT NULL COMMENT '负责人ID',
  `ro_user_id` varchar(500) NOT NULL DEFAULT '' COMMENT '只读权限',
  `rw_user_id` varchar(500) NOT NULL DEFAULT '' COMMENT '读写权限',
  `next_time` int(11) NOT NULL DEFAULT '0' COMMENT '下次联系时间',
  `create_time` int(11) NOT NULL COMMENT '创建时间',
  `update_time` int(11) NOT NULL COMMENT '更新时间',
  PRIMARY KEY (`contract_id`)
) ENGINE=InnoDB AUTO_INCREMENT=3 DEFAULT CHARSET=utf8 COMMENT='合同表';
/*!40101 SET character_set_client = @saved_cs_client */;

--
-- Dumping data for table `5kcrm_crm_contract`
--

LOCK TABLES `5kcrm_crm_contract` WRITE;
/*!40000 ALTER TABLE `5kcrm_crm_contract` DISABLE KEYS */;
INSERT INTO `5kcrm_crm_contract` VALUES (2,14,7,0,'FDA回复指导与质量体系提升项目服务','JHTX-FDA-MYJ-2019039','2019-09-06',5350000.00,0.00,0.00,3,9,1,',1,','','2019-09-09','2020-09-10',',14,','',14,14,'','',0,1567750122,1567756244);
/*!40000 ALTER TABLE `5kcrm_crm_contract` ENABLE KEYS */;
UNLOCK TABLES;

--
-- Table structure for table `5kcrm_crm_contract_file`
--

DROP TABLE IF EXISTS `5kcrm_crm_contract_file`;
/*!40101 SET @saved_cs_client     = @@character_set_client */;
 SET character_set_client = utf8mb4 ;
CREATE TABLE `5kcrm_crm_contract_file` (
  `r_id` int(11) NOT NULL AUTO_INCREMENT,
  `contract_id` int(11) NOT NULL COMMENT '合同ID',
  `file_id` int(11) NOT NULL COMMENT '附件ID',
  PRIMARY KEY (`r_id`)
) ENGINE=InnoDB DEFAULT CHARSET=utf8 COMMENT='合同附件关系表';
/*!40101 SET character_set_client = @saved_cs_client */;

--
-- Dumping data for table `5kcrm_crm_contract_file`
--

LOCK TABLES `5kcrm_crm_contract_file` WRITE;
/*!40000 ALTER TABLE `5kcrm_crm_contract_file` DISABLE KEYS */;
/*!40000 ALTER TABLE `5kcrm_crm_contract_file` ENABLE KEYS */;
UNLOCK TABLES;

--
-- Table structure for table `5kcrm_crm_contract_product`
--

DROP TABLE IF EXISTS `5kcrm_crm_contract_product`;
/*!40101 SET @saved_cs_client     = @@character_set_client */;
 SET character_set_client = utf8mb4 ;
CREATE TABLE `5kcrm_crm_contract_product` (
  `r_id` int(11) NOT NULL AUTO_INCREMENT,
  `contract_id` int(11) NOT NULL COMMENT '合同ID',
  `product_id` int(11) NOT NULL COMMENT '产品ID',
  `price` decimal(18,2) NOT NULL DEFAULT '0.00' COMMENT '产品单价',
  `sales_price` decimal(18,2) NOT NULL DEFAULT '0.00' COMMENT '销售价格',
  `num` decimal(12,2) NOT NULL DEFAULT '0.00' COMMENT '数量',
  `discount` decimal(10,2) NOT NULL DEFAULT '0.00' COMMENT '折扣',
  `subtotal` decimal(18,2) NOT NULL DEFAULT '0.00' COMMENT '小计（折扣后价格）',
  `unit` varchar(50) NOT NULL DEFAULT '' COMMENT '单位',
  PRIMARY KEY (`r_id`)
) ENGINE=InnoDB AUTO_INCREMENT=2 DEFAULT CHARSET=utf8 COMMENT='合同产品关系表';
/*!40101 SET character_set_client = @saved_cs_client */;

--
-- Dumping data for table `5kcrm_crm_contract_product`
--

LOCK TABLES `5kcrm_crm_contract_product` WRITE;
/*!40000 ALTER TABLE `5kcrm_crm_contract_product` DISABLE KEYS */;
INSERT INTO `5kcrm_crm_contract_product` VALUES (1,1,2,100000.00,100000.00,1.00,0.00,100000.00,'套');
/*!40000 ALTER TABLE `5kcrm_crm_contract_product` ENABLE KEYS */;
UNLOCK TABLES;

--
-- Table structure for table `5kcrm_crm_customer`
--

DROP TABLE IF EXISTS `5kcrm_crm_customer`;
/*!40101 SET @saved_cs_client     = @@character_set_client */;
 SET character_set_client = utf8mb4 ;
CREATE TABLE `5kcrm_crm_customer` (
  `customer_id` int(11) NOT NULL AUTO_INCREMENT,
  `name` varchar(255) CHARACTER SET utf8 COLLATE utf8_general_ci DEFAULT NULL COMMENT '客户名称',
  `is_lock` tinyint(1) NOT NULL DEFAULT '0' COMMENT '1锁定',
  `deal_status` varchar(500) CHARACTER SET utf8 COLLATE utf8_general_ci DEFAULT '未成交' COMMENT '成交状态',
  `deal_time` int(11) NOT NULL COMMENT '成交时间',
  `level` varchar(500) CHARACTER SET utf8 COLLATE utf8_general_ci DEFAULT NULL COMMENT '客户级别',
  `industry` varchar(500) CHARACTER SET utf8 COLLATE utf8_general_ci DEFAULT NULL COMMENT '客户行业',
  `source` varchar(500) CHARACTER SET utf8 COLLATE utf8_general_ci DEFAULT NULL COMMENT '客户来源',
  `telephone` varchar(255) CHARACTER SET utf8 COLLATE utf8_general_ci DEFAULT NULL COMMENT '电话',
  `mobile` varchar(255) CHARACTER SET utf8 COLLATE utf8_general_ci DEFAULT NULL COMMENT '手机',
  `website` varchar(255) CHARACTER SET utf8 COLLATE utf8_general_ci DEFAULT NULL COMMENT '网址',
  `remark` text COMMENT '备注',
  `create_user_id` int(11) NOT NULL COMMENT '创建人ID',
  `owner_user_id` int(11) NOT NULL COMMENT '负责人ID',
  `ro_user_id` varchar(500) NOT NULL DEFAULT '' COMMENT '只读权限',
  `rw_user_id` varchar(500) NOT NULL DEFAULT '' COMMENT '读写权限',
  `address` varchar(255) NOT NULL DEFAULT '' COMMENT '省市区',
  `location` varchar(255) NOT NULL DEFAULT '' COMMENT '定位信息',
  `detail_address` varchar(255) NOT NULL DEFAULT '' COMMENT '详细地址',
  `lng` double(14,11) DEFAULT NULL COMMENT '地理位置经度',
  `lat` double(14,11) DEFAULT NULL COMMENT '地理位置维度',
  `next_time` int(11) DEFAULT NULL COMMENT '下次联系时间',
  `follow` varchar(20) DEFAULT NULL COMMENT '跟进',
  `create_time` int(11) NOT NULL COMMENT '创建时间',
  `update_time` int(11) NOT NULL COMMENT '更新时间',
  `crm_dkqyzy` varchar(500) CHARACTER SET utf8 COLLATE utf8_general_ci DEFAULT '产品事业部' COMMENT '所属部门',
  `crm_xqjlyw` varchar(255) CHARACTER SET utf8 COLLATE utf8_general_ci DEFAULT NULL COMMENT '省份',
  `crm_bzhouh` varchar(255) CHARACTER SET utf8 COLLATE utf8_general_ci DEFAULT NULL COMMENT '联系人',
  PRIMARY KEY (`customer_id`)
) ENGINE=InnoDB AUTO_INCREMENT=924 DEFAULT CHARSET=utf8 COMMENT='客户表';
/*!40101 SET character_set_client = @saved_cs_client */;

--
-- Dumping data for table `5kcrm_crm_customer`
--

LOCK TABLES `5kcrm_crm_customer` WRITE;
/*!40000 ALTER TABLE `5kcrm_crm_customer` DISABLE KEYS */;
INSERT INTO `5kcrm_crm_customer` VALUES (1,'内蒙古医科大学',1,'未成交',1565877324,'B（普通客户）','研发','搜索引擎','','','','',31,31,'',',1,','内蒙古自治区\n呼和浩特市\n赛罕区','','',0.00000000000,0.00000000000,0,NULL,1565877324,1566047804,'产品事业部',NULL,NULL),(3,'天津大学',1,'未成交',1566045891,'','研发','公司资源','','1862124397','','',31,31,'','','','','',NULL,NULL,1566093600,'已跟进',1566043991,1566047804,'产品事业部','天津',NULL),(4,'国药集团贵州血液制品有限公司',0,'未成交',1566046765,'B（普通客户）','生产','电话咨询','','15086233399','','',9,9,'',',8,','贵州省\n黔东南苗族侗族自治州\n凯里市','','',0.00000000000,0.00000000000,0,'已跟进',1566046765,1567584033,'产品事业部','贵州省','朱瑞芳'),(5,'广东三顺制药有限公司',0,'未成交',1566047744,'B（普通客户）','生产','电话咨询','','13662684870','','DMS需求',9,9,'',',8,','广东省\n云浮市\n罗定市','广东省云浮市罗定市双东环保工业园(352省道西)双东环保工业园','广东省云浮市罗定市双东环保工业园(352省道西)双东环保工业园',111.62451099082,22.81150497925,0,'已跟进',1566047744,1566890194,'产品事业部','广东省','李海朋'),(6,'太极集团重庆西南药业股份有限公司',0,'未成交',1566180040,'A（重点客户）','生产','预约上门','023-89855095','13290085070','http://www.swp.cn/index.php?c=article&a=type&tid=135','此客户是我和孙志强共同跟进的企业，企业目前各部门走流程和其他服务公司在做价格对比。今天联系客户，目前还在走流程阶段！',13,8,'',',13,','重庆市\n\n','','',0.00000000000,0.00000000000,1565107200,'已跟进',1566180040,1567601517,'培训部','重庆','傅松岚'),(7,'四川五盛药业有限公司',0,'未成交',1566184359,'A（重点客户）','生产','转介绍','','13419014970','https://www.11467.com/qiye/78834210.htm','原计划8月份开始做计算机化系统验证的工作了，由于一些特殊原因推辞到9-10月份，做3台单机版的计算机化系统验证工作。',13,13,'','','四川省\n成都市\n金堂县','','',0.00000000000,0.00000000000,1566921600,NULL,1566184359,1566184359,'培训部','四川','王建平'),(8,'重庆植恩药业有限公司鼎联分公司',0,'未成交',1567671847,'C（非优先客户）','生产','个人资源','','17823805959','https://www.qixin.com/company/16e1c1b7-0283-4aa2-9644-ef90aaacfbc9','这个是我和孙志强共享的客户，这个企业比较挑剔，需要的服务是计算机化系统的验证，也在和奥星还有重庆本地的验证公司在询价！',13,8,'',',8,','重庆市\n市辖区\n长寿区','','',0.00000000000,0.00000000000,1566403200,'待跟进',1566186760,1567671847,'培训部','重庆','李堃'),(9,'深圳市天道医药有限公司',0,'未成交',1566196141,'B（普通客户）','生产','电话咨询','','13168077077','','',9,9,'',',8,12,','广东省\n深圳市\n南山区','广东省深圳市南山区高新中一道19号深圳市天道医药有限公司','广东省深圳市南山区高新中一道19号深圳市天道医药有限公司',113.94110202226,22.55467403876,0,'已跟进',1566196141,1566890306,'产品事业部','广东省','唐巍'),(10,'山东新华鲁抗医药有限公司',0,'未成交',1567671838,'B（普通客户）','研发','公司资源','0531-88698052','15064038279','','2019年8月19日第一次拜访，分析部负责人高老师组织QA,QC，研发，IT等共十几位老师一起与菅老师交流，菅老师也回答了他们遇到的工作上的问题，很多问题正好是因为做CSV而导质的，对于CSV高老师也有了近一步的认识，也说一直没有做CSV是因为觉得它不重要，高老师也在考量CSV的必要性。目前企业是安捷仑网络版，12个客户端，设备都是2017年采购，全部是安捷仑品牌。也有一些光谱和一些小仪器没有连在网络版里，也介绍了一下DBS。近一步跟踪。',11,8,'','','山东省\n济南市\n','','',0.00000000000,0.00000000000,1566781980,'已跟进',1566271172,1567691607,'产品事业部','山东省','高英涵'),(11,'广西厚德大健康产业股份有限公司（广西博科药业有限公司）',0,'未成交',1566298131,'','生产','','0771-3217915','13517817072','','何总（生产部负责人）：13978767828\n陈梅芳（生产经理）：0771-3217915\n卢玉扬（质管部门经理）：15994485827\n黄卓枫（质管部门经理）：13677711611\n覃经理（质量部经理）：0771-3219152',3,0,',3,','','广西壮族自治区\n\n','','',0.00000000000,0.00000000000,0,NULL,1566298131,1566827508,'培训部','广西省','陈梅芳（生产技术部经理）'),(12,'广西博科药业有限公司（广西厚德大健康产业股份有限公司）',0,'未成交',1566298689,'','生产','','0771-3217915','13517817072','','何总（生产部负责人）:13978767828\n卢玉扬(质管部门经理):15994485827\n黄卓枫(质管部门经理):13677711611\n覃经理(质量部经理):0771-3219152',3,0,',3,','','广西壮族自治区\n\n','','',0.00000000000,0.00000000000,0,NULL,1566298689,1566827516,'培训部','广西省','陈梅芳（生产技术部经理）'),(13,'山东轩竹医药科技有限公司',0,'未成交',1566303490,'A（重点客户）','研发','电话咨询','','13573789733','','',14,14,'','','','','',NULL,NULL,1568340000,'已跟进',1566303490,1567582670,'产品事业部','山东省','殷法杰'),(14,'吉林省舒兰合成药业股份有限公司',0,'未成交',1566304326,'A（重点客户）','生产','电话咨询','','13704445942','','',14,14,'','','','','',NULL,NULL,0,'已跟进',1566304326,1567581887,'产品事业部','吉林','张秀苹'),(15,'长春圣金诺生物制药有限公司',0,'未成交',1566304785,'A（重点客户）','其他','转介绍','','13844063906','','',14,14,'','','','','',0.00000000000,0.00000000000,1568304000,'已跟进',1566304785,1567582732,'产品事业部','吉林','王聪'),(16,'苏州优合科技有限公司',0,'未成交',1566305298,'A（重点客户）','其他','个人资源','','13962264253','','',14,14,'','','','','',0.00000000000,0.00000000000,1568340000,'已跟进',1566305298,1567582689,'产品事业部','江苏 山东','夏燕'),(17,'广西金嗓子药业有限公司',0,'未成交',1566305806,'A（重点客户）','生产','转介绍','','13607827366','','',14,14,'','','','','',NULL,NULL,0,'已跟进',1566305806,1567582723,'产品事业部','广西','邹为忠'),(18,'长春万通药业有限公司',0,'未成交',1566305868,'A（重点客户）','生产','转介绍','','13894892187','','',14,14,'','','','','',NULL,NULL,0,'已跟进',1566305868,1567581979,'产品事业部','吉林','苑玲玲'),(19,'吉林汇康药业有限公司',0,'未成交',1566306295,'A（重点客户）','生产','','','13793153383','','和山东轩竹同属于四环子公司',14,14,'','','','','',NULL,NULL,0,'已跟进',1566306295,1567582030,'产品事业部','吉林','张莹'),(20,'桂林三金药业有限公司',0,'未成交',1567603774,'B（普通客户）','生产','公司资源','','13977322620','','',14,14,'','','','','',NULL,NULL,0,'已跟进',1566307662,1567682630,'产品事业部','广西','卢丹'),(21,'通化东宝药业股份有限公司',0,'未成交',1566307835,'B（普通客户）','生产','陌拜','','18004358106','','',14,14,'','','','','',NULL,NULL,1566525600,'已跟进',1566307835,1567691319,'产品事业部','吉林','崔亚楠'),(22,'山东科兴生物化学原料厂',0,'未成交',1566310993,'B（普通客户）','生产','个人资源','','18615588426','','目前还没有GMP证书，安捷仑的设备，沃特世的网络版，验证没做，网络版5月份实施完毕，目前还没有盈利，也看生物制品公司的动态，他们应该也没有验证，建议先搞定他们。做验证的时间主要看监管形式或者认证以前。',11,11,'','','山东省\n济南市\n章丘区','山东省济南市章丘区刁镇工业园绿野路山东天海新材料工程有限公司','山东省济南市章丘区刁镇工业园绿野路山东天海新材料工程有限公司',117.46914779011,36.90406316294,1566871200,'已跟进',1566310993,1567479454,'产品事业部','山东','谢帅'),(23,'内蒙古兰太药业有限责任公司',0,'未成交',1566348532,'A（重点客户）','生产','转介绍','0471-3601710','13337117590',':www.weifengyanzao.com;','客户上数据自动备份软件，钱已经批复  基本定了我们   现在沟通具体协议细节',7,7,'','','','','',0.00000000000,0.00000000000,1567958400,'已跟进',1566348532,1567580587,'产品事业部','内蒙古 呼和浩特','尹莉萍'),(24,'河北扁鹊制药有限公司',0,'未成交',1566348678,'A（重点客户）','生产','预约上门','','18562331808','','客户想19年11月过认证   我们帮忙做质量体系文件审核和验证文件审核，已经做了报价 等待结果',7,7,'','','','','',0.00000000000,0.00000000000,1568563200,'已跟进',1566348678,1567580456,'产品事业部','河北省  邢台市','游小发'),(25,'河北金牛原大药业有限公司',0,'未成交',1566348883,'B（普通客户）','其他','公司资源','','13398602756','www.11467.com/qiye/36826952.htm','客户19年年底过认证   想考虑一下DMS',7,7,'','','河北省\n保定市\n','','',0.00000000000,0.00000000000,1567958400,'已跟进',1566348883,1567580535,'产品事业部','河北省  定州市','王兰芬'),(26,'承德天原药业股份有限公司',0,'未成交',1566349269,'B（普通客户）','生产','公司资源','','13832477559','','客户考虑计算机化系统验证  周五去承德颈复康内训   顺便周六去拜访一下',7,7,'','','河北省\n承德市\n围场满族蒙古族自治县','','',0.00000000000,0.00000000000,1568563200,'已跟进',1566349269,1567581078,'产品事业部','河北省','闵向南'),(27,'河北医科大学制药厂',0,'未成交',1566349483,'C（非优先客户）','生产','公司资源','','13831185360','','客户想上数据自动备份软件   觉得贵   等经费申请',7,7,'','','河北省\n石家庄市\n','','',0.00000000000,0.00000000000,1568563200,'已跟进',1566349483,1567581150,'产品事业部','河北省','姚翠英'),(28,'石家庄市华新药业有限责任公司',0,'未成交',1566349738,'B（普通客户）','生产','公司资源','','15830187159','','客户打算签约会员',7,7,'','','河北省\n石家庄市\n','','',0.00000000000,0.00000000000,1568563200,'已跟进',1566349738,1567581203,'产品事业部','河北省','李双梅'),(29,'内蒙古鸿毛药业有限责任公司',0,'未成交',1566349873,'B（普通客户）','生产','公司资源','','15101677872','','客户考虑我们的DMS及计算机化系统验证    想签约会员',7,7,'','','内蒙古自治区\n乌兰察布市\n','','',0.00000000000,0.00000000000,1567958400,'已跟进',1566349873,1567580671,'产品事业部','内蒙古','李忠文'),(30,'河北白美达医药科技有限公司',0,'未成交',1566350138,'B（普通客户）','生产','公司资源','','13930120085','','客户是兽药   想过FDA认证   想让我们帮忙做计算机化系统验证',7,7,'','','河北省\n石家庄市\n','','',0.00000000000,0.00000000000,1568563200,'已跟进',1566350138,1567581264,'产品事业部','河北省','田苗珍'),(31,'康臣药业(内蒙古)有限责任公司',0,'未成交',1566350503,'B（普通客户）','其他','转介绍','','13947528016','','客户想上我们的DMS， 需要总部安排   总部我也沟通了   已经报过方案',7,7,'','','内蒙古自治区\n通辽市\n','','',0.00000000000,0.00000000000,1567008000,'已跟进',1566350503,1566439542,'产品事业部','内蒙古','王艳丽'),(32,'广州康臣药物研究有限公司',0,'未成交',1566350644,'B（普通客户）','其他','转介绍','','18666980697','','想集团一起上DMS   集团版   经费一直没有批下来',7,7,'','','广东省\n广州市\n','','',0.00000000000,0.00000000000,1567008000,'已跟进',1566350644,1566439454,'产品事业部','广东省','许总'),(33,'赤峰赛林泰药业有限公司',0,'未成交',1566350793,'B（普通客户）','其他','转介绍','','13664865829','','客户想做DMS及计算机化系统验证  由于内部整合  一直没有批复',7,7,'','','内蒙古自治区\n赤峰市\n','','',0.00000000000,0.00000000000,1568044800,'已跟进',1566350793,1567580830,'产品事业部','内蒙古','王亚辉'),(34,'北京万辉双鹤药业有限责任公司',0,'未成交',1566351335,'B（普通客户）','生产','转介绍','','15210223711','','客户想做数据归档  系统退役  已经做方案   等待批款',7,7,'','','北京市\n北京城区\n','','',0.00000000000,0.00000000000,1568044800,'已跟进',1566351335,1567580868,'产品事业部','北京市','张典'),(35,'华润双鹤药业股份有限公司',0,'未成交',1566351553,'','生产','转介绍','','15810454802','','客户想做俩套网络版的计算机化系统验证   网络版还没有安装好  需要等一段时间',7,7,'','','北京市\n\n','','',0.00000000000,0.00000000000,1568044800,'已跟进',1566351553,1567580956,'产品事业部','北京市','幺晓琳'),(36,'康立泰药业有限公司',0,'未成交',1566398533,'B（普通客户）','研发','电话咨询','','18561909021','','',11,11,'','','山东省\n青岛市\n城阳区','青岛市城阳区河东路368号青岛蓝色生物医药产业园','青岛市城阳区河东路368号青岛蓝色生物医药产业园',120.29853274980,36.28050974532,1566784800,'已跟进',1566398533,1567647510,'产品事业部','山东','王媛媛'),(37,'贵州富华药业有限责任公司',0,'未成交',1567005369,'','生产','','0854-5670608','13984380442','','',3,8,',3,','','','','',NULL,NULL,0,'待跟进',1566436531,1567005369,'产品事业部','贵州省','甘惠仍'),(38,'贵州汇正制药有限责任公司',0,'未成交',1567005369,'','生产','','86792833','13984833933','','',3,8,',3,','','','','',NULL,NULL,0,'待跟进',1566436616,1567005369,'产品事业部','贵州省','罗伟'),(39,'贵州三泓药业股份有限公司',0,'未成交',1567005369,'','生产','','0855-4223966','13668557084','','',3,8,',3,','','','','',NULL,NULL,0,'待跟进',1566436820,1567005369,'产品事业部','贵州省','陈杰'),(40,'葵花药业集团（贵州）宏奇有限公司',0,'未成交',1567752164,'','生产','','5315027','13985910917','','',3,9,',3,8,','','','','',NULL,NULL,0,'待跟进',1566436891,1567752164,'产品事业部','贵州省','胡学成'),(41,'贵州德良方药业股份有限公司',0,'未成交',1567480943,'','其他','','','15086535369','','',3,9,',3,8,','','','','',NULL,NULL,0,'已跟进',1566437026,1567494384,'产品事业部','贵州省','余非洲'),(42,'贵州安顺西秀制药有限责任公司',0,'未成交',1567751735,'','其他','','','13312229341','','质量负责人',3,9,',3,8,','','','','',0.00000000000,0.00000000000,0,'已跟进',1566437110,1567751913,'产品事业部','贵州省','罗希珍'),(43,'贵州科顿制药有限责任公司',0,'未成交',1567751735,'','其他','','0851-85772710','13908518137','','',3,9,',3,8,','','','','',NULL,NULL,0,'已跟进',1566437187,1567751960,'产品事业部','贵州省','王老师'),(44,'吉林敖东洮南药业股份有限公司',0,'未成交',1566441200,'A（重点客户）','生产','转介绍','','13630761788','','',14,14,'','','','','',0.00000000000,0.00000000000,1566871200,'已跟进',1566441200,1567746683,'产品事业部','吉林','曲晶'),(45,'吉林省正和药业集团股份有限公司',0,'未成交',1566441433,'B（普通客户）','生产','公司资源','','18267159719','','',14,14,'','','','','',NULL,NULL,0,'已跟进',1566441433,1567682613,'产品事业部','吉林','刘英链'),(46,'贵州民族药业股份有限公司（益佰子公司）',0,'未成交',1567751736,'','其他','','','13885089506','','',3,9,',3,8,','','','','',NULL,NULL,0,'待跟进',1566445489,1567751736,'产品事业部','贵州省','刘军'),(47,'山东恒业生物技术有限公司',0,'已成交',1566519183,'A（重点客户）','生产','电话咨询','','18678901266','','',6,6,'','','','','',NULL,NULL,0,NULL,1566519183,1566653071,'产品事业部','山东省','王春波'),(48,'浙江震元制药有限公司',0,'未成交',1566519321,'A（重点客户）','生产','公司资源','','13905756531','','',6,6,'','','','','',NULL,NULL,0,'已跟进',1566519321,1567748463,'产品事业部','浙江','沈总'),(49,'甘肃普安制药有限公司',0,'未成交',1566519450,'A（重点客户）','生产','电话咨询','','13993509280','','',6,6,'','','','','',NULL,NULL,0,'已跟进',1566519450,1567733427,'产品事业部','甘肃省','宋月红'),(50,'山东海山药业有现公司',0,'未成交',1566519559,'B（普通客户）','生产','电话咨询','','13605342955','','',6,6,'','','','','',NULL,NULL,0,'已跟进',1566519559,1567748540,'产品事业部','山东省','李总'),(51,'武汉天天明药业有限公司',0,'未成交',1566519675,'B（普通客户）','研发','电话咨询','','15927342245','','',6,6,'','','','','',NULL,NULL,0,'已跟进',1566519675,1567750190,'产品事业部','湖北','王珏'),(52,'东莞市普济药业有限公司',0,'未成交',1566549397,'B（普通客户）','生产','公司资源','','13763260468','','约周一上门拜访／需要请老师来厂现场质量核查／csv单机版有七八台仪器需做验证／老板不太愿意花钱请第三方公司',12,12,'',',8,','广东省\n东莞市\n','东莞市高埗镇三塘东路388号东莞市普济药业有限公司','东莞市高埗镇三塘东路388号东莞市普济药业有限公司',113.75507103595,23.11727904811,1566748800,'已跟进',1566549397,1566962555,'产品事业部','广东省','李云春'),(53,'广州莱特制药有限公司',0,'未成交',1566554103,'B（普通客户）','生产','公司资源','','18613025524','','',12,12,'',',8,','广东省\n广州市\n从化区','从化经济技术开发区高科技产业园福从路16号华好集团','从化经济技术开发区高科技产业园福从路16号华好集团',113.51261505516,23.45307584966,0,NULL,1566554103,1566554103,'产品事业部','广东','曾云保'),(54,'贵州黄果树立爽药业有限公司',0,'未成交',1566568124,'B（普通客户）','生产','电话咨询','','13984096512','','',9,9,'',',8,','贵州省\n贵阳市\n云岩区','黔灵镇市北路455号贵州黄果树贵州黄果树立爽药业有限公司','黔灵镇市北路455号贵州黄果树贵州黄果树立爽药业有限公司',106.70045203442,26.61503893119,0,'已跟进',1566568124,1566568300,'产品事业部','贵州省','张丽娟'),(55,'贵州省科晖制药厂',0,'未成交',1566568222,'B（普通客户）','生产','电话咨询','','15885525252','','',9,9,'',',8,','贵州省\n贵阳市\n南明区','贵阳市南明区解放西路南冲巷17号贵州省科晖制药厂(南冲巷)','贵阳市南明区解放西路南冲巷17号贵州省科晖制药厂(南冲巷)',106.70409421411,26.56258974093,0,'已跟进',1566568222,1567060520,'产品事业部','贵州省','李凤'),(56,'贵州得轩堂护康药业股份有限公司',0,'未成交',1566568393,'B（普通客户）','生产','电话咨询','','13618575798','','',9,9,'',',8,','','','',NULL,NULL,0,'已跟进',1566568393,1566807392,'产品事业部','贵州省','李华林'),(57,'贵州益佰女子大药厂有限责任公司',0,'未成交',1566568485,'B（普通客户）','生产','','','13885038139','','',9,9,'',',8,','','','',NULL,NULL,0,'已跟进',1566568485,1566568501,'产品事业部','贵州省','丁小燕'),(58,'贵州科辉制药有限责任公司',0,'未成交',1566568553,'B（普通客户）','生产','','','13638509650','','',9,9,'',',8,','贵州省\n贵阳市\n云岩区','贵阳市云岩区巫峰路141号贵州科辉制药有限责任公司','贵阳市云岩区巫峰路141号贵州科辉制药有限责任公司',106.73301399220,26.59823198339,0,'已跟进',1566568553,1566568572,'产品事业部','贵州省','刘英'),(59,'贵州柏强制药有限公司',0,'未成交',1566568623,'B（普通客户）','生产','','','13984883184','','',9,9,'',',8,','','','',NULL,NULL,0,'已跟进',1566568623,1566805367,'产品事业部','贵州省','王老师'),(60,'贵州大隆药业有限责任公司',0,'未成交',1566568707,'B（普通客户）','生产','','','18786000671','','',9,9,'',',8,','','','',NULL,NULL,0,'已跟进',1566568707,1566568724,'产品事业部','贵州省','袁仲喜'),(61,'贵阳济仁堂药业有限公司',0,'未成交',1566568788,'B（普通客户）','生产','','','13908517422','','',9,9,'',',8,','','','',NULL,NULL,0,'已跟进',1566568788,1566807853,'产品事业部','贵州省','梅景升'),(62,'贵州威门药业股份有限公司',0,'未成交',1566568911,'B（普通客户）','生产','','','13885052307','','',9,9,'',',8,','','','',NULL,NULL,0,'已跟进',1566568911,1566568941,'产品事业部','贵州省','陈芳'),(63,'贵州远程制药有限责任公司',0,'未成交',1566569021,'B（普通客户）','生产','','','13985001175','','',9,9,'',',8,','','','',NULL,NULL,0,'已跟进',1566569021,1567581397,'产品事业部','贵州省','薛静'),(64,'贵州万顺堂药业有限公司',0,'未成交',1566569086,'B（普通客户）','生产','','','13511921784','','',9,9,'',',8,','','','',NULL,NULL,0,'已跟进',1566569086,1566808264,'产品事业部','贵州省','李茂霞'),(65,'贵阳新天药业股份有限公司',0,'未成交',1566569159,'B（普通客户）','生产','','','13885151269','','',9,9,'',',8,','','','',NULL,NULL,0,'已跟进',1566569159,1566569174,'产品事业部','贵州省','安万学'),(66,'贵州百灵企业集团和仁堂药业有限公司',0,'未成交',1566569232,'B（普通客户）','生产','','','18984895201','','',9,9,'',',8,','','','',NULL,NULL,0,'已跟进',1566569232,1567060337,'产品事业部','贵州省','张霞'),(67,'亚宝药业贵阳制药有限公司',0,'未成交',1566569295,'B（普通客户）','生产','','','15085999307','','',9,9,'',',8,','','','',NULL,NULL,0,'已跟进',1566569295,1566569312,'产品事业部','贵州省','王晓鹏'),(68,'成都医路康科技有限公司',0,'未成交',1566569360,'A（重点客户）','研发','转介绍','','18982290635','','',8,8,'','','','','',NULL,NULL,0,'已跟进',1566569360,1567482542,'产品事业部','成都','李总'),(69,'贵州维康子帆药业股份有限公司',0,'未成交',1566569361,'B（普通客户）','生产','','','13984362565','','',9,9,'',',8,','','','',NULL,NULL,0,'已跟进',1566569361,1567496940,'产品事业部','贵州省','龙经理'),(70,'贵州长生药业有限责任公司',0,'未成交',1566569431,'B（普通客户）','生产','','','13628563857','','',9,9,'',',8,','','','',NULL,NULL,0,'已跟进',1566569431,1567059328,'产品事业部','贵州省','张强'),(71,'贵州光正制药有限公司',0,'未成交',1566569485,'','其他','','','18985139959','','',9,9,'',',8,','','','',NULL,NULL,0,'已跟进',1566569485,1566569504,'产品事业部','贵州省','阮国永'),(72,'贵州健瑞安药业有限公司',0,'未成交',1566569611,'B（普通客户）','生产','','','13595107921','','',9,9,'',',8,','贵州省\n市\n区','贵州省贵阳市白云区白云北路108号附近贵州广济堂药业有限公司-西南门','贵州省贵阳市白云区白云北路108号附近贵州广济堂药业有限公司-西南门',106.63371134861,26.71871417556,0,'已跟进',1566569611,1567148580,'产品事业部','贵州省','王麟'),(73,'贵州汉方制药有限公司',0,'未成交',1566569678,'','其他','','','13885191439','','',9,9,'',',8,','贵州省\n贵阳市\n息烽县','永靖镇下阳郎村汉方路1号贵州汉方制药有限公司','永靖镇下阳郎村汉方路1号贵州汉方制药有限公司',106.75169677053,27.07787829900,0,'已跟进',1566569678,1566569699,'产品事业部','贵州省','杨祖发'),(74,'贵州尚德贵生中药饮片有限公司',0,'未成交',1566569762,'B（普通客户）','生产','','','18984579517','','',9,9,'',',8,','','','',NULL,NULL,0,'已跟进',1566569762,1566569778,'产品事业部','贵州省','冯娥'),(75,'贵州圣济堂制药有限公司',0,'未成交',1566569825,'B（普通客户）','生产','','','18984171182','','',9,9,'',',8,','','','',NULL,NULL,0,'已跟进',1566569825,1566569838,'产品事业部','贵州省','王文牒'),(76,'贵州高原彝药厂有限公司',0,'未成交',1566569891,'B（普通客户）','生产','','','18690730303','','',9,9,'',',8,','','','',NULL,NULL,0,'已跟进',1566569891,1567149610,'产品事业部','贵州省','胡馨'),(77,'贵州拜特制药有限公司',0,'未成交',1566569976,'B（普通客户）','生产','','','13765833671','','',9,9,'',',8,','','','',NULL,NULL,0,'已跟进',1566569976,1566569994,'产品事业部','贵州省','刘飞'),(78,'贵州泰邦生物制品有限公司',0,'未成交',1566570087,'','其他','','','13984143708','','',9,9,'',',8,','','','',NULL,NULL,0,NULL,1566570087,1566570087,'产品事业部','贵州省','赵学梅'),(79,'贵州百灵企业集团正鑫药业有限公司',0,'未成交',1566570146,'B（普通客户）','生产','','','18908502271','','',9,9,'',',8,','','','',NULL,NULL,0,'已跟进',1566570146,1567149903,'产品事业部','贵州省','付仁燕'),(80,'贵州君之堂制药有限公司',0,'未成交',1566570204,'B（普通客户）','生产','','','13638033027','','',9,9,'',',8,','','','',NULL,NULL,0,'已跟进',1566570204,1567150394,'产品事业部','贵州省','郑万莲'),(81,'贵州民族药业股份有限公司',0,'未成交',1566570277,'B（普通客户）','生产','','','13885089506','','质量负责人（益佰子公司）',9,9,'',',8,','','','',0.00000000000,0.00000000000,0,'已跟进',1566570277,1567751830,'产品事业部','贵州省','刘军'),(82,'贵州润生制药有限公司',0,'未成交',1566570348,'B（普通客户）','生产','','','18085000346','','',9,9,'',',8,','','','',NULL,NULL,0,'已跟进',1566570348,1566975146,'产品事业部','贵州省','吴梅'),(83,'贵州盛世龙方制药股份有限公司',0,'未成交',1566570451,'B（普通客户）','生产','','','15286200695','','',9,9,'',',8,','','','',NULL,NULL,0,'已跟进',1566570451,1566570469,'产品事业部','贵州省','龙兴云'),(84,'贵州秦泰药业有限公司',0,'未成交',1566570656,'B（普通客户）','生产','','','13985416868','','',9,9,'',',8,','贵州省\n黔南布依族苗族自治州\n长顺县','贵州省黔南布依族苗族自治州长顺县X007贵州省长顺县鼠场工业园','贵州省黔南布依族苗族自治州长顺县X007贵州省长顺县鼠场工业园',106.62841826306,26.19237566709,0,'已跟进',1566570656,1566570692,'产品事业部','贵州省','靳如义'),(85,'贵州同德药业有限公司',0,'未成交',1566570773,'B（普通客户）','生产','','','18685170984','','',9,9,'',',8,','','','',NULL,NULL,0,'已跟进',1566570773,1566570822,'产品事业部','贵州省','旷翔'),(86,'贵州奇源生物制品有限公司',0,'未成交',1566570868,'B（普通客户）','生产','','','18885613836','','',9,9,'',',8,','','','',NULL,NULL,0,'已跟进',1566570868,1566570886,'产品事业部','贵州省','黄永超'),(87,'贵州颐和药业有限公司',0,'未成交',1566570932,'B（普通客户）','生产','','','13511814418','','',9,9,'',',8,','','','',NULL,NULL,0,'已跟进',1566570932,1566570947,'产品事业部','贵州省','黄开霞'),(88,'遵义廖元和堂药业有限公司',0,'未成交',1566570998,'B（普通客户）','生产','','','13518529698','','',9,9,'',',8,','','','',NULL,NULL,0,'已跟进',1566570998,1567059724,'产品事业部','贵州省','陈有丽'),(89,'贵州三仁堂药业有限公司',0,'未成交',1566571084,'B（普通客户）','生产','','','18985658855','','',9,9,'',',8,','贵州省\n遵义市\n汇川区','淮河路3号(董公寺工业园区)三仁堂药业','淮河路3号(董公寺工业园区)三仁堂药业',106.93521573530,27.77663884590,0,'已跟进',1566571084,1566877346,'产品事业部','贵州省','雷总'),(90,'遵义市银花药业有限公司',0,'未成交',1566571221,'B（普通客户）','生产','','','18985620929','','',9,9,'',',8,','','','',NULL,NULL,0,'已跟进',1566571221,1566571232,'产品事业部','贵州省','杨家仙'),(91,'贵州三力制药股份有限公司',0,'未成交',1566571302,'B（普通客户）','生产','','','18275048172','','',9,9,'',',8,','','','',NULL,NULL,0,'已跟进',1566571302,1567059567,'产品事业部','贵州省','古纯波'),(92,'贵州同威生物科技有限公司',0,'未成交',1566571401,'B（普通客户）','生产','','','18230769715','','',9,9,'',',8,','','','',NULL,NULL,0,'已跟进',1566571401,1567152084,'产品事业部','贵州省','田仁琪'),(93,'贵州缔谊健康制药有限公司',0,'未成交',1566571457,'B（普通客户）','生产','','','15908587476','','',9,9,'',',8,','','','',NULL,NULL,0,'已跟进',1566571457,1566571471,'产品事业部','贵州省','张徐艳'),(94,'贵州心意药业有限责任公司',0,'未成交',1566571581,'B（普通客户）','生产','','','13595906189','','',9,9,'',',8,','','','',NULL,NULL,0,'已跟进',1566571581,1566571602,'产品事业部','贵州省','陈忠贤'),(95,'四川金辉药业有限公司',0,'未成交',1566571931,'B（普通客户）','生产','','','18111109092','','',9,9,'',',8,','','','',NULL,NULL,0,'已跟进',1566571931,1566571954,'产品事业部','四川省','张勇'),(96,'重庆融康堂药业有限公司',0,'未成交',1566572029,'B（普通客户）','生产','','','17782382231','','',9,9,'',',8,','','','',NULL,NULL,0,'已跟进',1566572029,1566572051,'产品事业部','重庆市','彭宏英'),(97,'成都神鹤药业有限责任公司',0,'未成交',1566572155,'B（普通客户）','生产','','','13540670116','','',9,9,'',',8,','','','',NULL,NULL,0,'已跟进',1566572155,1566572175,'产品事业部','四川省','刘幸'),(98,'赛百诺基因技术有限公司',0,'未成交',1566572260,'B（普通客户）','生产','','','13544289936','','',9,9,'',',8,','广东省\n深圳市\n南山区','高新技术产业园(中区)科技中一路19号赛百诺科技园B座三楼深圳市时代经纬科技有限公司','高新技术产业园(中区)科技中一路19号赛百诺科技园B座三楼深圳市时代经纬科技有限公司',113.94223200076,22.55444799434,0,'已跟进',1566572260,1566572278,'产品事业部','广东省','梅  蕾'),(99,'赛诺生（深圳）基因产业发展有限公司',0,'未成交',1566572329,'B（普通客户）','生产','','','13168737220','','',9,9,'',',8,','广东省\n深圳市\n南山区','高新技术产业园(中区)科技中一路19号赛百诺科技园B座三楼深圳市时代经纬科技有限公司','高新技术产业园(中区)科技中一路19号赛百诺科技园B座三楼深圳市时代经纬科技有限公司',113.94223200076,22.55444799434,0,'已跟进',1566572329,1566572350,'产品事业部','广东省','常颖'),(100,'珠海同益制药有限公司',0,'未成交',1566572399,'B（普通客户）','生产','','','18165503360','','',9,9,'',',12,8,','','','',NULL,NULL,0,'已跟进',1566572399,1567670312,'产品事业部','广东省','郭家贵'),(101,'广州市香雪制药股份有限公司',0,'未成交',1566572515,'B（普通客户）','生产','','','15876527384','','',9,9,'',',12,8,','广东省\n广州市\n黄埔区','广东省广州市黄埔区开发区科学城金峰园路2号广州市香雪制药股份有限公司','广东省广州市黄埔区开发区科学城金峰园路2号广州市香雪制药股份有限公司',113.45691202881,23.18553704875,0,'已跟进',1566572515,1566572544,'产品事业部','广东省','张顺凤'),(102,'广州金芝中药饮片有限公司',0,'未成交',1566572608,'B（普通客户）','生产','','','18575022309','','',9,9,'',',12,8,','广东省\n广州市\n花都区','广东省广州市花都区雅源南路113号东北80米海悦湾沐足推拿(雅瑶店)','广东省广州市花都区雅源南路113号东北80米海悦湾沐足推拿(雅瑶店)',113.22829237829,23.36160848544,0,'已跟进',1566572608,1566974495,'产品事业部','广东省','赵柏乐'),(103,'中山可可康制药有限公司',0,'未成交',1566572748,'B（普通客户）','生产','','','13711276202','','',9,9,'',',12,8,','省\n市\n','广东省中山市螺沙工业大道东三路6号西60米湘惠住宿','广东省中山市螺沙工业大道东三路6号西60米湘惠住宿',113.19291710732,22.66949653378,0,'已跟进',1566572748,1566889911,'产品事业部','广东省','段建华'),(104,'广州威斯宝药业有限公司',0,'未成交',1566572874,'B（普通客户）','生产','','','18926211846','','',9,9,'',',12,8,','','','',NULL,NULL,0,'已跟进',1566572874,1566873541,'产品事业部','广东省','谢  青'),(105,'广东态森德制药有限公司',0,'未成交',1566572932,'B（普通客户）','生产','','','13416177182','','',9,9,'',',12,8,','','','',NULL,NULL,0,'已跟进',1566572932,1566889291,'产品事业部','广东省','陈嘉韵'),(106,'中山市中智中药饮片有限公司',0,'未成交',1566573048,'B（普通客户）','生产','','','13574675328','','',9,9,'',',12,8,','','','',NULL,NULL,0,'已跟进',1566573048,1566977603,'产品事业部','广东省','王  璋'),(107,'三才石岐制药股份有限公司',0,'未成交',1566573100,'B（普通客户）','生产','','','13531819905','','',9,9,'',',12,8,','','','',NULL,NULL,0,'已跟进',1566573100,1566973824,'产品事业部','广东省','张玉林'),(108,'烟台鲁银药业有限公司',0,'未成交',1566615384,'B（普通客户）','生产','预约上门','0535-6250376','15653815601','','单机版，QA,QC都很认同DBS系统，赵总也在对网络版和数据自动备份进行考量。此客户跟踪不用过急，慢慢提炼。',11,11,'','','山东省\n烟台市\n芝罘区','','',0.00000000000,0.00000000000,1566871200,NULL,1566615384,1566615384,'产品事业部','山东','赵鑫'),(109,'徐州第五制药厂',0,'未成交',1566662691,'B（普通客户）','生产','公司资源','','13775951998','','',8,8,'','','','','',NULL,NULL,0,'已跟进',1566662691,1567601810,'产品事业部','江苏','马继超'),(110,'湖北科益药业股份有限公司',0,'未成交',1566790596,'','','','13871480685','15827122304','','湖北省武汉市东湖新技术开发区黄龙山南路科益产业园',3,0,',3,','','','','',NULL,NULL,0,NULL,1566790596,1566827508,'产品事业部','湖北省','高  林'),(111,'湖北襄阳隆中药业集团有限公司',0,'未成交',1566790682,'','','','18972089078','13635805338','','湖北省襄阳市高新区邓城大道85号',3,0,',3,','','','','',NULL,NULL,0,NULL,1566790682,1566827508,'产品事业部','湖北省','魏  丽'),(112,'湖北康沁制药有限公司',0,'未成交',1566790772,'','','','15271751428','15271751428','','湖北省荆门市掇刀区迎春大道99号',3,0,',3,','','','','',NULL,NULL,0,NULL,1566790772,1566827508,'产品事业部','湖北省','郑晓婷'),(113,'湖北盛通药业有限公司',0,'未成交',1566790888,'','','','0728-3206216','18672846969','','仙桃市经济技术开发区仙源大道118号',3,0,',3,','','','','',NULL,NULL,0,NULL,1566790888,1566827508,'产品事业部','湖北省','肖  超'),(114,'湖北思安药业有限公司',0,'未成交',1566790956,'','','','13886298881','13886298881','','湖北省南漳县城关镇青泥湾路7号',3,0,',3,','','','','',NULL,NULL,0,NULL,1566790956,1566827508,'产品事业部','湖北省','曾雯雯'),(115,'湖北凌晟药业有限公司',0,'未成交',1566791081,'','','','0719-3538036','18771539655','','',3,0,',3,','','','','',NULL,NULL,0,NULL,1566791081,1566827508,'产品事业部','湖北省','王  洁'),(116,'武汉武药制药有限公司',0,'未成交',1567671507,'','','','0714-7537077','13617215661','','湖北省黄石市阳新县富池镇王坟路18号',3,8,',3,','','','','',NULL,NULL,0,'待跟进',1566791164,1567671507,'产品事业部','湖北省','何  玲'),(117,'武汉远大弘元股份有限公司',0,'未成交',1566791407,'','','','18872201506 ','18872201506',' ','湖北省鄂州市葛店开发区创业大道',3,0,',3,','','','','',NULL,NULL,0,NULL,1566791407,1566827497,'产品事业部','湖北省','童利华'),(118,'襄阳市杨四郎生物科技有限公司',0,'未成交',1566791600,'','','','0710-3518780','15928003993','','襄阳市襄城区庞公路80号',3,0,',3,','','','','',NULL,NULL,0,NULL,1566791600,1566827497,'产品事业部','湖北省鄂州市葛店开发区创业大道','李培新 '),(119,'上海延安药业（湖北）有限公司',0,'未成交',1567671507,'','','','18872629733','18872629733','','湖北省天门市岳口镇上海延安药业（湖北）有限公司',3,8,',3,','','','','',NULL,NULL,0,'待跟进',1566791686,1567671507,'产品事业部','湖北省','段文佳'),(120,'湖北福人金身药业有限公司',0,'未成交',1566791761,'','','','0715-8210599','15629967045','','湖北咸宁市温泉城区中心淦河大道32号',3,0,',3,','','','','',NULL,NULL,0,NULL,1566791761,1566827497,'产品事业部','湖北省','胡秀丽'),(121,'武汉五景药业有限公司',0,'未成交',1567671508,'','','','027-68853666-8608','15072487199','','武汉市东西湖区金银湖鑫桥高新技术产业园五景路1号',3,8,',3,','','','','',NULL,NULL,0,'待跟进',1566795795,1567671508,'产品事业部','湖北省','罗婷'),(122,'湖北汇中制药有限公司',0,'未成交',1567002824,'','','','0713-3955712','13972730155','','湖北省黄冈市龙感湖管理区长青东路31号',3,8,',3,8,','','','','',NULL,NULL,0,'已跟进',1566795875,1567756705,'产品事业部','湖北省','吴红霞'),(123,'天津金耀集团湖北天药药业股份有限公司',0,'未成交',1567671508,'','','','0710-3810101','13995700763','','襄阳市汉江北路99号',3,8,',3,','','','','',NULL,NULL,0,'待跟进',1566795952,1567671508,'产品事业部','襄阳市汉江北路99号','包兴娥 '),(124,'黄石市美丰化工有限责任公司',0,'未成交',1566796195,'','','','13597610922','13597610922','','黄石市铁山区铜锣大道138号',3,0,',3,','','','','',NULL,NULL,0,NULL,1566796195,1566827497,'产品事业部','湖北省','易春花'),(125,'武汉恒信源药业有限公司',0,'未成交',1566796255,'','','','18008626731','18008626731','','武汉市东湖开发区神墩五路88号',3,0,',3,','','','','',NULL,NULL,0,NULL,1566796255,1566827497,'产品事业部','湖北省','江  坤'),(126,'湖北荷普药业股份有限公司',0,'未成交',1566796328,'','','','13007189466','13007189466','','武汉市东西湖金银湖南四街二号',3,0,',3,','','','','',NULL,NULL,0,NULL,1566796328,1566827497,'产品事业部','湖北省','张  超'),(127,'湖北香连药业有限责任公司',0,'已成交',1566796395,'','','','18872808363','18872808363','','湖北省利川市东城路666号\n签约单机版DMS系统及DMS系统验证服务',3,0,',3,','','','','',0.00000000000,0.00000000000,0,'已跟进',1566796395,1566827497,'产品事业部','湖北省','王  程'),(128,'湖北神农制药有限公司',0,'未成交',1566796506,'','','','0715-6716777','18727833018','','湖北省嘉鱼县官桥镇田野大道特1号湖北神农制药有限公司',3,0,',3,','','','','',NULL,NULL,0,NULL,1566796506,1566827497,'产品事业部','湖北省','王  漫'),(129,'武汉中原瑞德生物制品有限责任公司',0,'未成交',1566796666,'','','','027-83922698','13554166684','','光谷七路99号',3,0,',3,','','','','',NULL,NULL,0,NULL,1566796666,1566827497,'产品事业部','湖北省','程海波'),(130,'湖北一半天制药有限公司',0,'未成交',1566796748,'','','','0716-3323824','15926505090','','湖北省荆州市监利县城东工业园',3,0,',3,','','','','',NULL,NULL,0,NULL,1566796748,1566827497,'产品事业部','湖北省','邓志军'),(131,'李时珍医药集团有限公司',0,'未成交',1566796831,'','','','15972880769','15972880769','','湖北蕲春本草纲目生物科技园区',3,0,',3,','','','','',NULL,NULL,0,NULL,1566796831,1566827482,'产品事业部','湖北省','龚俊丽'),(132,'武汉生物制品研究所有限责任公司',0,'未成交',1566796905,'','','','13971054261','18062001290',' ','武汉生物制品研究所有限责任公司黄金工业园1号',3,0,',3,','','','','',NULL,NULL,0,NULL,1566796905,1566827482,'产品事业部','湖北省','宋颖丽'),(133,'湖北汇瑞药业股份有限公司',0,'未成交',1566796971,'','','','027-59908117','18971428185','','武汉市东湖新技术开发区黄龙山二路2号',3,0,',3,','','','','',NULL,NULL,0,NULL,1566796971,1566827482,'产品事业部','湖北省','艾卫涛'),(134,'湖南正清制药股份有限公司',0,'未成交',1566797062,'','','','13762929981','13762929981','','怀化市正清路288号',3,0,',3,','','','','',NULL,NULL,0,NULL,1566797062,1566827482,'产品事业部','湖南省','曾  颖'),(135,'荆州市津奉药业发展有限公司',0,'未成交',1566797152,'','','','13972125111','13972125111','','湖北省荆州市荆州开发区沙岑路北侧',3,0,',3,','','','','',NULL,NULL,0,NULL,1566797152,1566827482,'产品事业部','湖北省','盛晓明'),(136,'湖北创力药业有限公司',0,'未成交',1566797226,'','','','0710-6350170','18120265567','','湖北省枣阳市车站路18号',3,0,',3,','','','','',NULL,NULL,0,NULL,1566797226,1566827482,'产品事业部','湖北省','袁  雪'),(137,'湖北省承古药业有限公司',0,'未成交',1566797299,'','','','0718-8262650','13235460251','','湖北省恩施市金桂大道164号',3,0,',3,','','','','',NULL,NULL,0,NULL,1566797299,1566827482,'产品事业部','湖北省','刘子慧'),(138,'时珍堂巴东药业有限公司',0,'未成交',1566797393,'','','','13636286273 ','15172975562','','湖北省巴东县三关镇发展大道43号',3,0,',3,','','','','',NULL,NULL,0,NULL,1566797393,1566827482,'产品事业部','湖北省','向  军'),(139,'湖北聚瑞中药饮片有限公司',0,'未成交',1566797665,'','','','18672175225','13114498790','','湖北省荆门市钟祥经济开发区西环三路16号',3,0,',3,','','','','',NULL,NULL,0,NULL,1566797665,1566827482,'产品事业部','湖北省','严瀛灏'),(140,'湖北广仁药业有限公司',0,'未成交',1566797769,'','','','0722-6423175 ','13972985579','','湖北省广水市桐柏大道206号 ',3,0,',3,','','','','',NULL,NULL,0,NULL,1566797769,1566827482,'产品事业部','湖北省','彭世超'),(141,'湖北天济中药饮片有限公司',0,'未成交',1566797833,'','','','13986006488','13986006488','','湖北省武汉市西湖区吴家山革新大道南',3,0,',3,','','','','',NULL,NULL,0,NULL,1566797833,1566827482,'产品事业部','湖北省','杨志强 '),(142,'湖北华世通潜龙药业有限公司',0,'未成交',1567671527,'','','','0728－6490530','15337378881','','湖北省潜江市潜阳东路51号',3,8,',3,','','','','',NULL,NULL,0,'待跟进',1566797909,1567671527,'产品事业部','湖北省','许  华'),(143,'湖北科伦药业有限公司',0,'未成交',1566797977,'','','','0728-3251699','13477517235','','湖北省仙桃市工业园区',3,0,',3,','','','','',NULL,NULL,0,NULL,1566797977,1566827482,'产品事业部','湖北省','王  斌'),(144,'湖北人福成田药业有限公司',0,'未成交',1566798041,'','','','','18672110446','','湖北省天门市经济开发区天仙路1号',3,0,',3,','','','','',NULL,NULL,0,NULL,1566798041,1566827482,'产品事业部','湖北省','姜龙 '),(145,'湖北华信制药有限公司',0,'未成交',1566798102,'','','','','18307155138','','湖北咸宁 ',3,0,',3,','','','','',NULL,NULL,0,NULL,1566798102,1566827482,'产品事业部','湖北省','王会玲 '),(146,'武汉华龙生物制药有限公司',0,'未成交',1566798686,'','','','027-83068789','13971501336','','武汉市东西湖区走马岭街华龙生物科技园',3,0,',3,','','','','',NULL,NULL,0,NULL,1566798686,1566827470,'产品事业部','湖北省','董建武'),(147,'湖北福人药业股份有限公司',0,'未成交',1566798777,'','','','0715－4810608','13997546199','','湖北省咸宁市通城县石南桥',3,0,',3,','','','','',NULL,NULL,0,NULL,1566798777,1566827470,'产品事业部','湖北省','陈碧红'),(148,'湖北神农制药股份有限公司',0,'未成交',1566798838,'','','','0715-6066082','13545582730','','湖北省墨鱼县官桥镇田野大道1号',3,0,',3,','','','','',NULL,NULL,0,NULL,1566798838,1566827470,'产品事业部','湖北省','闫莹莹'),(149,'南昌鲁信金光净化设备有限公司',0,'未成交',1566798980,'','','','79186533529','13576287917','','南昌市灌婴路599号',3,0,',3,','','','','',NULL,NULL,0,NULL,1566798980,1566827470,'产品事业部','江西省','桑钢先'),(150,'湖北诺得胜制药有限公司',0,'未成交',1566799081,'','','','','13872988597','','',3,0,',3,','','','','',NULL,NULL,0,NULL,1566799081,1566827470,'产品事业部','湖北省','胡志刚'),(151,'武汉启瑞药业有限公司',0,'未成交',1566799147,'','','','027-81820103','13886053435','','湖北省武汉市东湖新技术开发区庙山医药原二期',3,0,',3,','','','','',NULL,NULL,0,NULL,1566799147,1566827470,'产品事业部','湖北省','韩艳'),(152,'青岛华迈士药业有限公司',0,'未成交',1567002428,'','','','','18053223672','','质量部总监',3,11,',3,11,','','','','',NULL,NULL,1567526400,'已跟进',1566799240,1567562736,'产品事业部','山东省','滕老师'),(153,'青岛益青生物科技有限公司',0,'未成交',1567002428,'','','','','13675327491','','质量副经理',3,11,',3,11,','','','','',NULL,NULL,0,'已跟进',1566799288,1567136863,'产品事业部','山东省','刘老师'),(154,'青岛康源药业有限公司',0,'未成交',1567002428,'','','','','15806428109','','质量经理',3,11,',3,11,','','','','',NULL,NULL,1567353600,'已跟进',1566799338,1567136987,'产品事业部','山东省','尚老师'),(155,'青岛双鲸药业有限公司',0,'未成交',1567002428,'','','','','13780672171','','质量部长',3,11,',3,11,','','','','',NULL,NULL,1567353600,'已跟进',1566799386,1567137386,'产品事业部','山东省','王新梅'),(156,'青岛九龙生物',0,'未成交',1567002428,'','','','','13668841653','','生产经理',3,11,',3,11,','','','','',NULL,NULL,0,'已跟进',1566799438,1567563488,'产品事业部','山东省','王洪见'),(157,'青岛海汇生物',0,'未成交',1567002428,'','','','','18661479685','','质量负责人',3,11,',3,11,','','','','',NULL,NULL,0,'已跟进',1566799482,1567499638,'产品事业部','山东省','吕鑫'),(158,'山东安舜制药有限公司',0,'未成交',1566804546,'B（普通客户）','生产','电话咨询','','17753437208','','本来计划参加济班培训班，由于有重要审计，所以不能参加。电话中问我关于培训会员的政策以及数据可靠性问题，目前该企业还没有做CSV，可以找机会预约拜访。该企业是新厂，也问到99800元的会员服务其它厂是否通用。过几天再联系。',11,11,'','','山东省\n德州市\n','','',0.00000000000,0.00000000000,1568700060,'已跟进',1566804546,1567480175,'产品事业部','山东','朱玉忠'),(159,'华润昂德生物药业有限公司',0,'未成交',1566804777,'B（普通客户）','生产','公司资源','','13969509193','','生物工程产品(重组人促红素注射液(CHO细胞)、注射用重组人白介素-11(I)、注射用重组人组织型纤溶酶原激酶衍生物)***\n单机版，没有做CSV，目前也没有计划做。企业不盈利，等到什么时侯强制要求时再考虑做。此客户可以不定期跟踪，培养。',11,11,'','','山东省\n\n','','',0.00000000000,0.00000000000,0,'已跟进',1566804777,1566868693,'产品事业部','山东','刘立岗'),(160,'青岛黄海制药有限公司',0,'未成交',1567002429,'','','','88691352','0532-88691352','','质量总监',3,11,',3,11,','','','','',0.00000000000,0.00000000000,0,'已跟进',1566804885,1567069311,'产品事业部','山东省','吴立明'),(161,'扶桑帝药',0,'未成交',1567002429,'','','','','13356862865','','部长',3,11,',3,11,','','','','',NULL,NULL,0,'已跟进',1566804934,1567563727,'产品事业部','山东省','淳于兴华'),(162,'青岛红蝶新材料有限公司',0,'未成交',1567002429,'','','','','13869864923','','质量负责人',3,11,',3,11,','','','','',NULL,NULL,0,'已跟进',1566804982,1567067796,'产品事业部','山东省','王泽勇'),(163,'青岛康尔健中药',0,'未成交',1567002429,'','','','','15194300280','','质量经理',3,11,',3,11,','','','','',NULL,NULL,0,'已跟进',1566805028,1567069480,'产品事业部','山东省','桑福源'),(164,'正大制药（青岛）有限公司',0,'未成交',1567002429,'','','','','13583234570','','质量负责人',3,11,',3,11,','','','','',NULL,NULL,0,'已跟进',1566805095,1567069641,'产品事业部','山东省','万海宁'),(165,'青岛明月海藻集团有限公司',0,'未成交',1567002619,'','','','','18669829058','','质量部经理',3,11,',3,11,','','','','',NULL,NULL,1569427200,'已跟进',1566805141,1567068561,'产品事业部','山东省','李振广'),(166,'青岛聚大洋藻业有限公司',0,'未成交',1567002619,'','','','','13210077360','','质量主任',3,11,',3,11,','','','','',NULL,NULL,0,'已跟进',1566805196,1567562998,'产品事业部','山东省','崔杰'),(167,'青岛百洋制药有限公司',0,'未成交',1567002619,'','','','','13954219761','','质量部部长',3,11,',3,11,','','','','',NULL,NULL,0,'待跟进',1566805241,1567002619,'产品事业部','山东省','郑爱菊'),(168,'青岛鸿德盛中药',0,'未成交',1567002429,'','','','','18661639686','','厂长',3,11,',3,11,','','','','',NULL,NULL,0,'已跟进',1566805300,1567069802,'产品事业部','山东省','车云涛'),(169,'青岛国大制药有限公司',0,'未成交',1567002429,'','','','','18661926172','','质量经理',3,11,',3,11,','','','','',NULL,NULL,0,'已跟进',1566805357,1567069982,'产品事业部','山东省','尤洪庆'),(170,'青岛国大生物制药股份有限公司',0,'未成交',1567002429,'','','','','13969798007','','副总',3,11,',3,11,','','','','',NULL,NULL,1569427200,'已跟进',1566805400,1567271329,'产品事业部','山东省','赵素娟'),(171,'青岛东海药业有限公司',0,'未成交',1567002429,'','','','','18678433276','','质量负责人',3,11,',3,11,','','','','',NULL,NULL,1568822400,'已跟进',1566805447,1567070448,'产品事业部','山东省','王军丽'),(172,'青岛杰华生物',0,'未成交',1567002429,'','','','','18953286063','','验证主任',3,11,',3,11,','','','','',NULL,NULL,1569513600,'已跟进',1566805522,1567070683,'产品事业部','山东省','吏小华'),(173,'辽宁红五星制药',0,'未成交',1566805660,'','','','0414-5627812 ','13478862331','','质量经理',3,0,',3,','','','','',NULL,NULL,0,NULL,1566805660,1566827393,'产品事业部','辽宁省','汪丽漫'),(174,'辽宁诺维诺制药股份有限公司',0,'未成交',1566805724,'','','','02447506010','13940355842','','质量部长',3,0,',3,','','','','',NULL,NULL,0,NULL,1566805724,1566827393,'产品事业部','辽宁省','张小燕'),(175,'东药集团沈阳第一制药',0,'未成交',1566805782,'','','','024-25807147','13940204804','','质量经理',3,0,',3,','','','','',NULL,NULL,0,NULL,1566805782,1566827387,'产品事业部','辽宁省','娄波'),(176,'沈阳嘉和气体有限公司 ',0,'未成交',1566805843,'','','','','15566307033','','质量负责人',3,0,',3,','','','','',NULL,NULL,0,NULL,1566805843,1566827387,'产品事业部','辽宁省','王继峰'),(177,'沈阳三九药业有限公司',0,'未成交',1566805894,'','','','024-27503999','13828838904','','质量副总',3,0,',3,','','','','',NULL,NULL,0,NULL,1566805894,1566827387,'产品事业部','辽宁省','李明谦'),(178,'青岛瑞奈医疗科技有限公司',0,'未成交',1566805935,'B（普通客户）','研发','公司资源','','17685562269','','企业单机版设备，自己做了简单的CSV，目前没有网络版和DBS的需求，不定期可以再跟踪一下。',11,11,'','','山东省\n青岛市\n城阳区','','',0.00000000000,0.00000000000,0,NULL,1566805935,1566805935,'产品事业部','山东','马慧'),(179,'吉林敖东集团大连药业股份有限公司',0,'未成交',1567583091,'','','','0411-86263928','13840805519','','',3,14,',3,','','','','',NULL,NULL,0,'已跟进',1566805984,1567603653,'产品事业部','吉林省','宋志国'),(180,'内蒙古康源药业有限公司',0,'未成交',1567005466,'','','','','13948951528','','QC主管',3,7,',3,','','','','',NULL,NULL,1568649600,'已跟进',1566806049,1567581806,'产品事业部','内蒙古','韩长武'),(181,'辽宁修正生物制药有限公司',0,'未成交',1566806105,'','','','024-45681296','13942410630','','质量副总',3,0,',3,','','','','',NULL,NULL,0,NULL,1566806105,1566827369,'产品事业部','辽宁省','王洪秀'),(182,'辽阳嘉德血液纸品有限公司',0,'未成交',1566806170,'','','','0419-2303230-8015','15941980016','','副总',3,0,',3,','','','','',NULL,NULL,0,NULL,1566806170,1566827369,'产品事业部','辽宁省','王军芳'),(183,'大连汉方药业有限公司',0,'未成交',1566806236,'','','','0411-86426355','13998455770','','质量授权人',3,0,',3,','','','','',0.00000000000,0.00000000000,0,'已跟进',1566806236,1566827430,'产品事业部','辽宁','刘  洋'),(184,'大连富生制药有限公司',0,'未成交',1566806278,'','','','','13204085788','','质量部长',3,0,',3,','','','','',0.00000000000,0.00000000000,0,'已跟进',1566806278,1566827430,'产品事业部','辽宁','于伟萍'),(185,'海城市天亿康制药有限公司（中药）',0,'未成交',1566806487,'','','','','15842042066','','质量负责人',3,0,',3,','','','','',NULL,NULL,0,NULL,1566806487,1566827322,'产品事业部','辽宁省','韦  谦'),(186,'辽宁科泰生物基因制药股份有限公司',0,'未成交',1566806548,'','','','024-45567852','18940188219','','质量总监',3,0,',3,','','','','',NULL,NULL,0,NULL,1566806548,1566827322,'产品事业部','辽宁省','姜玉贤'),(187,'阜新蒙药有限责任公司',0,'未成交',1566806650,'','','','','13464879858','','QC',3,0,',3,','','','','',NULL,NULL,0,NULL,1566806650,1566827322,'产品事业部','辽宁省','石立新'),(188,'辽宁好护士药业',0,'未成交',1566806755,'','','','024-48836441','13188214922','','化验主任',3,0,',3,','','','','',NULL,NULL,0,NULL,1566806755,1566827322,'产品事业部','辽宁省','冯莉'),(189,'大连华立德泽药业',0,'未成交',1567002429,'','','','','13942617279','','化验室主任',3,11,',3,11,','','','','',NULL,NULL,1570550400,'已跟进',1566806828,1567501185,'产品事业部','山东省','殷晓菲'),(190,'大连金石滩药业',0,'未成交',1567002429,'','','','','15842446933','','质量部经理',3,11,',3,11,','','','','',NULL,NULL,0,'已跟进',1566806876,1567500578,'产品事业部','山东省','王萍'),(191,'开原亨泰制药',0,'未成交',1566806961,'','','','','13700086695','','设备副总',3,0,',3,','','','','',NULL,NULL,0,NULL,1566806961,1566827308,'产品事业部','辽宁省','姜军'),(192,'大连奥森药业',0,'未成交',1566807020,'','','','','13236927757','','质量部长',3,0,',3,','','','','',NULL,NULL,0,NULL,1566807020,1566827308,'产品事业部','山东省','于  沫'),(193,'大连奥泰药业股份有限公司',0,'未成交',1567002429,'','','','','13591144156','','质量总监',3,11,',3,11,','','','','',NULL,NULL,0,'已跟进',1566807076,1567500435,'产品事业部','山东省','于丽苹'),(194,'大连华立金港药业有限公司',0,'未成交',1567002429,'','','','0411-87680240','13050512085','','QC经理',3,11,',3,11,','','','','',NULL,NULL,0,'已跟进',1566807141,1567500125,'产品事业部','山东省','陈素芬'),(195,'辽宁金丹药业股份有限公司',0,'未成交',1566807208,'','','','024-79609905','18341029170','','质量负责人',3,0,',3,','','','','',NULL,NULL,0,NULL,1566807208,1566827308,'产品事业部','辽宁省','杨淑芬'),(196,'东北制药科技发展有限公司',0,'未成交',1566807348,'','','','024-25807224','15640229556','','韦玮：质量负责人：13504975962',3,0,',3,','','','','',NULL,NULL,0,NULL,1566807348,1566827308,'产品事业部','辽宁省','潘军-副总经理'),(197,'辽宁海思科制药有限公司',0,'未成交',1566807442,'','','','0429-5693921','14704286878','','质量经理',3,0,',3,','','','','',NULL,NULL,0,NULL,1566807442,1566827296,'产品事业部','辽宁省','闻阁'),(198,'盘锦天源药业',0,'未成交',1566807527,'','','','13842770229','13234281456','','化验室主任',3,0,',3,','','','','',NULL,NULL,0,NULL,1566807527,1566827296,'产品事业部','辽宁省','董延芳'),(199,'沈阳明华制药',0,'未成交',1566807658,'','','','024-89738348','13940544271','','质量管理部部长',3,0,',3,','','','','',NULL,NULL,0,NULL,1566807658,1566827296,'产品事业部','辽宁省','鲍亚男'),(200,'辽宁中海康生物药业',0,'未成交',1566807793,'','','','0414-5858335','13998803352','','QC主管',3,0,',3,','','','','',NULL,NULL,0,NULL,1566807793,1566827296,'产品事业部','辽宁省','程宇'),(201,'科兴（大连）疫苗技术有限公司',0,'未成交',1567671572,'','','','87589873','15542338916','','质保部',3,8,',3,','','','','',NULL,NULL,0,'待跟进',1566807848,1567671572,'产品事业部','山东省','尹雅姝'),(202,'辽宁海康恩天然植物制药',0,'未成交',1566807891,'','','','','13889821605','','质量总监',3,0,',3,','','','','',NULL,NULL,0,NULL,1566807891,1566827296,'产品事业部','辽宁省','窦恒'),(203,'辽宁美林药业有限公司',0,'未成交',1566807948,'','','','0427-3219222','13065280063','','QC主任',3,0,',3,','','','','',NULL,NULL,0,NULL,1566807948,1566827275,'产品事业部','辽宁省','王素梅'),(204,'开元亨泰制药',0,'未成交',1566808063,'','','','','18741063076','','QC',3,0,',3,','','','','',NULL,NULL,0,NULL,1566808063,1566827275,'产品事业部','辽宁省','李建'),(205,'大连泛谷制药',0,'未成交',1566808143,'','','','18842845324','15942608180','','质量总监',3,0,',3,','','','','',NULL,NULL,0,NULL,1566808143,1566827275,'产品事业部','山东省','张红军'),(206,'辽宁可济药业',0,'未成交',1566808245,'','','','024-89151861','18842421351','','裴亚军：QC：13840149127',3,0,',3,','','','','',NULL,NULL,0,NULL,1566808245,1566827275,'产品事业部','辽宁省','孙祝华-化验室主任'),(207,'盘锦华成制药有限公司',0,'未成交',1566808315,'','','','','15842733925','','质量部长',3,0,',3,','','','','',NULL,NULL,0,NULL,1566808315,1566827275,'产品事业部','辽宁省','宋静波'),(208,'辽宁美亚制药',0,'未成交',1566808395,'','','','024-56607188','13841356715','','质量经理',3,0,',3,','','','','',NULL,NULL,0,NULL,1566808395,1566827275,'产品事业部','辽宁省','文青云'),(209,'辽宁华瑞联合制药',0,'未成交',1566808457,'','','','0415-8519458质量部','15141555403','','化验室主任',3,0,',3,','','','','',NULL,NULL,0,NULL,1566808457,1566827275,'产品事业部','辽宁省','卢雪飞'),(210,'沈阳三生制药有限责任公司',0,'未成交',1566808507,'','','','','13897944880','','质量',3,0,',3,','','','','',NULL,NULL,0,NULL,1566808507,1566827258,'产品事业部','辽宁省','隋轶'),(211,'辽宁汉草堂中药营口',0,'未成交',1566808673,'','','','','15841747162','','质量经理',3,0,',3,','','','','',NULL,NULL,0,NULL,1566808673,1566827258,'产品事业部','辽宁省','刘淑范'),(212,'沈阳同联药业',0,'未成交',1566808737,'','','','024-89864643','18698850261','','质量部长',3,0,',3,','','','','',NULL,NULL,0,NULL,1566808737,1566827258,'产品事业部','辽宁省','李丽华'),(213,'鞍山九天制药厂',0,'未成交',1566808789,'','','','0412-2623712','0412-2623712','','质量负责人',3,0,',3,','','','','',NULL,NULL,0,NULL,1566808789,1566827258,'产品事业部','辽宁省','樊绍辉'),(214,'大连星光气体有限公司',0,'未成交',1566808879,'','','','0411-89457999','13998667818','','质量授权人',3,0,',3,','','','','',0.00000000000,0.00000000000,0,'已跟进',1566808879,1566827258,'产品事业部','辽宁省','张言辉'),(215,'鞍山徳善药业',0,'未成交',1566808927,'','','','','15942250957','','副总',3,0,',3,','','','','',NULL,NULL,0,NULL,1566808927,1566827258,'产品事业部','辽宁省','程秀阁'),(216,'辽宁奥克医药辅料股份有限公司',0,'未成交',1566808997,'','','','0419-5161800','18641929770','','质量副总',3,0,',3,','','','','',NULL,NULL,0,NULL,1566808997,1566827258,'产品事业部','辽宁省','刘丽霞'),(217,'辽阳奥克纳米材料有限公司',0,'未成交',1566809055,'','','','0419-5169238','18641929770','','质量部长',3,0,',3,','','','','',NULL,NULL,0,NULL,1566809055,1566827258,'产品事业部','辽宁省','刘丽霞'),(218,'沈阳何氏眼产业集团有限公司',0,'未成交',1566809103,'','','','','13609871970','','质量负责人',3,0,',3,','','','','',NULL,NULL,0,NULL,1566809103,1566827258,'产品事业部','辽宁省','殷丽丽'),(219,'朝阳德远药业有限公司',0,'未成交',1566809365,'','','','0421-3815933','13614910627','','质量部长',3,0,',3,','','','','',NULL,NULL,0,NULL,1566809365,1566827233,'产品事业部','辽宁省','王可银'),(220,'辽宁正大祥和药业集团（新康达）',0,'未成交',1566809422,'','','','0421-3895059','13904217289','','质量部长',3,0,',3,','','','','',NULL,NULL,0,NULL,1566809422,1566827233,'产品事业部','辽宁省','张松梅'),(221,'朝阳龙城制药',0,'未成交',1566809763,'','','','0421-7199016','13898091987','','质量部长',3,0,',3,','','','','',NULL,NULL,0,NULL,1566809763,1566827233,'产品事业部','辽宁省','孙素杰'),(222,'辽宁奥达制药',0,'未成交',1566809826,'','','','0417-2132858','15009860469','','质量部长',3,0,',3,','','','','',NULL,NULL,0,NULL,1566809826,1566827233,'产品事业部','辽宁省','周晓丽'),(223,'沈阳康芝制药',0,'未成交',1567002824,'','','','024-31870339','18740051522','','质量负责人',3,8,',3,8,','','','','',NULL,NULL,0,'待跟进',1566809889,1567002824,'产品事业部','辽宁省','胡跃兰'),(224,'辽宁诺康生物制药',0,'未成交',1566809949,'','','','024-24696033-8061','13898123184','','质量经理',3,0,',3,','','','','',NULL,NULL,0,NULL,1566809949,1566827233,'产品事业部','辽宁省','沈文彧'),(225,'辽宁远大诺康生物制药有限公司',0,'未成交',1566810009,'','','','024-24696033','15940512603','','QC',3,0,',3,','','','','',NULL,NULL,0,NULL,1566810009,1566827233,'产品事业部','辽宁省','李丽丽'),(226,'辽宁富东制药',0,'未成交',1566810067,'','','','0414-5568766','15909815300','','质量经理',3,0,',3,','','','','',NULL,NULL,0,NULL,1566810067,1566827233,'产品事业部','辽宁省','梁玉香'),(227,'辽宁仙草堂药业股份有限公司',0,'未成交',1567007243,'','','','0414-5627812','13478862331','','质量经理',3,8,',3,','','','','',NULL,NULL,0,'已跟进',1566810142,1567522959,'产品事业部','辽宁省','汪丽漫'),(228,'大连汉信生物制药',0,'未成交',1567007561,'','','','','13709868897','','张海春：质量保证部副经理：15898104595/0411-87407630',3,8,',3,','','','','',NULL,NULL,0,'已跟进',1566810242,1567601367,'产品事业部','辽宁省','刘宾-质量总监'),(229,'西安万隆制药股份有限公司',0,'未成交',1566810484,'','','','','13891988522','','质量总监',3,0,',3,','','','','',NULL,NULL,0,NULL,1566810484,1566827215,'产品事业部','陕西省','姜艳玲'),(230,'艾美汉信疫苗（大连）有限公司',0,'未成交',1566811100,'C（非优先客户）','生产','个人资源','','18640955021','','1、今年五月份与杨腾飘（验证经理）有过沟通，对化验室计算机化系统（CSV验证）感兴趣想找第三方来做，并已向她公司领导反馈CSV验证事宜。\n2、5月中下旬重庆计算机化系统免费培训班有去参加，现场有过交涉，需专业人员去现场交流下。\n3、回到公司后与何总沟通过，何总联系过贵公司质量授权人（刘宾13709868897），贵公司近期忙于换证，这个计算机CSV验证事情进行搁置。\n4、我前段时间休假，上周再次联系，贵公司换证在九月份，有计划十月份来谈CSV验证事宜。',30,30,'',',14,','辽宁省\n大连市\n金州区','','辽宁省大连市金州区湾达路66附近',0.00000000000,0.00000000000,1567132200,'已跟进',1566811100,1566812982,'产品事业部','辽宁','杨腾飘'),(231,'成都纽瑞特医疗科技有限公司',0,'未成交',1566811203,'A（重点客户）','生产','电话咨询','','13518126495','','企业需求咨询服务，要先过日本的认证，后续会过fda认证！签约会员送一次实验室审计，有咨询的项目要到企业交流，王老师的建议是我们先去企业审计，出具报告之后，在和仇老师一起到企业进行咨询项目的交流。',13,13,'','','四川省\n成都市\n双流区','','',0.00000000000,0.00000000000,1567094400,'已跟进',1566811203,1566985841,'培训部','四川省','刘蕾'),(232,'西安世纪盛康药业有限公司',0,'未成交',1567007573,'','','','029-84981278-8018','13991113646','','质量授权人',3,8,',3,','','','','',NULL,NULL,0,'待跟进',1566811207,1567007573,'产品事业部','陕西省','何宝社'),(233,'西安天一秦昆制药有限责任公司',0,'未成交',1566811284,'','','','029-88316425-251','13359285257','','质量授权人',3,0,',3,','','','','',NULL,NULL,0,NULL,1566811284,1566827215,'产品事业部','陕西省','樊红梅'),(234,'上海艾力斯医药有限公司',0,'已成交',1566811416,'A（重点客户）','生产','转介绍','','13894239001','','企业9月中下旬要做现场审计服务，赠送',13,13,'','','江苏省\n南通市\n启东市','','',0.00000000000,0.00000000000,1566748800,NULL,1566811416,1566811416,'培训部','江苏省','万亚君'),(235,'西安天一秦昆制药有限责任公司礼泉制药厂',0,'未成交',1566811425,'','','','','13891083345','','药厂厂长',3,0,',3,','','','','',NULL,NULL,0,NULL,1566811425,1566827215,'产品事业部','陕西省','李铖'),(236,'西安正大制药有限公司',0,'未成交',1566811502,'','','','029-85502728','15349278344','','质量部长',3,0,',3,','','','','',NULL,NULL,0,NULL,1566811502,1566827215,'产品事业部','陕西省','吴'),(237,'西安安健药业有限公司',0,'未成交',1567007587,'','','','029-87117385-8201','13772155015','','质量授权人',3,8,',3,','','','','',NULL,NULL,0,'已跟进',1566811588,1567566076,'产品事业部','陕西省','李丹'),(238,'西安瑞丰制药有限公司',0,'未成交',1566811695,'','','','029-86032123-825','18629578200','','质量负责人  17791925647',3,0,',3,','','','','',NULL,NULL,0,NULL,1566811695,1566827215,'产品事业部','陕西省','侯丽英'),(239,'西安海欣制药有限公司',0,'未成交',1566811753,'','','','029-88384898-338','15353718996','','质量部长',3,0,',3,','','','','',NULL,NULL,0,NULL,1566811753,1566827215,'产品事业部','陕西省','吕美丽'),(240,'西安迪赛生物药业有限责任公司',0,'未成交',1566811824,'','','','029-86277647','029-86277647','','QA',3,0,',3,','','','','',NULL,NULL,0,NULL,1566811824,1566827195,'产品事业部','陕西省','李经理'),(241,'大连百利天华制药有限公司',0,'未成交',1566811826,'C（非优先客户）','生产','个人资源','','15909862161','','1、对化验室计算机化系统（CSV验证）感兴趣，想通过学习自己或找第三方做，意向不是太明确，但是我介绍大连艾美汉信想要采用咱们来做计算机化系统CSV验证服务，她这面有想法。\n2、现贵公司想做包材关联审评这块，我告诉我公司就能做，她问了下技术方面问题，我不懂这块，寻思联系下技术老师在给她答复。',30,30,'',',14,','辽宁省\n大连市\n','','大连花园口经济区丁香街8号 ',0.00000000000,0.00000000000,1566867600,NULL,1566811826,1566811826,'产品事业部','辽宁省','刘琦'),(242,'江苏无锡知原药业有限公司',0,'未成交',1566811895,'B（普通客户）','研发','转介绍','','13584560469','','企业后期对于lims有需求，前期想要做项目管理和文档管理的软件，希望我们能够到企业交流一下！，侯经理在协调我们去企业拜访时间定好，我和竭老师确定！',13,13,'','','江苏省\n无锡市\n','','江苏省无锡市锡山区锡北镇工业园区泾新路35号',0.00000000000,0.00000000000,1567008000,'已跟进',1566811895,1566985694,'培训部','江苏省','刘永波'),(243,'西安利君方圆制药有限责任公司',0,'未成交',1566811911,'','','','029-84238519','18980489892','','质量负责人',3,0,',3,','','','','',NULL,NULL,0,NULL,1566811911,1566827195,'产品事业部','陕西省','鲁学琴'),(244,'西安利君精华药业有限责任公司',0,'未成交',1566811972,'','','','029-84286340','13384984839','','质量部副总',3,0,',3,','','','','',NULL,NULL,0,NULL,1566811972,1566827195,'产品事业部','陕西省','韩国英'),(245,'西安利君制药有限责任公司',0,'未成交',1566812072,'','','','029-84682190','13571853050','','质量部处长',3,0,',3,','','','','',NULL,NULL,0,NULL,1566812072,1566827195,'产品事业部','陕西省','王金芳'),(246,'陕西天宇制药有限公司',0,'未成交',1566812132,'','','','','15309281624','','质量总监',3,0,',3,','','','','',NULL,NULL,0,NULL,1566812132,1566827195,'产品事业部','陕西省','殷维'),(247,'陕西必康制药集团控股有限公司 总部',0,'未成交',1566812193,'','','','029-88332070','18202933535','','质量部长',3,0,',3,','','','','',NULL,NULL,0,NULL,1566812193,1566827195,'产品事业部','陕西省','杨飞'),(248,'西安必康制药集团有限公司',0,'未成交',1566812251,'','','','029-85691557','13319189890','','质量经理',3,0,',3,','','','','',NULL,NULL,0,NULL,1566812251,1566827195,'产品事业部','陕西省','牛君君'),(249,'金花企业（集团）股份有限公司西安金花制药厂',0,'未成交',1566812344,'','','','029-88332695','15129216986','','质量部经理',3,0,',3,','','','','',NULL,NULL,0,NULL,1566812344,1566827195,'产品事业部','陕西省','陈建华'),(250,'西安千禾药业有限责任公司',0,'未成交',1566812402,'','','','029-86690837-208','15319931325','','质量经理',3,0,',3,','','','','',NULL,NULL,0,NULL,1566812402,1566827195,'产品事业部','陕西省','吕慧锋'),(251,'西安太极药业有限公司',0,'未成交',1566812461,'','','','029-85691250-3001','13609164969','','质量部长',3,0,',3,','','','','',NULL,NULL,0,NULL,1566812461,1566827195,'产品事业部','陕西省','王娜'),(252,'陕西东科制药有限责任公司',0,'未成交',1566812522,'','','','','15209263176','','质量部经理',3,0,',3,','','','','',NULL,NULL,0,NULL,1566812522,1566827195,'产品事业部','陕西省','陈勇'),(253,'西安京西双鹤药业有限公司',0,'未成交',1566812581,'','','','029-84818252','13659299736','','质量部经理',3,0,',3,','','','','',NULL,NULL,0,NULL,1566812581,1566827171,'产品事业部','陕西省','邢飞妮'),(254,'鸡西市天吉达生物科技有限公司',0,'未成交',1566812592,'C（非优先客户）','生产','个人资源','','13359958444','','1、休假前与姜经理联系沟通，贵公司新建一个中药饮片车间，想做饮片车间GMP认证项目。我上网查贵公司规模较小，资金不是太充裕，想先给它做下饮片车间审计，然后挖掘别的项目。\n2、他需要项目策划书及报价，好反馈给他公司领导（姜经理不能做决定），我这边已发送电子版  项目策划书及报价 一直没有消息\n3、上周与姜经理联系：车间建设已接近尾声，认证还没有找第三方来做，他在催催他公司领导 车间审计的项目事宜。',30,30,'',',14,','黑龙江省\n鸡西市\n梨树区','','黑龙江省鸡西市梨树区街里办中南委',0.00000000000,0.00000000000,0,NULL,1566812592,1566812592,'产品事业部','黑龙江省','姜连达'),(255,'陕西郝其军制药股份有限公司',0,'未成交',1566812676,'','','','029-87035586-803','18792857700','','李燕子：质量副部长：13571929504',3,0,',3,','','','','',NULL,NULL,0,NULL,1566812676,1566827171,'产品事业部','陕西省','张朝毅-质量授权人'),(256,'西安恒生堂制药有限公司',0,'未成交',1566812974,'','','','029-86031312-8019','029860313128019','','质量部长',3,0,',3,','','','','',NULL,NULL,0,NULL,1566812974,1566827171,'产品事业部','陕西省','王文超'),(257,'陕西嘉禾药业有限公司',0,'未成交',1566813037,'','','','029-84333954','15829906037','','质量部长',3,0,',3,','','','','',NULL,NULL,0,NULL,1566813037,1566827171,'产品事业部','陕西省','杨世帅'),(258,'西安康华药业有限公司',0,'未成交',1566813117,'','','','029-82521277','15029981583','','质量总监',3,0,',3,','','','','',NULL,NULL,0,NULL,1566813117,1566827171,'产品事业部','陕西省','白腊娟'),(259,'西安德立生物化工有限公司',0,'未成交',1566813176,'','','','','13572226529','','质量部长',3,0,',3,','','','','',NULL,NULL,0,NULL,1566813176,1566827171,'产品事业部','陕西省','张海蓉'),(260,'陕西制药有限责任公司',0,'未成交',1566813224,'','','','','15991624968','','质量经理',3,0,',3,','','','','',NULL,NULL,0,NULL,1566813224,1566827171,'产品事业部','陕西省','武新红'),(261,'陕西省中医药研究院汉唐制药有限公司',0,'未成交',1566813272,'','','','','15191415873','','研发部经理',3,0,',3,','','','','',NULL,NULL,0,NULL,1566813272,1566827171,'产品事业部','陕西省','王康'),(262,'陕西邦盛药业有限公司',0,'未成交',1566813318,'','','','','15319991200','','质量部长',3,0,',3,','','','','',NULL,NULL,0,NULL,1566813318,1566827171,'产品事业部','陕西省','张爱花'),(263,'西安方兴制药有限公司',0,'未成交',1566813374,'','','','029-86031965-8020','13891915283','','质量副总',3,0,',3,','','','','',NULL,NULL,0,NULL,1566813374,1566827171,'产品事业部','陕西省','廖总'),(264,'西安妙香园药业有限公司',0,'未成交',1566813423,'','','','','18682930686','','质量部',3,0,',3,','','','','',NULL,NULL,0,NULL,1566813423,1566827171,'产品事业部','陕西省','郭部长'),(265,'陕西开元制药有限公司',0,'未成交',1566813773,'','','','029-85691140','13572189464','','质量副总',3,0,',3,','','','','',NULL,NULL,0,NULL,1566813773,1566827171,'产品事业部','陕西省','袁莉'),(266,'陕西大河药业有限责任公司',0,'未成交',1566813824,'','','','','18700192106','','质量部长',3,0,',3,','','','','',NULL,NULL,0,NULL,1566813824,1566827171,'产品事业部','陕西省','陈莉莉'),(267,'西安圣威制药有限公司',0,'未成交',1566813878,'','','','029-87513030-8012','18392031512','','质量部总监',3,0,',3,','','','','',NULL,NULL,0,NULL,1566813878,1566827151,'产品事业部','陕西省','刘爱成'),(268,'西安科力药业有限公司',0,'未成交',1566813935,'','','','029-84982760-8019','15029013587','','生产部部长',3,0,',3,','','','','',NULL,NULL,0,NULL,1566813935,1566827151,'产品事业部','陕西省','辛万良'),(269,'清华德人西安幸福制药有限公司',0,'未成交',1566814018,'','','','029-83126372','13279364216','','质量部总监',3,0,',3,','','','','',NULL,NULL,0,NULL,1566814018,1566827151,'产品事业部','陕西省','曹兆军'),(270,'西安大恒制药有限责任公司',0,'未成交',1566814093,'','','','029-85692530-835','13468815767','','质量授权人',3,0,',3,','','','','',NULL,NULL,0,NULL,1566814093,1566827151,'产品事业部','陕西省','万峰'),(271,'西安碑林药业股份有限公司',0,'未成交',1566814152,'','','','029-86032951-8167','029860329518167','','谢  倩：QA：029-83222143、18629398528',3,0,',3,','','','','',0.00000000000,0.00000000000,0,'已跟进',1566814152,1566827151,'产品事业部','陕西省','王刚-质量部长兼QC经理'),(272,'西安正浩生物制药有限公司',0,'未成交',1566814319,'','','','029-85690195','13991380769','','质量授权人',3,0,',3,','','','','',NULL,NULL,0,NULL,1566814319,1566827151,'产品事业部','陕西省','李小卫'),(273,'西安力邦制药有限公司一厂',0,'未成交',1566814380,'','','','029-88384000','18591756836','','质量部经理',3,0,',3,','','','','',NULL,NULL,0,NULL,1566814380,1566827151,'产品事业部','陕西省','雷秀丽'),(274,'陕西博森生物制药股份集团有限公司',0,'未成交',1566814441,'','','','029-85691380-8048','13319289639','','质量授权人',3,0,',3,','','','','',NULL,NULL,0,NULL,1566814441,1566827151,'产品事业部','陕西省','杨爱萍'),(275,'西安汉丰药业有限责任公司（力邦集团子公司）',0,'未成交',1567671759,'','','','029-82721020','15691728297','','QA主管',3,8,',3,','','','','',NULL,NULL,0,'已跟进',1566814497,1567691777,'产品事业部','陕西省','白秀秀'),(276,'盘锦恒昌隆药业有限公司',0,'未成交',1566823204,'','','','0427-8854587','18242759061','','质量授权人',3,0,',3,','','','','',NULL,NULL,0,NULL,1566823204,1566827081,'产品事业部','辽宁省','赵宏伟'),(277,'陕西兴邦药业有限公司',0,'未成交',1566823281,'','','','029-86032366','13096933668','','质量授权人',3,0,',3,','','','','',NULL,NULL,0,NULL,1566823281,1566827151,'产品事业部','陕西省','黄健'),(278,'陕西方舟制药有限公司',0,'未成交',1566823348,'','','','029-88329112-8899','13384977609','','政府事务部经理',3,0,',3,','','','','',NULL,NULL,0,NULL,1566823348,1566827151,'产品事业部','陕西省','姜锦华'),(279,'西安中药饮片厂有限公司',0,'未成交',1566823395,'','','','','18700132649','','质量主管',3,0,',3,','','','','',NULL,NULL,0,NULL,1566823395,1566827151,'产品事业部','陕西省','孙丽琴'),(280,'辽宁东方人药业有限公司',0,'未成交',1567002476,'','','','0414-5859510','13942464599','','质量部部长',3,30,',3,30,',',14,','','','',NULL,NULL,0,'待跟进',1566823519,1567002476,'产品事业部','辽宁省','由克'),(281,'锦州九泰药业有限责任公司',0,'未成交',1567671782,'','','','0416-5179052-3110','15941628289','','质量主管',3,8,',3,','','','','',NULL,NULL,0,'已跟进',1566823690,1567691803,'产品事业部','辽宁省','邢风晶'),(282,'天津汉康医药生物技术有限公司',0,'未成交',1566823797,'','','','','13821454913','','',3,0,',3,','','','','',NULL,NULL,0,NULL,1566823797,1566827151,'产品事业部','天津市','李总'),(283,'天津柏海药业',0,'未成交',1566823854,'','','','','18822073149','','',3,0,',3,','','','','',NULL,NULL,0,NULL,1566823854,1566827151,'产品事业部','天津市','孙工'),(284,'沈阳格林制药有限公司',0,'未成交',1566823949,'','','','','18698889873','','质量部经理',3,0,',3,','','','','',NULL,NULL,0,NULL,1566823949,1566827034,'产品事业部','辽宁省','李研'),(285,'辽宁康博士制药有限公司',0,'已成交',1566824067,'','','','','18242238800','','质量经理\n签约了DMS单机版及DMS计算机化系统验证',3,0,',3,','','','','',NULL,NULL,0,NULL,1566824067,1566827034,'产品事业部','辽宁省','黄彦辉'),(286,'辽宁卫星制药厂（有限责任公司）',0,'未成交',1566824125,'','','','024-88093288','13704049970','','质保部部长',3,0,',3,','','','','',NULL,NULL,0,NULL,1566824125,1566827034,'产品事业部','辽宁省','孙  杨'),(287,'沈阳飞龙药业有限公司',0,'未成交',1566824174,'','','','','13940476653','','质量',3,0,',3,','','','','',NULL,NULL,0,NULL,1566824174,1566827034,'产品事业部','辽宁省','李爱华'),(288,'锦州九洋药业',0,'未成交',1566824358,'','','','','13009343381','','赵志民：质量副总：0416-3951986',3,0,',3,','','','','',NULL,NULL,0,NULL,1566824358,1566827034,'产品事业部','辽宁省','程国玉-质量副部长'),(289,'沈阳兴齐眼药股份',0,'未成交',1566824426,'','','','024-88026034','13804985392','','质量负责人',3,0,',3,','','','','',NULL,NULL,0,NULL,1566824426,1566827034,'产品事业部','辽宁省','薛晓柏'),(290,'葫芦岛国帝药业有限责任公司',0,'未成交',1566824496,'','','','0429-4115968','13909894440','','质量副总',3,0,',3,','','','','',NULL,NULL,0,NULL,1566824496,1566827034,'产品事业部','辽宁省','马晓敏'),(291,'沈阳红药安徽制药',0,'未成交',1566824561,'','','','','18075205866','','质量副总',3,0,',3,','','','','',NULL,NULL,0,NULL,1566824561,1566827034,'产品事业部','辽宁省','张素芳'),(292,'沈阳红药集团股份有限公司',0,'未成交',1566824698,'','','','024-88338761','02488338761','','张  剑：质量部长：13940542376\n张春玲：质量授权人：13940115506',3,0,',3,','','','','',NULL,NULL,0,NULL,1566824698,1566827034,'产品事业部','辽宁省','严总-质量负责人'),(293,'辽宁倍奇药业',0,'未成交',1566824813,'','','','0415-6227696','04156227696','','QC主任',3,0,',3,','','','','',NULL,NULL,0,NULL,1566824813,1566827034,'产品事业部','辽宁省','李主任'),(294,'辽宁本溪三药有限公司',0,'未成交',1566824865,'','','','0414-5859386','15141425043','','质量副总',3,0,',3,','','','','',NULL,NULL,0,NULL,1566824865,1566827034,'产品事业部','辽宁省','卢文'),(295,'辽宁格瑞仕特生物制药有限公司',0,'未成交',1567002477,'','','','','18504148211','','张  璇：验证主任：18504148225',3,30,',3,30,',',14,','','','',NULL,NULL,0,'待跟进',1566825210,1567002477,'产品事业部','辽宁省','窦  恒-质量总监'),(296,'沈阳圣元药业',0,'未成交',1566825269,'','','','024-24605079','13909814002','','质量部长',3,0,',3,','','','','',NULL,NULL,0,NULL,1566825269,1566826932,'产品事业部','辽宁省','徐丹丹'),(297,'沈阳协合生物制药股份有限公司',0,'未成交',1566825312,'','','','','15940322209','','QC',3,0,',3,','','','','',NULL,NULL,0,NULL,1566825312,1566826932,'产品事业部','辽宁省','方玉环'),(298,'营口三花制药',0,'未成交',1566825386,'','','','','15842446933','','质量经理',3,0,',3,','','','','',NULL,NULL,0,NULL,1566825386,1566826932,'产品事业部','辽宁省','王萍'),(299,'沈阳天邦药业有限公司',0,'未成交',1566825459,'','','','','15942308076','','质量部长',3,0,',3,','','','','',NULL,NULL,0,NULL,1566825459,1566826932,'产品事业部','辽宁省','黄  莉'),(300,'双鹤药业',0,'未成交',1567003023,'','','','024-27518555-8555','18302492555','','质量负责人',3,7,',7,','','','','',NULL,NULL,0,'待跟进',1566825559,1567003023,'产品事业部','北京市','邹衍华'),(301,'沈阳中科药业',0,'未成交',1566825623,'','','','024-22877605','15942033072','','质量负责人',3,0,',3,','','','','',NULL,NULL,0,NULL,1566825623,1566826932,'产品事业部','辽宁省','王训祥'),(302,'辽宁天铖制药',0,'未成交',1566825708,'','','','','18741501277','','王秋力：质量负责人：0415-7140993',3,0,',3,','','','','',NULL,NULL,0,NULL,1566825708,1566826932,'产品事业部','辽宁省','张金凤-化验室主任'),(303,'沈阳诺亚荣康生制药',0,'未成交',1566825773,'','','','024-23783058','13840398880','','副总',3,0,',3,','','','','',NULL,NULL,0,NULL,1566825773,1566826932,'产品事业部','辽宁省','许笑微'),(304,'沈阳今方药业',0,'未成交',1566825825,'','','','','13998295720','','企业负责人',3,0,',3,','','','','',NULL,NULL,0,NULL,1566825825,1566826932,'产品事业部','辽宁省','吴秀坤'),(305,'沈阳双鼎制药有限公司',0,'未成交',1566825885,'','','','024-23788988-8052','13504007217','','质量经理',3,0,',3,','','','','',NULL,NULL,0,NULL,1566825885,1566826932,'产品事业部','辽宁省','赵春红'),(306,'沈阳永大制药',0,'未成交',1566825975,'','','','024-25812567-629','13940405487','','质量负责人',3,0,',3,','','','','',NULL,NULL,0,NULL,1566825975,1566826932,'产品事业部','辽宁省','谷玉洪'),(307,'辽宁金丸药业',0,'未成交',1566826028,'','','','0415-3782220','13624955667','','质量部',3,0,',3,','','','','',NULL,NULL,0,NULL,1566826028,1566826932,'产品事业部','辽宁省','袁玲cizhi'),(308,'辽宁美大康华邦药业',0,'未成交',1566826076,'','','','024-88080136','15840470468','','质量副总',3,0,',3,','','','','',NULL,NULL,0,NULL,1566826076,1566826932,'产品事业部','辽宁省','王健'),(309,'辽宁民康制药有限公司',0,'未成交',1566826141,'','','','0411-66516153','13332287768','','质量部长',3,0,',3,','','','','',NULL,NULL,0,NULL,1566826141,1566826932,'产品事业部','辽宁省','张桢民'),(310,'辽宁康辰药业',0,'未成交',1566826214,'','','','0415-6670673','13470045877','','质量经理',3,0,',3,','','','','',NULL,NULL,0,NULL,1566826214,1566826932,'产品事业部','辽宁省','于世海'),(311,'惠州市九惠制药股份有限公司',0,'未成交',1566828746,'B（普通客户）','生产','公司资源','','18948266066','','',12,12,'',',8,','广东省\n惠州市\n惠城区','广东省惠州市惠城区南岸路199号惠州市九惠制药股份有限公司','广东省惠州市惠城区南岸路199号惠州市九惠制药股份有限公司',114.43341799752,23.06016903671,1567008000,'已跟进',1566828746,1567418909,'产品事业部','广东省','钟伟文'),(312,'广东湛江吉民药业股份有限公司',0,'未成交',1566829060,'B（普通客户）','生产','公司资源','','13824824116','','',12,12,'',',8,','广东省\n湛江市\n霞山区','广东省湛江市霞山区人民大道南59号-之1诚慷门诊部','广东省湛江市霞山区人民大道南59号-之1诚慷门诊部',110.41053499622,21.20758996730,0,NULL,1566829060,1566829060,'产品事业部','广东省','劳  萌'),(313,'惠州华阳医疗器械有限公司',0,'未成交',1566829674,'B（普通客户）','生产','公司资源','','13316385406','','',12,12,'',',8,','广东省\n惠州市\n惠城区','惠州市东江高新科技产业园上霞北路1号华阳工业园a区惠州华阳通用电子有限公司(上霞北路)','惠州市东江高新科技产业园上霞北路1号华阳工业园a区惠州华阳通用电子有限公司(上霞北路)',114.51214189916,23.12271849777,0,'已跟进',1566829674,1567418718,'产品事业部','广东省','林锦团'),(314,'广州市诚济药业有限公司',0,'未成交',1566830271,'B（普通客户）','生产','公司资源','','13502527877','','',12,12,'',',8,','广东省\n广州市\n白云区','文盛庄田顶工业区17号;东平文盛庄新东路3号广州市诚济药业有限公司','文盛庄田顶工业区17号;东平文盛庄新东路3号广州市诚济药业有限公司',113.31063995453,23.25174912278,1567008000,'已跟进',1566830271,1567671178,'产品事业部','广东省','胡卫民'),(315,'东莞东阳光药物研发有限公司',0,'未成交',1566830549,'B（普通客户）','生产','公司资源','','13790316827','','',12,12,'',',8,','广东省\n东莞市\n长安镇','东莞市长安镇新春路上沙第五工业区','东莞市长安镇新春路上沙第五工业区',113.76008968917,22.78862968085,1567699200,'已跟进',1566830549,1567418608,'产品事业部','广东省','梁慧玲'),(316,'东莞市亚洲制药有限公司',0,'未成交',1566830789,'B（普通客户）','生产','公司资源','','13751392099','','',12,12,'',',8,','广东省\n东莞市\n洪梅镇','广东省东莞市迎宾大道','广东省东莞市迎宾大道',114.08173642099,22.81486336303,1567008000,'已跟进',1566830789,1567091737,'产品事业部','广东省','黄三妹'),(317,'佛山手心制药有限公司',0,'未成交',1566830990,'B（普通客户）','生产','公司资源','','13415527573','','',12,12,'',',8,','广东省\n佛山市\n禅城区','佛山市禅城区轻工二路10号佛山手心制药有限公司-北门','佛山市禅城区轻工二路10号佛山手心制药有限公司-北门',113.09925546301,23.03691247148,0,NULL,1566830990,1566830990,'产品事业部','广东省','徐海霞'),(318,'中山大学达安基因股份有限公司',0,'未成交',1566831373,'B（普通客户）','生产','公司资源','','13539884006','','',12,12,'',',8,','广东省\n广州市\n黄埔区','香山路19号广州开发区科技企业孵化器','香山路19号广州开发区科技企业孵化器',113.44784884486,23.18606682920,0,NULL,1566831373,1566831373,'产品事业部','广东省','李细萍'),(319,'沈阳军区药品仪器检验所',0,'未成交',1566831422,'','','','024-28869579','13309883196','','副所长',3,0,',3,','','','','',NULL,NULL,0,NULL,1566831422,1566832300,'产品事业部','辽宁省','赵  昕'),(320,'辽宁沃德药业有限公司',0,'未成交',1566831472,'','','','','15004239183','','质量副总',3,0,',3,','','','','',NULL,NULL,0,NULL,1566831472,1566832300,'产品事业部','辽宁省','王志逐'),(321,'辽宁依生生物制药有限公司',0,'未成交',1567740588,'','','','024-89657960','13604014953','','质量部 ',3,8,',3,','','','','',NULL,NULL,0,'已跟进',1566831525,1567755833,'产品事业部','辽宁省','王凯'),(322,'哈药集团三精千鹤制药有限公司',0,'未成交',1567005404,'','','','','18746805192','','化验室主任',3,30,',3,',',14,','','','',NULL,NULL,0,'待跟进',1566831592,1567005404,'产品事业部','黑龙江省','季  双'),(323,'丹东市通远药业有限公司',0,'未成交',1566831717,'','','','','18624008693','','QC经理',3,0,',3,','','','','',NULL,NULL,0,NULL,1566831717,1566832300,'产品事业部','辽宁省','朱海虹'),(324,'广州先通药业有限公司',0,'未成交',1566831733,'B（普通客户）','生产','公司资源','','18576095588','','',12,12,'',',8,','广东省\n中山市\n南朗镇','中山市南朗镇','中山市南朗镇',113.53748509235,22.50487556391,0,NULL,1566831733,1566831733,'产品事业部','广东省','李湘平'),(325,'辽宁省铁岭市杜记膏药厂',0,'未成交',1566831760,'','','','','15840470468','','质量负责人',3,0,',3,','','','','',NULL,NULL,0,NULL,1566831760,1566832300,'产品事业部','辽宁省','王  健'),(326,'沈阳志鹰制药厂',0,'未成交',1566831853,'','','','024-24280666-8258','13309810507','','质量副总',3,0,',3,','','','','',NULL,NULL,0,NULL,1566831853,1566832300,'产品事业部','辽宁省','高敬红'),(327,'辽宁玉皇药业',0,'未成交',1566831903,'','','','024-89161999-8639','13889394900','','质量经理',3,0,',3,','','','','',NULL,NULL,0,NULL,1566831903,1566832300,'产品事业部','辽宁省','李帅'),(328,'沈阳天峰制药',0,'未成交',1566831953,'','','','024-89302168-805','15940101687','','研发负责人',3,0,',3,','','','','',NULL,NULL,0,NULL,1566831953,1566832300,'产品事业部','辽宁省','李丽娜'),(329,'大连雅立峰生物制药有限公司',0,'未成交',1567002477,'','','','0411-39962601-8712','13898699848','','聂飞：质量部长：0411-39962601-805、13624081812',3,30,',3,30,',',14,','','','',0.00000000000,0.00000000000,0,'待跟进',1566832042,1567002477,'产品事业部','辽宁省','毕连梅-QC负责人'),(330,'石药集团远大制药',0,'未成交',1566832278,'','','','0411-87651189-6003','0411876511896003','','祖宇：QA负责人：0411-87655871、13842629925',3,0,',3,','','','','',NULL,NULL,0,NULL,1566832278,1566832300,'产品事业部','辽宁省','朴红梅-质量负责人'),(331,'广东广发制药有限公司',0,'未成交',1566832429,'B（普通客户）','生产','公司资源','','15999843781','','',12,12,'',',8,','广东省\n东莞市\n石碣镇','石碣镇崇焕中路银河南路41号东莞广发制药有限公司','石碣镇崇焕中路银河南路41号东莞广发制药有限公司',113.83321759665,23.10807560609,0,'已跟进',1566832429,1567675764,'产品事业部','广东省','李婷'),(332,'广州紫云轩药业有限公司',0,'未成交',1566832642,'B（普通客户）','生产','公司资源','','13631403984','','',12,12,'',',8,','广东省\n广州市\n荔湾区','广东省广州市荔湾区龙溪大道裕海路1号芳村机动车检测服务中心','广东省广州市荔湾区龙溪大道裕海路1号芳村机动车检测服务中心',113.20337302413,23.07423603099,0,NULL,1566832642,1566832642,'产品事业部','广东省','梁秀琼'),(333,'广州大光制药有限公司',0,'未成交',1566832780,'B（普通客户）','生产','公司资源','','18743083315','','',12,12,'',',8,','广东省\n广州市\n黄埔区','瑞泰路7广州大光制药有限公司','瑞泰路7广州大光制药有限公司',113.51499430713,23.15891473939,0,'已跟进',1566832780,1567418823,'产品事业部','广东省','范春阳'),(334,'广东嘉博制药有限公司',0,'未成交',1566833022,'B（普通客户）','生产','公司资源','','18826623881','','',12,12,'',',8,','广东省\n清远市\n清城区','清远市清城区107国道西50米广东省清远高新技术产业开发区-东北门','清远市清城区107国道西50米广东省清远高新技术产业开发区-东北门',113.08085771702,23.63294076790,0,NULL,1566833022,1566833022,'产品事业部','广东省','叶维杰'),(335,'广东南国药业有限公司',0,'未成交',1566833206,'B（普通客户）','生产','公司资源','','13250401182','','',12,12,'',',8,','广东省\n湛江市\n霞山区','机场路16号附近广东南国药业有限公司-南门','机场路16号附近广东南国药业有限公司-南门',110.38621445251,21.22308040128,1566921600,NULL,1566833206,1566833206,'产品事业部','广东省','何远楼'),(336,'广州康臣药业有限公司',0,'未成交',1566833440,'B（普通客户）','生产','公司资源','','13533083616','','',12,12,'',',8,','广东省\n广州市\n黄埔区','东鹏大道71号广州康臣药业有限公司','东鹏大道71号广州康臣药业有限公司',113.52914001382,23.13632607437,0,NULL,1566833440,1566833440,'产品事业部','广东省','黄倩颖'),(337,'岭南中药饮片有限公司',0,'未成交',1566833587,'B（普通客户）','生产','公司资源','','13077419841','','',12,12,'',',8,','广东省\n佛山市\n南海区','广东省佛山市南海区里水镇东部工业园区中金路1号中企绿色总部A区8栋101号安琪酵母股份有限公司(佛山总部)','广东省佛山市南海区里水镇东部工业园区中金路1号中企绿色总部A区8栋101号安琪酵母股份有限公司(佛山总部)',113.18687860785,23.21340606641,0,NULL,1566833587,1566833587,'产品事业部','广东省','李嘉珉'),(338,'广州白云山天心制药股份有限公司',0,'未成交',1566833731,'B（普通客户）','生产','公司资源','','134360283709','','',12,12,'',',8,','广东省\n广州市\n海珠区','海珠区滨江东路808号广州白云山天心制药股份有限公司','海珠区滨江东路808号广州白云山天心制药股份有限公司',113.31578958070,23.10782423005,0,NULL,1566833731,1566833731,'产品事业部','广东省','区承贤'),(339,'深圳翰宇药业股份有限公司',0,'未成交',1566833941,'B（普通客户）','生产','公司资源','','13922837835','','',12,12,'',',8,','广东省\n深圳市\n南山区','深圳市南山区科技中二路37号翰宇药业','深圳市南山区科技中二路37号翰宇药业',113.94463119511,22.55265130757,0,NULL,1566833941,1566833941,'产品事业部','广东省','张建炳'),(340,'广东宏远集团药业有限公司',0,'未成交',1566834294,'B（普通客户）','生产','公司资源','','18002863199','','',12,12,'',',8,','广东省\n东莞市\n东城街道','广东省东莞市庵元新路附近东莞市东城区樟村银岭工业园治安队','广东省东莞市庵元新路附近东莞市东城区樟村银岭工业园治安队',113.81911689506,23.05391573047,0,NULL,1566834294,1566834294,'产品事业部','广东省','徐学程'),(341,'深圳市中核海得威生物科技有限公司',0,'未成交',1566868447,'B（普通客户）','生产','公司资源','','13751085527','','胶囊剂，原料药。***深圳市坪山区坑梓街道金沙社区卢田路5号：胶囊剂***',11,11,'','','广东省\n深圳市\n坪山区','','',0.00000000000,0.00000000000,0,'已跟进',1566868447,1566868634,'产品事业部','深圳','刘  明'),(342,'烟台东诚北方制药有限公司',0,'未成交',1566868903,'B（普通客户）','生产','公司资源','0535-3410701','18615023602','','冻干粉针剂(含激素类)、小容量注射剂***',11,11,'','','山东省\n烟台市\n','','',0.00000000000,0.00000000000,0,'已跟进',1566868903,1566869435,'产品事业部','山东','李合喜'),(343,'青岛益青生物科技股份有限公司',0,'未成交',1566869947,'B（普通客户）','生产','公司资源','87901700','15610517651','','空心胶囊***',11,11,'','','山东省\n青岛市\n城阳区','','',0.00000000000,0.00000000000,0,NULL,1566869947,1566869947,'产品事业部','山东','孙鹏飞'),(344,'青岛华山生化有限公司',0,'未成交',1566872108,'B（普通客户）','生产','公司资源','','15610550218','','治疗用生物制品(注射用重组人B淋巴细胞刺激因子受体-抗体融合蛋白，注射用重组人源化抗HER2单抗-MMAE偶联剂)***\n',11,11,'','','山东省\n青岛市\n即墨区','','',0.00000000000,0.00000000000,0,'已跟进',1566872108,1566872188,'产品事业部','山东','毕振蒲'),(345,'山东齐都药业有限公司',0,'未成交',1566872382,'','生产','','','15853370698','','剂、小容量注射剂、冻干粉针剂、冲洗剂、片剂、颗粒剂、散剂、胶囊剂、硬胶囊剂(抗肿瘤类)、原料药***淄博市临淄区人民东路28号：片剂、硬胶囊剂、颗粒剂、口服溶液剂、糖浆剂***淄博市临淄区敬仲镇敬仲路1号：原料药***',11,11,'','','山东省\n淄博市\n','','',0.00000000000,0.00000000000,0,'已跟进',1566872382,1566893396,'产品事业部','山东','原江涛 '),(346,'鲁南贝特制药有限公司',0,'未成交',1566872854,'','','','','13583974302','','粉针剂(青霉素类)、片剂(含青霉素类)、气雾剂(含激素类)、颗粒剂(含青霉素类)、硬胶囊剂、大容量注射剂、小容量注射剂、乳膏剂、滴眼剂、吸入剂、喷雾剂、糖浆剂、口服溶液剂、搽剂(外用)、吸入用混悬剂，原料药，精神药品***',11,11,'','','','','',NULL,NULL,0,'已跟进',1566872854,1566893870,'产品事业部','山东','崔荣才'),(347,'山东中泰药业有限公司',0,'未成交',1566873021,'B（普通客户）','生产','','0635-5085318','15666351098','','片剂、颗粒剂、胶囊剂、栓剂、散剂***',11,11,'','','山东省\n聊城市\n','','',0.00000000000,0.00000000000,0,'已跟进',1566873021,1566893886,'产品事业部','山东','郑广军'),(348,'山东汉方制药有限公司',0,'未成交',1566873164,'','','','0531-84237390','13969031221','','涂剂***',11,11,'','','山东省\n济南市\n','','',0.00000000000,0.00000000000,0,NULL,1566873164,1566873164,'产品事业部','山东','刘振勋（总经理）'),(349,'广东中昊药业有限公司',0,'未成交',1567005333,'','','','','13790737785','','QC主管',3,12,',3,',',8,','','','',NULL,NULL,0,'待跟进',1566873806,1567005333,'产品事业部','广东省','杨兰香'),(350,'广东体必重生物科技有限公司',0,'未成交',1567005334,'','','','','13560087045','','质量负责人',3,12,',3,',',8,','','','',NULL,NULL,0,'待跟进',1566874054,1567005334,'产品事业部','广东省','梁银燕'),(351,'广西玉林制药集团有限责任公司',0,'未成交',1567007512,'','','','0775-3892812','18107759795','','质量经理',3,8,',3,','','','','',NULL,NULL,0,'待跟进',1566874333,1567007512,'产品事业部','广西壮族自治区','谭  旺'),(352,'广东金城金素制药有限公司',0,'未成交',1567005334,'','','','','13250052805','','QC',3,12,',3,',',8,','','','',NULL,NULL,0,'待跟进',1566874395,1567005334,'产品事业部','广东省','黄奕睿'),(353,'广东新韩药业有限公司',0,'未成交',1567005334,'','','','','13928295847','','质量授权人',3,12,',3,',',8,','','','',NULL,NULL,0,'待跟进',1566874568,1567005334,'产品事业部','广东省','廖  辉'),(354,'葵花药业集团湖北武当有限公司',0,'未成交',1566874673,'','','','','15271098316','','质量副总',3,0,',3,','','','','',NULL,NULL,0,NULL,1566874673,1567002014,'产品事业部','湖北省','方  玲'),(355,'广东五洲药业有限公司',0,'未成交',1567005334,'','','','','13542074478','','质量受权人',3,12,',3,',',8,','','','',NULL,NULL,0,'待跟进',1566874720,1567005334,'产品事业部','广东省','张才军'),(356,'广东体必康生物科技有限公司',0,'未成交',1567005334,'','','','','13560087045','','质量负责人',3,12,',3,',',8,','','','',NULL,NULL,0,'待跟进',1566874809,1567005334,'产品事业部','广东省','梁银燕'),(357,'广州康和药业有限公司',0,'未成交',1567005334,'','','','','13512746564','','质量受权人',3,12,',3,',',8,','','','',NULL,NULL,0,'待跟进',1566874885,1567005334,'产品事业部','广东省','高福娟'),(358,'广州市志宁药业有限公司',0,'未成交',1567005334,'','','','','13632351931','','QC主管',3,12,',3,',',8,','','','',NULL,NULL,0,'待跟进',1566874943,1567005334,'产品事业部','广东省','伍杰莹'),(359,'华润三九医药股份有限公司',0,'未成交',1567005334,'','','','','13530515991','','总部质量经理',3,12,',3,',',8,','','','',NULL,NULL,0,'待跟进',1566875209,1567005334,'产品事业部','广东省','吴  杰'),(360,'广东双林生物制药有限公司',0,'未成交',1567005334,'','','','','13702876212','','质保部经理',3,12,',3,',',8,','','','',NULL,NULL,0,'待跟进',1566875370,1567005334,'产品事业部','广东省','张  伟'),(361,'广州新济药业',0,'未成交',1567005334,'','','','','13503030716','','项目经理',3,12,',3,',',8,','','','',NULL,NULL,0,'待跟进',1566875472,1567005334,'产品事业部','广东省','郑丽敏'),(362,'广州雅坤空调自控科技有限公司',0,'未成交',1567005334,'','','','','13928805065','','副总经理 ',3,12,',3,',',8,','','','',NULL,NULL,0,'待跟进',1566875533,1567005334,'产品事业部','广东省','冯荣新'),(363,'广州优辉康生物科技有限公司',0,'未成交',1567005334,'','','','','15918864306','','QA',3,12,',3,',',8,','','','',NULL,NULL,0,'待跟进',1566875675,1567005334,'产品事业部','广东省','陈健基'),(364,'深圳太太药业有限公司',0,'未成交',1567005334,'','','','','15017918392','','质量部长',3,12,',3,',',8,','','','',NULL,NULL,0,'待跟进',1566875721,1567005334,'产品事业部','广东省','李春丽'),(365,'惠州信立泰药业有限公司',0,'未成交',1567005334,'','','','','15007553062','','质量负责人',3,12,',3,',',8,','','','',NULL,NULL,0,'待跟进',1566875818,1567005334,'产品事业部','广东省','孝显红'),(366,'广东科伦药业有限公司',0,'未成交',1567005334,'','','','','18819480564','','QA',3,12,',3,',',8,','','','',NULL,NULL,0,'待跟进',1566875916,1567005334,'产品事业部','广东省','温炳权'),(367,'恩智（广州）医药科技有限公司',0,'未成交',1567005334,'','','','','15070863260','','QC经理',3,12,',3,',',8,','','','',NULL,NULL,0,'待跟进',1566875984,1567005334,'产品事业部','广东省','王飞'),(368,'深圳信立泰药业',0,'未成交',1567005334,'','','','','18107379121','','CSV经理',3,12,',3,',',8,','','','',NULL,NULL,0,'待跟进',1566876048,1567005334,'产品事业部','广东省','胡大伟'),(369,'丽珠集团',0,'未成交',1567005334,'','','','','18318848826','','质量监督',3,12,',3,',',8,','','','',NULL,NULL,0,'待跟进',1566876096,1567005334,'产品事业部','广东省','黄淑玲'),(370,'广州来恩生物医药有限公司',0,'未成交',1567005334,'','','','','13693473810','','QA',3,12,',3,',',8,','','','',NULL,NULL,0,'待跟进',1566876147,1567005334,'产品事业部','广东省','刘  霜'),(371,'惠州大亚制药股份有限公司',0,'未成交',1567005334,'','','','','13528056195','','质量总监',3,12,',3,',',8,','','','',NULL,NULL,0,'待跟进',1566876207,1567005334,'产品事业部','广东省','林  染'),(372,'广州至信中药饮片有限公司',0,'未成交',1567005334,'','','','','15627285254','','QC组长',3,12,',3,',',8,','','','',NULL,NULL,0,'待跟进',1566876336,1567005334,'产品事业部','广东省','李佳仪'),(373,'广西科莱药业有限公司',0,'未成交',1566876406,'','','','','15777149563','','安检员',3,0,',3,','','','','',NULL,NULL,0,NULL,1566876406,1567001747,'产品事业部','广西壮族自治区','杨青森'),(374,'广东龙心医疗器械有限公司',0,'未成交',1567005334,'','','','','13431728559','','粘合剂主管',3,12,',3,',',8,','','','',NULL,NULL,0,'待跟进',1566876474,1567005334,'产品事业部','广东省','黄春燕'),(375,'恒瑞源正（广州）生物科技有限公司',0,'未成交',1567005335,'','','','','18122131618','','研发主管',3,12,',3,',',8,','','','',NULL,NULL,0,'待跟进',1566876528,1567005335,'产品事业部','广东省','李  静'),(376,'岳阳新华达制药有限公司',0,'未成交',1567005142,'','','','','18607302878','','研发分析主管',3,8,',3,','','','','',NULL,NULL,0,'已跟进',1566876601,1567477138,'产品事业部','湖南省','黄  妮'),(377,'佛山英特信创医药科技有限公司',0,'未成交',1567005335,'','','','','13804983164','','经理',3,12,',3,',',8,','','','',NULL,NULL,0,'待跟进',1566876688,1567005335,'产品事业部','广东省','邓智先'),(378,'海南先声药业有限公司',0,'未成交',1567007291,'','','','','18898278389','','验证QA',3,8,',3,','','','','',NULL,NULL,0,'待跟进',1566876768,1567007291,'产品事业部','海南省','邢丽钧'),(379,'广西金嗓子有限责任公司',0,'未成交',1567339020,'','','','','13877228123','','部长',3,14,',3,','','','','',NULL,NULL,0,'已跟进',1566876819,1567339265,'产品事业部','广西壮族自治区','李  庆'),(380,'厦门恩成制药有限公司',0,'未成交',1567007302,'','','','','15860786898','','质管经理',3,8,',3,','','','','',NULL,NULL,0,'待跟进',1566876878,1567007302,'产品事业部','福建省','黄鑫扬'),(381,'广东洛斯特制药有限公司',0,'未成交',1567005335,'','','','','13612399566','','验证主管',3,12,',3,',',8,','','','',NULL,NULL,0,'待跟进',1566877004,1567005335,'产品事业部','广东省','李  玲'),(382,'康方生物医药有限公司',0,'未成交',1567005335,'','','','','13424542108','','副经理',3,12,',3,',',8,','','','',NULL,NULL,0,'待跟进',1566877150,1567005335,'产品事业部','广东省','刘  蕾'),(383,'国药致君（深圳）有限公司',0,'未成交',1567005335,'','','','','15118848163','','QA',3,12,',3,',',8,','','','',NULL,NULL,0,'待跟进',1566877328,1567005335,'产品事业部','广东省','聂正威'),(384,'广东天普生化医药股份有限公司',0,'未成交',1567005335,'','','','','18818865602','','工艺员',3,12,',3,',',8,','','','',NULL,NULL,0,'待跟进',1566877381,1567005335,'产品事业部','广东省','陈旭南'),(385,'江西众源药业有限公司',0,'未成交',1566877442,'','','','','13979659929','','QC',3,0,',3,','','','','',NULL,NULL,0,NULL,1566877442,1567001747,'产品事业部','江西省','周丹'),(386,'哈尔滨圣泰生物制药有限公司',0,'未成交',1567005404,'','','','0451-57354828','13503600612','','质量受权人',3,30,',3,',',14,','','','',NULL,NULL,0,'待跟进',1566886957,1567005404,'产品事业部','黑龙江省','丁芬'),(387,'哈尔滨珍宝制药有限公司',0,'未成交',1567005404,'','','','','13845697267','','质量总监',3,30,',3,',',14,','','','',NULL,NULL,0,'待跟进',1566887048,1567005404,'产品事业部','黑龙江省','孙海峰'),(388,'哈高科白天鹅药业集团有限公司',0,'未成交',1567005404,'','','','','13069886069','','质量副总',3,30,',3,',',14,','','','',NULL,NULL,0,'待跟进',1566887114,1567005404,'产品事业部','黑龙江省','鲁丽'),(389,'黑龙江天龙药业有限公司',0,'未成交',1567005404,'','','','0451-86812858','15046787590','','质量经理',3,30,',3,',',14,','','','',NULL,NULL,0,'待跟进',1566887182,1567005404,'产品事业部','黑龙江省','杨小姐'),(390,'哈尔滨誉衡药业股份有限公司',0,'未成交',1567005404,'','','','0451-57351368-203','13244647801','','',3,30,',3,',',14,','','','',NULL,NULL,0,'待跟进',1566887251,1567005404,'产品事业部','黑龙江省','施小东'),(391,'辽宁华润本溪三药有限公司',0,'未成交',1566887311,'','','','','15941469310','','质量经理',3,0,',3,','','','','',NULL,NULL,0,NULL,1566887311,1567001747,'产品事业部','辽宁省','雷宇 '),(392,'锦州奥鸿药业有限责任公司',0,'未成交',1566887361,'','','','','13704068255','','质量总监',3,0,',3,','','','','',NULL,NULL,0,NULL,1566887361,1567001747,'产品事业部','辽宁省','刘翠秀'),(393,'哈尔滨三三药业有限公司 ',0,'未成交',1567005404,'','','','0451-53228494','13903655157','','质量部部长',3,30,',3,',',14,','','','',NULL,NULL,0,'待跟进',1566887443,1567005404,'产品事业部','黑龙江省','杨雪'),(394,'哈尔滨三联药业股份有限公司',0,'未成交',1567005404,'','','','','13936002456','','QA质保部经理',3,30,',3,',',14,','','','',NULL,NULL,0,'待跟进',1566887502,1567005404,'产品事业部','黑龙江省','宋国磊'),(395,'哈药集团制药总厂',0,'未成交',1567005404,'','','','0451-86662926-8089','0451866629268089','','质量保证部',3,30,',3,',',14,','','','',NULL,NULL,0,'待跟进',1566887639,1567005404,'产品事业部','黑龙江省','崔杰全'),(396,'哈药集团生物工程有限公司',0,'未成交',1567005404,'','','','','13804606801','','质检中心主任',3,30,',3,',',14,','','','',NULL,NULL,0,'待跟进',1566887695,1567005404,'产品事业部','黑龙江省','于俊清'),(397,'哈尔滨莱博通药业有限公司',0,'未成交',1567005404,'','','','0451-57351847','13895813687','','',3,30,',3,',',14,','','','',NULL,NULL,0,'待跟进',1566887766,1567005404,'产品事业部','黑龙江省','李金波'),(398,'鸡西天吉达生物科技有限公司',0,'未成交',1567005404,'','','','','13359958444','','',3,30,',3,',',14,','','','',NULL,NULL,0,'待跟进',1566887814,1567005404,'产品事业部','黑龙江省','姜连达'),(399,'黑龙江哈尔滨医大药业有限公司',0,'未成交',1567005405,'','','','','15804616805','','质量负责人',3,30,',3,',',14,','','','',NULL,NULL,0,'待跟进',1566887865,1567005405,'产品事业部','黑龙江省','王立艳'),(400,'哈尔滨瀚邦医疗科技有限公司',0,'未成交',1567005405,'','','','0451-87095922-8050','15134559297','','化验室主任',3,30,',3,',',14,','','','',NULL,NULL,0,'待跟进',1566887937,1567005405,'产品事业部','黑龙江省','何佳'),(401,'哈药集团世一堂制药厂',0,'未成交',1567005405,'','','','','13945694496','','工艺管理员',3,30,',3,',',14,','','','',NULL,NULL,0,'待跟进',1566888040,1567005405,'产品事业部','黑龙江省','辛春娣'),(402,'河北康博药业有限公司',0,'未成交',1567005259,'','','','','19303228238','','总经理',3,7,',3,','','','','',NULL,NULL,0,'待跟进',1566974550,1567005259,'产品事业部','河北省','宁月刚'),(403,'定州市燕都药业有限责任公司',0,'未成交',1567005259,'','','','','13933238162','','企业负责人',3,7,',3,','','','','',NULL,NULL,0,'待跟进',1566974609,1567005259,'产品事业部','河北省','杨磊'),(404,'河北君临药业有限公司',0,'未成交',1567005259,'','','','','15832917968','','质量授权人',3,7,',3,','','','','',NULL,NULL,0,'待跟进',1566974654,1567005259,'产品事业部','河北省','郭峰'),(405,'河北巨龙药业有限责任公司',0,'未成交',1567005260,'','','','','13932937842','','质量授权人',3,7,',3,','','','','',NULL,NULL,0,'待跟进',1566974700,1567005260,'产品事业部','河北省','李明太'),(406,'葵花药业集团（衡水）得菲尔有限公司',0,'未成交',1567005298,'','','','','13932803168','','质量授权人',3,7,',3,','','','','',NULL,NULL,0,'待跟进',1566974752,1567005298,'产品事业部','河北省','刘素清'),(407,'河北赛克药业有限公司',0,'未成交',1567005298,'','','','','15131916081','','质量授权人',3,7,',3,','','','','',NULL,NULL,0,'待跟进',1566974804,1567005298,'产品事业部','河北省','郝玉芬'),(408,'精晶药业股份有限公司',0,'未成交',1567005298,'','','','','13483182401','','质量授权人',3,7,',3,','','','','',NULL,NULL,0,'待跟进',1566974841,1567005298,'产品事业部','河北省','牛聚敏'),(409,'河北御芝林药业有限公司',0,'未成交',1567005298,'','','','','15100937109','','质量授权人',3,7,',3,','','','','',NULL,NULL,0,'待跟进',1566974882,1567005298,'产品事业部','河北省','冯玉蓉'),(410,'河北国金药业有限责任公司',0,'未成交',1567005298,'','','','','13933813710','','质量授权人',3,7,',3,','','','','',NULL,NULL,0,'待跟进',1566974930,1567005298,'产品事业部','河北省','白新涛'),(411,'河北万邦复临药业有限公司',0,'未成交',1567005298,'','','','','15632959688','','质量授权人',3,7,',3,','','','','',NULL,NULL,0,'待跟进',1566974968,1567005298,'产品事业部','河北省','江廷峰'),(412,'河北玉星生物工程股份有限公司',0,'未成交',1567005298,'','','','','13785950632','','质量授权人',3,7,',3,','','','','',NULL,NULL,0,'待跟进',1566975016,1567005298,'产品事业部','河北省','吴婷'),(413,'河北恒利集团制药股份有限公司',0,'未成交',1567005298,'','','','','15930076892','','质量授权人',3,7,',3,','','','','',NULL,NULL,0,'待跟进',1566975072,1567005298,'产品事业部','河北省','孙旭亥'),(414,'河北隆年堂药业有限公司',0,'未成交',1567005298,'','','','','13932969069','','企业负责人',3,7,',3,','','','','',NULL,NULL,0,'待跟进',1566975123,1567005298,'产品事业部','河北省','张福祥'),(415,'河北金兴制药厂',0,'未成交',1567005298,'','','','','15130960630','','QC主管',3,7,',3,','','','','',NULL,NULL,0,'待跟进',1566975171,1567005298,'产品事业部','河北省','王撒'),(416,'河北通络药业有限公司',0,'未成交',1567005298,'','','','','18617628388','','质量授权人',3,7,',3,','','','','',NULL,NULL,0,'待跟进',1566975210,1567005298,'产品事业部','河北省','王兴俊'),(417,'河北恒祥医药集团扁鹊制药有限公司',0,'未成交',1567005298,'','','','','18931955187','','质量授权人',3,7,',3,','','','','',NULL,NULL,0,'待跟进',1566975248,1567005298,'产品事业部','河北省','梁素敏'),(418,'河北甘泉药业有限公司',0,'未成交',1567005299,'','','','','15303391596','','质量授权人',3,7,',3,','','','','',NULL,NULL,1568304000,'已跟进',1566975287,1567753537,'产品事业部','河北省','王建勋'),(419,'内蒙古奥特奇蒙药股份有限公司金山蒙药厂',0,'未成交',1567005465,'','','','','15947613934','','质量授权人',3,7,',3,','','','','',NULL,NULL,1568649600,'已跟进',1566975371,1567581668,'产品事业部','内蒙古','张琳'),(420,'内蒙古常盛制药有限公司',0,'未成交',1567005465,'','','','','15148066889','','质量受权人',3,7,',3,','','','','',NULL,NULL,1568649600,'已跟进',1566975428,1567581927,'产品事业部','内蒙古','刘秦'),(421,'内蒙古金达威药业有限公司',0,'未成交',1567005465,'','','','','18759211178','','质量授权人',3,7,',3,','','','','',0.00000000000,0.00000000000,0,'已跟进',1566975474,1567582303,'产品事业部','内蒙古自治区呼和浩特市托克托工业园区','沈部长'),(422,'内蒙古幕昕药业有限公司',0,'未成交',1567005465,'','','','','13684784947','','质量授权人',3,7,',3,','','','','',NULL,NULL,1568649600,'已跟进',1566975520,1567582430,'产品事业部','内蒙古','赵燕霞'),(423,'内蒙古宇航人药业有限责任公司',0,'未成交',1567005465,'','','','','13451311954','','质量授权人',3,7,',3,','','','','',NULL,NULL,1564848000,'已跟进',1566975560,1567131694,'产品事业部','内蒙古','刘俊萍'),(424,'内蒙古瑞泰药业有限责任公司',0,'未成交',1567005465,'','','','','18647101153','','质量授权人',3,7,',3,','','','','',NULL,NULL,1568649600,'已跟进',1566975602,1567582505,'产品事业部','内蒙古','袁泰松'),(425,'内蒙古蒙奇药业有限公司',0,'未成交',1567005466,'','','','','13848137598','','质量授权人',3,7,',3,','','','','',0.00000000000,0.00000000000,1568649600,'已跟进',1566975645,1567588136,'产品事业部','呼和浩特市金桥经济技术开发区','史岗斌'),(426,'内蒙古凯蒙药业有限公司',0,'未成交',1567005466,'','','','','13474815510','','质量授权人    张明光',3,7,',3,','','','','',0.00000000000,0.00000000000,1568649600,'已跟进',1566975682,1567581853,'产品事业部','内蒙古','   李彬      '),(427,'贵州神奇药业股份有限公司',0,'未成交',1566978349,'B（普通客户）','生产','','','15985191640','','',9,9,'',',8,','','','',NULL,NULL,0,'已跟进',1566978349,1566978399,'产品事业部','贵州省','杨老师'),(428,'河北爱普制药有限公司',0,'未成交',1567005299,'','','','','13833389761','','质量授权人',3,7,',3,','','','','',NULL,NULL,0,'待跟进',1566980807,1567005299,'产品事业部','河北省','陈进钱'),(429,'石家庄龙泽制药股份有限公司',0,'未成交',1567005299,'','','','','13323118169','','质量授权人',3,7,',3,','','','','',NULL,NULL,0,'待跟进',1566980858,1567005299,'产品事业部','河北省','薛红霞'),(430,'河北欣港药业有限公司',0,'未成交',1567005299,'','','','','13931995816','','质量授权人',3,7,',3,','','','','',NULL,NULL,0,'待跟进',1566980905,1567005299,'产品事业部','河北省','章万志'),(431,'石家庄中硕制药有限公司',0,'未成交',1567005299,'','','','','13931165567','','质量授权人',3,7,',3,','','','','',NULL,NULL,0,'待跟进',1566980950,1567005299,'产品事业部','河北省','孙煦文'),(432,'石家庄市普力制药有限公司',0,'未成交',1567005299,'','','','','15533998536','','质量授权人',3,7,',3,','','','','',NULL,NULL,0,'待跟进',1566980998,1567005299,'产品事业部','河北省','刘胜昔'),(433,'河北山姆士药业有限公司',0,'未成交',1567005299,'','','','','13703316591','','质量授权人',3,7,',3,','','','','',NULL,NULL,0,'待跟进',1566981057,1567005299,'产品事业部','河北省','赵淑君'),(434,'石家庄格瑞药业有限公司',0,'未成交',1567005299,'','','','','13933082352','','质量授权人',3,7,',3,','','','','',NULL,NULL,0,'待跟进',1566981097,1567005299,'产品事业部','河北省','赵雪卫'),(435,'河北瑞生药业有限公司',0,'未成交',1567005299,'','','','','13463857277','','质量授权人',3,7,',3,','','','','',NULL,NULL,0,'待跟进',1566981139,1567005299,'产品事业部','河北省','高彬'),(436,'石家庄北方药业有限公司',0,'未成交',1567005299,'','','','','13111551762','','质量授权人',3,7,',3,','','','','',NULL,NULL,0,'待跟进',1566981182,1567005299,'产品事业部','河北省','赵晶'),(437,'河北爱尔海泰制药有限公司',0,'未成交',1567005299,'','','','','15130636173','','质量授权人',3,7,',3,','','','','',NULL,NULL,0,'待跟进',1566981228,1567005299,'产品事业部','河北省','寻冰玉'),(438,'石家庄东方药业股份有限公司',0,'未成交',1567005299,'','','','','13831175596','','质量授权人',3,7,',3,','','','','',NULL,NULL,0,'待跟进',1566981281,1567005299,'产品事业部','河北省','何立新'),(439,'河北圣雪大成制药有限责任公司',0,'未成交',1567005299,'','','','','13833385119','','质量总监',3,7,',3,','','','','',NULL,NULL,0,'待跟进',1566981498,1567005299,'产品事业部','河北省','李金钟'),(440,'石家庄亚昌药业有限公司',0,'未成交',1567005299,'','','','','13933099831','','质量授权人',3,7,',3,','','','','',NULL,NULL,0,'待跟进',1566981540,1567005299,'产品事业部','河北省','高轩'),(441,'石家庄华鹏药业有限公司',0,'未成交',1567005299,'','','','','13931123739','','质量授权人',3,7,',3,','','','','',NULL,NULL,0,'待跟进',1566982003,1567005299,'产品事业部','河北省','刘卿敏'),(442,'石家庄隆大福生物药业有限公司',0,'未成交',1567005299,'','','','','15369129281','','质量授权人',3,7,',3,','','','','',NULL,NULL,0,'待跟进',1566982074,1567005299,'产品事业部','河北省','贾同顺'),(443,'河北生命原点生物科技有限公司',0,'未成交',1567005299,'','','','','15303214201','','QC主管',3,7,',3,','','','','',NULL,NULL,0,'待跟进',1566982140,1567005299,'产品事业部','河北省','郝  康'),(444,'石家庄康贺威药业有限公司',0,'未成交',1567005299,'','','','','13933819591','','质量授权人',3,7,',3,','','','','',NULL,NULL,0,'待跟进',1566982194,1567005299,'产品事业部','河北省','周静'),(445,'河北联合制药有限公司',0,'未成交',1567005299,'','','','','13930170528','','质量授权人',3,7,',3,','','','','',NULL,NULL,0,'待跟进',1566982247,1567005299,'产品事业部','河北省','张卷'),(446,'河北道恩药业有限公司',0,'未成交',1567005299,'','','','','15831183587','','质量授权人',3,7,',3,','','','','',NULL,NULL,0,'待跟进',1566982338,1567005299,'产品事业部','河北省','安志远'),(447,'颈复康药业集团有限公司',0,'未成交',1567005299,'','','','','13932459055','','质量授权人\n签约DMS网络版及DMS计算机化系统验证服务',3,7,',3,','','','','',0.00000000000,0.00000000000,0,'已跟进',1566982404,1567406243,'产品事业部','河北省','董晓强'),(448,'秦皇岛市山海关药业有限责任公司',0,'未成交',1567005300,'','','','','18330396298','','质量授权人',3,7,',3,','','','','',NULL,NULL,1568217600,'已跟进',1566982467,1567678596,'产品事业部','河北省','王文杰'),(449,'河北祁本堂药业有限公司',0,'未成交',1567005300,'','','','','13733398287','','总经理',3,7,',3,','','','','',NULL,NULL,1568131200,'已跟进',1566982571,1567582738,'产品事业部','河北省','黄涛'),(450,'华北制药秦皇岛有限公司',0,'未成交',1567005300,'','','','','15903353592','','质量授权人',3,7,',3,','','','','',NULL,NULL,1569168000,'已跟进',1566982610,1567582912,'产品事业部','河北省','吕嘉'),(451,'秦皇岛大恩药业有限公司',0,'未成交',1567005300,'','','','','13315387469','','质量授权人',3,7,',3,','','','','',NULL,NULL,1568908800,'已跟进',1566982658,1567583257,'产品事业部','河北省','孟祥成'),(452,'秦皇岛紫竹药业有限公司',0,'未成交',1567005300,'','','','','15933509952','','质量授权人',3,7,',3,','','','','',NULL,NULL,1567440000,'已跟进',1566982703,1567598356,'产品事业部','河北省','张木生'),(453,'海润（秦皇岛)有限公司药业',0,'未成交',1567005300,'','','','','13722559611','','质量授权人',3,7,',3,','','','','',NULL,NULL,1568217600,'已跟进',1566982749,1567645171,'产品事业部','河北省','郗素娥 '),(454,'秦皇岛百慧制药厂',0,'未成交',1567005300,'','','','','13293186061','','质量授权人',3,7,',3,','','','','',NULL,NULL,0,'待跟进',1566982792,1567005300,'产品事业部','河北省','付秀华'),(455,'河北亚东制药有限公司',0,'未成交',1567005300,'','','','','18531310035','','质量授权人',3,7,',3,','','','','',NULL,NULL,1567958400,'已跟进',1566982846,1567752267,'产品事业部','河北省','张鹏'),(456,'圣大（张家口）有限公司',0,'未成交',1567005300,'','','','','13785363214','','质量授权人',3,7,',3,','','','','',0.00000000000,0.00000000000,1568217600,'已跟进',1566982884,1567645563,'产品事业部','河北省','阎俊慧'),(457,'神威药业（张家口）有限公司',0,'未成交',1567005300,'','','','','13630883708','','质量授权人',3,7,',3,','','','','',0.00000000000,0.00000000000,1568304000,'已跟进',1566982922,1567752590,'产品事业部','河北省','李玉兰'),(458,'河北亿能普药业有限公司',0,'未成交',1567005300,'','','','','13722352888','','质量授权人',3,7,',3,','','','','',NULL,NULL,1567958400,'已跟进',1566983116,1567752685,'产品事业部','河北省','张亮'),(459,'河北凯威制药有限责任公司',0,'未成交',1567005300,'','','','','15133417917','','质量授权人',3,7,',3,','','','','',0.00000000000,0.00000000000,1568304000,'已跟进',1566983220,1567753051,'产品事业部','河北省','王葆青'),(460,'张家口市张垣中药饮片有限公司',0,'未成交',1567005300,'','','','','13803131100','','质量授权人',3,7,',3,','','','','',NULL,NULL,0,'已跟进',1566983378,1567753161,'产品事业部','河北省','王晓东'),(461,'朝阳龙城制药有限公司',0,'未成交',1566984225,'C（非优先客户）','生产','','','13898091987','','与孙部长沟通，有CSV验证方面的需求，5台仪器CSV验证没有做，但是没有资金投入（未做预算），目前不考虑。\n后期继续跟踪。',30,30,'',',14,','辽宁省\n朝阳市\n','','朝阳市龙泉大街一段10号',0.00000000000,0.00000000000,0,NULL,1566984225,1566984225,'产品事业部','辽宁省','孙素杰'),(462,'辽宁鑫善源药业有限公司',0,'未成交',1566984814,'C（非优先客户）','生产','','','13614910627','','休假前与之沟通有实验室CSV验证需求意向，已发公司介绍。昨天电话沟通：已找仪器厂家来做了，后期再跟进下，推荐下别的项目',30,30,'',',14,','辽宁省\n朝阳市\n','','朝阳市龙城区中山大街二段39号',0.00000000000,0.00000000000,0,NULL,1566984814,1566984814,'产品事业部','辽宁','王可银'),(463,'江苏小林制药有限公司',0,'未成交',1566985538,'B（普通客户）','生产','展会资源','','13921743367','','对于财务管理金蝶K3软件，能否把物料纳入管理，有计算机化系统验证需求，以及后续的内训质询服务。',13,13,'','','江苏省\n泰州市\n高港区','','',0.00000000000,0.00000000000,1567158291,NULL,1566985538,1566985538,'培训部','江苏省','栾军'),(464,'大连珍奥药业股份有限公司',0,'未成交',1566985739,'C（非优先客户）','','','','15998660901','','经沟通，前段时间找的第三方来做的 ，刚过完认证，目前没有别的需求。（没做资金预算）\n计划下个月推下DAS、DBS软件试试。',30,30,'',',14,','辽宁省\n大连市\n','','辽宁省大连经济技术开发区先进装备制造业园区金七路32号',0.00000000000,0.00000000000,0,NULL,1566985739,1566985739,'产品事业部','辽宁省','崔升佐'),(465,'成都欧康医药有限公司',0,'未成交',1566986246,'A（重点客户）','生产','展会资源','','13678083259','','今天给企业法的dms数据管理软件网络版项目计划书，企业目前要过欧盟的认证，咨询公司给的建议是，上一套网络版管理软件！',13,13,'','','四川省\n成都市\n','','',0.00000000000,0.00000000000,1567094400,NULL,1566986246,1566986246,'培训部','四川省','魏柳丽'),(466,'辽宁康辰药业有限公司',0,'未成交',1566996822,'C（非优先客户）','生产','','','13470045877','','经打电话沟通后，实验室仪器软件单机版已做验证，网络版目前不考虑。',30,30,'',',14,','辽宁省\n丹东市\n','','辽宁省丹东前阳开发区',0.00000000000,0.00000000000,0,NULL,1566996822,1566996822,'产品事业部','辽宁省','于世海'),(467,'辽宁天龙药业有限公司',0,'未成交',1566997326,'','','','','18842716888','','计算机化系统CSV验证已自己做，目前没有需求，计划下月推荐下DAS、DMS软件试试',30,30,'',',14,','辽宁省\n盘锦市\n','','盘锦经济开发区 ',0.00000000000,0.00000000000,0,NULL,1566997326,1566997326,'产品事业部','辽宁','质量经理'),(468,'上海医药集团（本溪）北方药业有限公司',0,'未成交',1566997676,'','','','','18343098301','','与QC主任沟通后，贵公司已找第三方做完CSV验证，又简单介绍下DAS数据分析软件，比较有这块需求，待月底考核完后跟进下。',30,30,'',',14,','辽宁省\n本溪市\n','','辽宁省本溪经济技术开发区（石桥子）神农大街26号',0.00000000000,0.00000000000,0,NULL,1566997676,1566997676,'产品事业部','辽宁省','李胜南'),(469,'沈阳管城制药有限责任公司',0,'未成交',1566998151,'','','','','13904040330','','与质量副总电话沟通，贵公司化验室计算机化系统CSV验证已让原仪器厂家在做，现有一个药品在做一致性评价，找的研究机构在做，后期现场核查如有问题会电话联系。',30,30,'',',14,','辽宁省\n沈阳市\n浑南区','','沈阳市浑南产业区高科路22号 ',0.00000000000,0.00000000000,0,NULL,1566998151,1566998151,'产品事业部','辽宁','刘丽丽'),(470,'沈阳天峰生物制药有限公司',0,'未成交',1566998797,'','生产','','','18304056980','','经电话沟通后，贵公司现在有关联审评方面的需求，让我联系她上级领导。后打电话未接，近期再打电话跟踪。',30,30,'',',14,','辽宁省\n沈阳市\n','','沈阳经济技术开发区沈西五东路12号 ',0.00000000000,0.00000000000,0,NULL,1566998797,1566998797,'产品事业部','辽宁省','赵飞'),(471,'沈阳兴齐眼药股份有限公司',0,'未成交',1566999367,'','','','','13804985392','','打电话沟通，贵公司有LIMS系统、文件管理系统、人员管理系统、培训管理系统的需求，互留联系方式，可以进行跟踪详细谈下。',30,30,'',',14,','辽宁省\n沈阳市\n','','沈阳市东陵区泗水街68号',0.00000000000,0.00000000000,0,NULL,1566999367,1566999367,'产品事业部','辽宁省','薛晓柏'),(472,'天年药业（哈尔滨）有限公司 ',0,'未成交',1567000141,'','','','','13936656751','','打电话，有咱单位同事（已离职）联系过她，贵公司有CSV验证 化验室管理    计算机化系统这方面需求，她之前上报过领导想做这块，一直没有批复。需后期跟进。',30,30,'',',14,','黑龙江省\n哈尔滨市\n依兰县','','哈尔滨市依兰县通河路东端',0.00000000000,0.00000000000,0,NULL,1567000141,1567000141,'产品事业部','黑龙江省','王珺'),(473,'葵花药业集团（伊春）有限公司',0,'未成交',1567000692,'','','','','13796504218','','仪器CSV验证找的是原厂家做的，升级了一部分，具体的没有说太清楚，后期可以在联系下她上级领导。',30,30,'',',14,','黑龙江省\n伊春市\n','','黑龙江省伊春市铁力市红叶大街1号',0.00000000000,0.00000000000,0,NULL,1567000692,1567000692,'产品事业部','黑龙江省','庄碗晶'),(474,'哈尔滨美君药业有限公司',0,'未成交',1567000894,'','','','','15326622049','','打电话沟通，有计算机化系统验证方面的需求，早已上报她上级领导，一直未批复。',30,30,'',',14,','黑龙江省\n哈尔滨市\n','','哈尔滨市牛家工业园区南区',0.00000000000,0.00000000000,0,NULL,1567000894,1567000894,'产品事业部','黑龙江省','杨晓鹤'),(475,'中发实业集团业锐药业',0,'未成交',1567001127,'','','','','13304509487','','对化验室DMS软件感兴趣，后期跟进详细谈下',30,30,'',',14,','黑龙江省\n哈尔滨市\n香坊区','','黑龙江省哈尔滨市香坊区哈平路集中区威海路',0.00000000000,0.00000000000,0,NULL,1567001127,1567001127,'产品事业部','黑龙江省','王彦波'),(476,'兰西哈三联制药有限公司',0,'未成交',1567001676,'','生产','','','15804507008','','对DMS软件审计追踪这块感兴趣，在电话中简单说了几句，后期有机会可以做详细的沟通跟踪下',30,30,'',',14,','黑龙江省\n绥化市\n兰西县','','黑龙江省绥化市兰西县兰西经济开发区哈三联路中段',0.00000000000,0.00000000000,0,NULL,1567001676,1567001676,'产品事业部','黑龙江省','朱自红'),(477,'黑龙江天辰药业有限公司',0,'未成交',1567002044,'','生产','','','13766876491','','有计算机化系统验证方面的需求，具体没有细说，已发我公司资料（CSV验证简页图片），需后期跟踪。',30,30,'',',14,','黑龙江省\n哈尔滨市\n','','哈尔滨经开区哈平路集中区威海路10号',0.00000000000,0.00000000000,0,'已跟进',1567002044,1567687747,'产品事业部','黑龙江省','丁素文（总工）'),(478,'合肥华威药业有限公司',0,'未成交',1567004747,'A（重点客户）','生产','公司资源','','13856052486','','',8,8,'','','','','',NULL,NULL,0,'已跟进',1567004747,1567601754,'产品事业部','安徽','冉帆'),(479,'江西亿友药业有限公司',0,'未成交',1567004948,'A（重点客户）','生产','预约上门','','13879439039','','',8,8,'','','','','',NULL,NULL,0,'已跟进',1567004948,1567523036,'产品事业部','江西','张对良'),(480,'云南植物药业有限公司',0,'未成交',1567005260,'B（普通客户）','生产','预约上门','','13987619918','','',8,8,'','','','','',NULL,NULL,0,'已跟进',1567005260,1567601780,'产品事业部','云南','郭昕'),(481,'南阳市新生制药有限公司',0,'未成交',1567005481,'B（普通客户）','生产','公司资源','','13938962098','','',8,8,'','','','','',NULL,NULL,0,'已跟进',1567005481,1567477948,'产品事业部','河南','李林晓'),(482,'重庆华森制药股份有限公司',0,'未成交',1567005580,'A（重点客户）','生产','转介绍','','18827637484','','',8,8,'','','','','',NULL,NULL,0,'已跟进',1567005580,1567601659,'产品事业部','重庆','陈劲'),(483,'北大医药股份有限公司',0,'未成交',1567005797,'B（普通客户）','生产','转介绍','','13983862115','','',8,8,'','','','','',NULL,NULL,0,'已跟进',1567005797,1567601944,'产品事业部','重庆','张必成'),(484,'江西博雅欣和制药有限公司',0,'未成交',1567006167,'B（普通客户）','生产','转介绍','','15094323060','','',8,8,'','','','','',NULL,NULL,0,'已跟进',1567006167,1567654066,'产品事业部','江西','刘亚军'),(485,'贵州德昌祥药业有限公司',0,'未成交',1567006370,'A（重点客户）','生产','','','18585007712','','',8,8,'','','','','',NULL,NULL,0,'已跟进',1567006370,1567601918,'产品事业部','贵州','彭佳莉'),(486,'上海世康特制药有限公司',0,'未成交',1567006631,'B（普通客户）','生产','','','13817028690','','',8,8,'','','','','',NULL,NULL,0,NULL,1567006631,1567006631,'产品事业部','上海','刘娟'),(487,'云南生物谷药业有限公司',0,'未成交',1567006788,'B（普通客户）','研发','','','13888420519','','',8,8,'','','','','',NULL,NULL,0,NULL,1567006788,1567006788,'产品事业部','云南','廖艳华'),(488,'海南赞邦药业有限公司',0,'未成交',1567006965,'B（普通客户）','生产','','','13519881753','','',8,8,'','','','','',NULL,NULL,0,NULL,1567006965,1567006965,'产品事业部','海南','陈丽丽'),(489,'云南润嘉药业有限公司',0,'未成交',1567007043,'B（普通客户）','生产','','','15987555519','','',8,8,'','','','','',NULL,NULL,0,NULL,1567007043,1567007043,'产品事业部','云南','李继明'),(490,'河北仁合益康药业有限公司',0,'未成交',1567043392,'','','','','18031189238','','质量授权人',3,0,',3,','','','','',NULL,NULL,0,NULL,1567043392,1567128176,'产品事业部','河北省','王素霞'),(491,'河北冀衡（集团）药业有限公司',0,'未成交',1567043440,'','','','','15131861967','','质量授权人',3,0,',3,','','','','',NULL,NULL,0,NULL,1567043440,1567128176,'产品事业部','河北省','王晓凤'),(492,'深州自航制药有限公司',0,'未成交',1567043488,'','','','','13833894014','','质量授权人',3,0,',3,','','','','',NULL,NULL,0,NULL,1567043488,1567128176,'产品事业部','河北省','孙兰群'),(493,'武邑慈航药业有限公司',0,'未成交',1567043535,'','','','','13903281409','','质量授权人',3,0,',3,','','','','',NULL,NULL,0,NULL,1567043535,1567128176,'产品事业部','河北省','张洪迎'),(494,'河北冀衡(集团)药业有限公司深州分公司',0,'未成交',1567043581,'','','','','15933854253','','质量授权人',3,0,',3,','','','','',NULL,NULL,0,NULL,1567043581,1567128176,'产品事业部','河北省','武胜'),(495,'河北创健药业有限公司',0,'未成交',1567043627,'','','','','13582153720','','质量授权人',3,0,',3,','','','','',NULL,NULL,0,NULL,1567043627,1567128176,'产品事业部','河北省','刘久迪'),(496,'河北武罗药业有限公司',0,'未成交',1567043668,'','','','','15610968277','','质量授权人',3,0,',3,','','','','',NULL,NULL,0,NULL,1567043668,1567128176,'产品事业部','河北省','张凤祥'),(497,'葵花药业集团（冀州）有限公司',0,'未成交',1567043711,'','','','','13833856393','','质量授权人',3,0,',3,','','','','',NULL,NULL,0,NULL,1567043711,1567128176,'产品事业部','河北省','闫翠娥'),(498,'河北百草康神药业有限公司',0,'未成交',1567043756,'','','','','13811342203','','质量授权人',3,0,',3,','','','','',NULL,NULL,0,NULL,1567043756,1567128176,'产品事业部','河北省','王国华'),(499,'河北健宁药业有限公司',0,'未成交',1567043812,'','','','','13832743041','','质量授权人',3,0,',3,','','','','',NULL,NULL,0,NULL,1567043812,1567128176,'产品事业部','河北省','王建论'),(500,'吴桥兴华制药有限公司（和华晨一家）',0,'未成交',1567043848,'','','','','13333070666','','质量授权人',3,0,',3,','','','','',NULL,NULL,0,NULL,1567043848,1567128176,'产品事业部','河北省','刘春香'),(501,'河北康泰药业有限公司',0,'未成交',1567043897,'','','','','13831739296','','质量授权人',3,0,',3,','','','','',NULL,NULL,0,NULL,1567043897,1567128176,'产品事业部','河北省','刘东玲'),(502,'沧州康达制药有限公司',0,'未成交',1567043940,'','','','','15133742963','','质量授权人',3,0,',3,','','','','',NULL,NULL,0,NULL,1567043940,1567128176,'产品事业部','河北省','董娜'),(503,'沧州得能制药有限公司',0,'未成交',1567043978,'','','','','13932743818','','质量授权人',3,0,',3,','','','','',NULL,NULL,0,NULL,1567043978,1567128176,'产品事业部','河北省','宋淑珍'),(504,'石药控股集团河北唐威药业有限公司',0,'未成交',1567044020,'','','','','13323078556','','质量授权人',3,0,',3,','','','','',NULL,NULL,0,NULL,1567044020,1567128176,'产品事业部','河北省','彭建玉'),(505,'河北神达药业有限公司',0,'未成交',1567044058,'','','','','15031700916','','质量授权人',3,0,',3,','','','','',NULL,NULL,0,NULL,1567044058,1567128176,'产品事业部','河北省','杨永红'),(506,'河北万岁药业有限公司',0,'未成交',1567044107,'','','','','15132709759','','质量授权人',3,0,',3,','','','','',NULL,NULL,0,NULL,1567044107,1567128176,'产品事业部','河北省','郑爱华'),(507,'河北天成药业股份有限公司',0,'未成交',1567044151,'','','','','15028620098','','质量授权人',3,0,',3,','','','','',NULL,NULL,0,NULL,1567044151,1567128176,'产品事业部','河北省','刘玉珍'),(508,'河北华晨药业有限公司',0,'未成交',1567044189,'','','','','13582725628','','质量授权人',3,0,',3,','','','','',NULL,NULL,0,NULL,1567044189,1567128176,'产品事业部','河北省','戴国兴'),(509,'协和药业有限公司',0,'未成交',1567044245,'','','','','13722641789','','质量授权人',3,0,',3,','','','','',NULL,NULL,0,NULL,1567044245,1567128176,'产品事业部','河北省','段仓波'),(510,'承德奇滦中药饮片加工有限公司',0,'未成交',1567044302,'','','','','13833422805','','质量授权人',3,0,',3,','','','','',NULL,NULL,0,NULL,1567044302,1567128176,'产品事业部','河北省','孟颖'),(511,'廊坊高博京邦制药有限公司',0,'未成交',1567044344,'','','','','13373162281','','质量授权人',3,0,',3,','','','','',NULL,NULL,0,NULL,1567044344,1567128176,'产品事业部','河北省','张丽聪'),(512,'国药集团工业有限公司廊坊分公司',0,'未成交',1567044387,'','','','','18031677929','','质量授权人',3,0,',3,','','','','',NULL,NULL,0,NULL,1567044387,1567128103,'产品事业部','河北省','王起超'),(513,'和田药业有限公司',0,'未成交',1567044425,'','','','','15075657668','','质量授权人',3,0,',3,','','','','',NULL,NULL,0,NULL,1567044425,1567128103,'产品事业部','河北省','李利军'),(514,'中科生物制药股份有限公司',0,'未成交',1567044466,'','','','','15903260518','','质量授权人',3,0,',3,','','','','',NULL,NULL,0,NULL,1567044466,1567128103,'产品事业部','河北省','张灵敏'),(515,'南京江原安迪科正电子研究发展有限公司燕郊分公司',0,'未成交',1567044509,'','','','','18931642915','','质量授权人',3,0,',3,','','','','',NULL,NULL,0,NULL,1567044509,1567128103,'产品事业部','河北省','张海旺'),(516,'固安希星药业有限公司',0,'未成交',1567044552,'','','','','15931616516','','质量授权人',3,0,',3,','','','','',NULL,NULL,0,NULL,1567044552,1567128103,'产品事业部','河北省','李猛'),(517,'中美华医（河北）制药有限公司',0,'未成交',1567044608,'','','','','13833660392','','质量授权人',3,0,',3,','','','','',NULL,NULL,0,NULL,1567044608,1567128103,'产品事业部','河北省','邢亮'),(518,'河北神威药业有限公司',0,'未成交',1567044647,'','','','','13930601462','','质量授权人',3,0,',3,','','','','',NULL,NULL,0,NULL,1567044647,1567128103,'产品事业部','河北省','周晓雨'),(519,'永光制药有限公司',0,'未成交',1567044682,'','','','','15030631945','','质量授权人',3,0,',3,','','','','',NULL,NULL,0,NULL,1567044682,1567128103,'产品事业部','河北省','张玉霞'),(520,'河北复兴药业有限公司',0,'未成交',1567044746,'','','','','13731006103','','质量授权人',3,0,',3,','','','','',NULL,NULL,0,NULL,1567044746,1567128103,'产品事业部','河北省','岳建斌'),(521,'承德御室金丹药业有限公司',0,'未成交',1567044812,'','','','','13589756698','','质量授权人',3,0,',3,','','','','',NULL,NULL,0,NULL,1567044812,1567128103,'产品事业部','河北省','吴国成'),(522,'河北兴隆希力药业有限公司',0,'未成交',1567044849,'','','','','13321169813','','质量授权人',3,0,',3,','','','','',NULL,NULL,0,NULL,1567044849,1567128103,'产品事业部','河北省','杨晓刚'),(523,'承德新爱民制药有限公司',0,'未成交',1567044905,'','','','','13832499179','','质量授权人',3,0,',3,','','','','',NULL,NULL,0,NULL,1567044905,1567128103,'产品事业部','河北省','周艳玲'),(524,'承德燕峰药业有限责任公司',0,'未成交',1567044944,'','','','','13180118538','','质量授权人',3,0,',3,','','','','',NULL,NULL,0,NULL,1567044944,1567128103,'产品事业部','河北省','邱明山'),(525,'国药集团承德药材有限公司中药饮片厂',0,'未成交',1567044990,'','','','','13832417286','','质量授权人',3,0,',3,','','','','',NULL,NULL,0,NULL,1567044990,1567128103,'产品事业部','河北省','李振文'),(526,'河北九派制药股份有限公司',0,'未成交',1567045055,'','','','','18033795276','','质量授权人',3,0,',3,','','','','',NULL,NULL,0,NULL,1567045055,1567128103,'产品事业部','河北省','张海燕'),(527,'石家庄宇惠制药有限公司',0,'未成交',1567045104,'','','','','15633820553','','质量授权人',3,0,',3,','','','','',NULL,NULL,0,NULL,1567045104,1567128103,'产品事业部','河北省','王建仕'),(528,'石家庄康力药业有限公司',0,'未成交',1567045537,'','','','','13831177462','','质量授权人',3,0,',3,','','','','',NULL,NULL,0,NULL,1567045537,1567128103,'产品事业部','河北省','孙峰宾'),(529,'河北一品制药股份有限公司',0,'未成交',1567045579,'','','','','13832119718','','质量授权人',3,0,',3,','','','','',NULL,NULL,0,NULL,1567045579,1567128103,'产品事业部','河北省','张青坡'),(530,'河北中唐医药有限公司',0,'未成交',1567045620,'','','','','13722850620','','质量授权人',3,0,',3,','','','','',NULL,NULL,0,NULL,1567045620,1567128103,'产品事业部','河北省','蔡锦娟'),(531,'石家庄华旭药业有限责任公司',0,'未成交',1567045661,'','','','','18931885662','','质量授权人',3,0,',3,','','','','',NULL,NULL,0,NULL,1567045661,1567128103,'产品事业部','河北省','徐春梅'),(532,'河北国龙制药有限公司',0,'未成交',1567045700,'','','','','18533113795','','质量授权人',3,0,',3,','','','','',NULL,NULL,0,NULL,1567045700,1567128103,'产品事业部','河北省','高超'),(533,'河北龙海药业有限公司',0,'未成交',1567045736,'','','','','13932137749','','质量授权人',3,0,',3,','','','','',NULL,NULL,0,NULL,1567045736,1567128103,'产品事业部','河北省','胡振静'),(534,'石家庄瑞雪制药有限公司',0,'未成交',1567045774,'','','','','13180054803','','质量授权人',3,0,',3,','','','','',NULL,NULL,0,NULL,1567045774,1567128103,'产品事业部','河北省','王永林'),(535,'石家庄市冀荣药业有限公司',0,'未成交',1567045826,'','','','','18832165162','','质量授权人',3,0,',3,','','','','',NULL,NULL,0,NULL,1567045826,1567128103,'产品事业部','河北省','田朝勃'),(536,'石家庄鹏海制药股份有限公司',0,'已成交',1567045882,'','','','','18631171907','','质量授权人\n签约了DMS单机版',3,0,',3,','','','','',NULL,NULL,0,NULL,1567045882,1567128103,'产品事业部','河北省','李保平'),(537,'河北利鑫制药有限公司',0,'未成交',1567045927,'','','','','13582118810','','质量授权人',3,0,',3,','','','','',NULL,NULL,0,NULL,1567045927,1567128103,'产品事业部','河北省','崔战芹'),(538,'河北大安制药有限公司',0,'未成交',1567045974,'','','','','13933093101','','质量授权人',3,0,',3,','','','','',NULL,NULL,0,NULL,1567045974,1567128103,'产品事业部','河北省','刘焕峰'),(539,'北京御生堂集团石家庄制药有限公司',0,'未成交',1567046020,'','','','','13803373498','','法人或企业负责人',3,0,',3,','','','','',NULL,NULL,0,NULL,1567046020,1567128103,'产品事业部','河北省','王双科'),(540,'石家庄神通药业有限公司',0,'未成交',1567046069,'','','','','14730323505','','质量授权人',3,0,',3,','','','','',NULL,NULL,0,NULL,1567046069,1567128103,'产品事业部','河北省','宋义林'),(541,'河北三九爱德福药业有限公司',0,'未成交',1567046106,'','','','','13933118903','','质量授权人',3,0,',3,','','','','',NULL,NULL,0,NULL,1567046106,1567128103,'产品事业部','河北省','王敬风'),(542,'石家庄五岳制药厂',0,'未成交',1567046143,'','','','','15032699226','','质量副总',3,0,',3,','','','','',NULL,NULL,0,NULL,1567046143,1567128103,'产品事业部','河北省','张永华'),(543,'河北华北制药华恒药业有限公司',0,'未成交',1567046228,'','','','','18032688351','','质量授权人',3,0,',3,','','','','',NULL,NULL,0,NULL,1567046228,1567128103,'产品事业部','河北省','王跃丰'),(544,'河北东汝阿胶制药股份有限公司',0,'未成交',1567046281,'','','','','15533309988','','质量授权人',3,0,',3,','','','','',NULL,NULL,0,NULL,1567046281,1567128103,'产品事业部','河北省','卢玉波'),(545,'森隆药业有限公司',0,'未成交',1567046335,'','','','','13785612377','','质量授权人',3,0,',3,','','','','',NULL,NULL,0,NULL,1567046335,1567128103,'产品事业部','河北省','段立新'),(546,'河北华鹰药业',0,'未成交',1567046376,'','','','','13933029118','','质量授权人',3,0,',3,','','','','',NULL,NULL,0,NULL,1567046376,1567128103,'产品事业部','河北省','吴生明'),(547,'固安世桥制药有限公司',0,'未成交',1567046417,'','','','','18601210737','','总经理',3,0,',3,','','','','',NULL,NULL,0,NULL,1567046417,1567128103,'产品事业部','河北省','吕高辉'),(548,'邯郸康业制药有限公司',0,'未成交',1567046462,'','','','','18731062911','','质量授权人',3,0,',3,','','','','',NULL,NULL,0,NULL,1567046462,1567128103,'产品事业部','河北省','李丽萍'),(549,'河北金芳制药有限公司',0,'未成交',1567046502,'','','','','18630033177','','质量授权人',3,0,',3,','','','','',NULL,NULL,0,NULL,1567046502,1567128103,'产品事业部','河北省','赵随江'),(550,'邯郸滏荣制药有限公司',0,'未成交',1567046555,'','','','','13703105297','','质量授权人',3,0,',3,','','','','',NULL,NULL,0,NULL,1567046555,1567128103,'产品事业部','河北省','王鹏升'),(551,'邯郸制药股份有限公司',0,'未成交',1567046600,'','','','','13784205011','','质量授权人',3,0,',3,','','','','',NULL,NULL,0,NULL,1567046600,1567128103,'产品事业部','河北省','李淑君'),(552,'邯郸市柏林药业有限公司',0,'未成交',1567046636,'','','','','13722485698','','质量授权人',3,0,',3,','','','','',NULL,NULL,0,NULL,1567046636,1567128103,'产品事业部','河北省','宋新乐'),(553,'河北凯诺制药有限公司',0,'未成交',1567046676,'','','','','15931001699','','质量授权人',3,0,',3,','','','','',NULL,NULL,0,NULL,1567046676,1567128103,'产品事业部','河北省','皇甫燕'),(554,'石家庄四药有限公司',0,'未成交',1567046863,'','','','','13803392412','','质量授权人',3,0,',3,','','','','',NULL,NULL,0,NULL,1567046863,1567128103,'产品事业部','河北省','张清江'),(555,'石家庄以岭药业股份有限公司',0,'未成交',1567046906,'','','','','13833185022','','质量授权人',3,0,',3,','','','','',NULL,NULL,0,NULL,1567046906,1567128103,'产品事业部','河北省','范文成'),(556,'石家庄科迪药业有限公司',0,'未成交',1567046945,'','','','','13931164372','','质量授权人',3,0,',3,','','','','',NULL,NULL,0,NULL,1567046945,1567128103,'产品事业部','河北省','齐文波'),(557,'神威药业集团有限公司',0,'未成交',1567046980,'','','','','15931199086','','质量授权人',3,0,',3,','','','','',NULL,NULL,0,NULL,1567046980,1567128103,'产品事业部','河北省','李香梅'),(558,'河北常山生化药业股份有限公司',0,'未成交',1567047017,'','','','','15030107609','','质量副总',3,0,',3,','','','','',NULL,NULL,0,NULL,1567047017,1567128103,'产品事业部','河北省','张志英'),(559,'河北医科大学生物医学工程中心',0,'未成交',1567047082,'','','','','13930486597','','质量授权人',3,0,',3,','','','','',NULL,NULL,0,NULL,1567047082,1567128103,'产品事业部','河北省','刘玉欣'),(560,'河北奥星集团药业有限公司',0,'未成交',1567047134,'','','','','13073197328','','质量授权人',3,0,',3,','','','','',NULL,NULL,0,NULL,1567047134,1567128103,'产品事业部','河北省','石全信'),(561,'河北奥星原料药有限公司',0,'未成交',1567047175,'','','','','15533959048','','质量授权人',3,0,',3,','','','','',NULL,NULL,0,NULL,1567047175,1567128103,'产品事业部','河北省','赵学刚'),(562,'河北富格药业有限公司',0,'未成交',1567047215,'','','','','13930120085','','质量授权人',3,0,',3,','','','','',NULL,NULL,0,NULL,1567047215,1567128103,'产品事业部','河北省','田苗珍'),(563,'河北敬业医药科技股份有限公司',0,'未成交',1567047263,'','','','','15076170809','','质量授权人',3,0,',3,','','','','',NULL,NULL,0,NULL,1567047263,1567128103,'产品事业部','河北省','付志强'),(564,'河北柏奇药业有限公司',0,'未成交',1567047300,'','','','','13833175343','','质量授权人',3,0,',3,','','','','',NULL,NULL,0,NULL,1567047300,1567128103,'产品事业部','河北省','巴红娟'),(565,'石家庄海力药业有限公司',0,'未成交',1567047337,'','','','','13582188665','','质量授权人',3,0,',3,','','','','',NULL,NULL,0,NULL,1567047337,1567128103,'产品事业部','河北省','刘学文'),(566,'唐山吉祥药业有限责任公司',0,'未成交',1567047391,'','','','','13931587522','','质量授权人',3,0,',3,','','','','',NULL,NULL,0,NULL,1567047391,1567128103,'产品事业部','河北省','张国梁'),(567,'河北瑞森药业有限公司',0,'未成交',1567047559,'','','','','13643203843','','质量授权人',3,0,',3,','','','','',NULL,NULL,0,NULL,1567047559,1567128103,'产品事业部','河北省','王凤玉'),(568,'河北东风药业有限公司',0,'未成交',1567047961,'','','','','13831034317','','质量授权人',3,0,',3,','','','','',NULL,NULL,0,NULL,1567047961,1567128103,'产品事业部','河北省','贺俊林'),(569,'河北金砖药业有限公司',0,'未成交',1567048004,'','','','','13831016526','','质量授权人',3,0,',3,','','','','',NULL,NULL,0,NULL,1567048004,1567128103,'产品事业部','河北省','林苏斌'),(570,'河北康芝制药有限公司',0,'未成交',1567048056,'','','','','15832089902','','QC主任',3,0,',3,','','','','',NULL,NULL,0,NULL,1567048056,1567128103,'产品事业部','河北省','李风霞'),(571,'邯郸市永年区地大生物制品有限公司',0,'未成交',1567048107,'','','','','13503108992','','质量授权人',3,0,',3,','','','','',NULL,NULL,0,NULL,1567048107,1567128103,'产品事业部','河北省','刘翠云'),(572,'河北森隆医药科技有限公司',0,'未成交',1567048152,'','','','','13832073592','','质量授权人',3,0,',3,','','','','',NULL,NULL,0,NULL,1567048152,1567128103,'产品事业部','河北省','姜楠'),(573,'邯郸市滏华中药颗粒饮片有限公司',0,'未成交',1567048186,'','','','','13323200006','','质量授权人',3,0,',3,','','','','',NULL,NULL,0,NULL,1567048186,1567128103,'产品事业部','河北省','曹世峰'),(574,'新兴凌云医药化工有限公司',0,'未成交',1567048224,'','','','','13363053816','','质量授权人',3,0,',3,','','','','',NULL,NULL,0,NULL,1567048224,1567128103,'产品事业部','河北省','李 姣'),(575,'山东科兴生物制品有限公司',0,'未成交',1567048480,'B（普通客户）','生产','','','13853147512','','',11,11,'','','','','',NULL,NULL,1567526400,'已跟进',1567048480,1567562896,'产品事业部','山东','孙哲'),(576,'河北百善药业有限公司',0,'未成交',1567048813,'','','','','13831588029','','质量授权人',3,0,',3,','','','','',NULL,NULL,0,NULL,1567048813,1567128103,'产品事业部','河北省','袁文华'),(577,'孔圣堂（唐山）制药有限公司',0,'未成交',1567048916,'','','','','15732575682','','质量授权人',3,0,',3,','','','','',NULL,NULL,0,NULL,1567048916,1567128103,'产品事业部','河北省','马士龙'),(578,'太阳石（唐山）药业有限公司',0,'未成交',1567048956,'','','','','13373557386','','质量授权人',3,0,',3,','','','','',NULL,NULL,0,NULL,1567048956,1567128103,'产品事业部','河北省','郑文科'),(579,'唐山瑞捷药业有限公司',0,'未成交',1567049000,'','','','','15081538819','','质量授权人',3,0,',3,','','','','',NULL,NULL,0,NULL,1567049000,1567128103,'产品事业部','河北省','张艳妙'),(580,'河北九正药业有限公司',0,'未成交',1567049042,'','','','','15232509965','','质量授权人',3,0,',3,','','','','',NULL,NULL,0,NULL,1567049042,1567128103,'产品事业部','河北省','王丽美'),(581,'河北华荣制药有限公司',0,'未成交',1567049098,'','','','','13933098285','','质量授权人',3,0,',3,','','','','',NULL,NULL,0,NULL,1567049098,1567128103,'产品事业部','河北省','刘晖'),(582,'颈复康集团保定东方制药有限公司',0,'未成交',1567049151,'','','','','13463129927','','质量部长',3,0,',3,','','','','',NULL,NULL,0,NULL,1567049151,1567128103,'产品事业部','河北省','刘惠静'),(583,'河北紫薇山制药有限责任公司',0,'未成交',1567049197,'','','','','13731253101','','质量授权人',3,0,',3,','','','','',NULL,NULL,0,NULL,1567049197,1567128103,'产品事业部','河北省','孙文景'),(584,'华北制药威可达有限公司',0,'未成交',1567049253,'','','','','13933824921','','质量授权人',3,0,',3,','','','','',NULL,NULL,0,NULL,1567049253,1567128103,'产品事业部','河北省','张春梅'),(585,'石药集团圣雪葡萄糖有限责任公司',0,'未成交',1567049302,'','','','','13513210618','','质量授权人',3,0,',3,','','','','',NULL,NULL,0,NULL,1567049302,1567128103,'产品事业部','河北省','罗倩'),(586,'石家庄制药集团华盛制药有限公司',0,'未成交',1567049350,'','','','','13930464895','','质量授权人',3,0,',3,','','','','',NULL,NULL,0,NULL,1567049350,1567128103,'产品事业部','河北省','杨宪丽'),(587,'葵花药业集团（唐山）生物制药有限公司',0,'未成交',1567049404,'','','','','15232550695','','质量授权人',3,0,',3,','','','','',NULL,NULL,0,NULL,1567049404,1567128103,'产品事业部','河北省','肖艳红'),(588,'神草饮片（唐山）有限责任公司',0,'未成交',1567751655,'','','','','13803159799','','企业负责人',3,7,',3,','','','','',NULL,NULL,1567958400,'已跟进',1567049447,1567751905,'产品事业部','河北省','郑光辉'),(589,'唐山集川药业利康制药有限公司',0,'未成交',1567049492,'','','','','13831505028','','质量授权人',3,0,',3,','','','','',NULL,NULL,0,NULL,1567049492,1567128103,'产品事业部','河北省','董金锁'),(590,'华北制药新制剂药业有限公司',0,'未成交',1567049542,'','','','','13930163955','','质量部长',3,0,',3,','','','','',NULL,NULL,0,NULL,1567049542,1567128103,'产品事业部','河北省','陈建欣'),(591,'华北制药华胜有限公司',0,'未成交',1567049585,'','','','','13731193558','','质量授权人',3,0,',3,','','','','',NULL,NULL,0,NULL,1567049585,1567128103,'产品事业部','河北省','赵建强'),(592,'保定市金钟制药有限公司',0,'未成交',1567049642,'','','','','15631269114','','质量授权人',3,0,',3,','','','','',NULL,NULL,0,NULL,1567049642,1567128103,'产品事业部','河北省','王维'),(593,'华北制药金坦生物技术股份有限公司',0,'未成交',1567049733,'','','','','13663114133','','质量授权人',3,0,',3,','','','','',NULL,NULL,0,NULL,1567049733,1567128103,'产品事业部','河北省','王英'),(594,'华北制药集团华栾有限公司',0,'未成交',1567049769,'','','','','18603119598','','质量授权人',3,0,',3,','','','','',NULL,NULL,0,NULL,1567049769,1567128103,'产品事业部','河北省','李强'),(595,'华北制药北元药业有限公司',0,'未成交',1567049808,'','','','','13073107128','','副厂长',3,0,',3,','','','','',NULL,NULL,0,NULL,1567049808,1567128103,'产品事业部','河北省','吕素贤'),(596,'华北制药河北华诺有限公司',0,'未成交',1567049845,'','','','','13784022258','','质量部长',3,0,',3,','','','','',NULL,NULL,0,NULL,1567049845,1567128103,'产品事业部','河北省','刘建芬'),(597,'河北维尔康制药有限公司',0,'未成交',1567049882,'','','','','15511389172','','质量授权人',3,0,',3,','','','','',NULL,NULL,0,NULL,1567049882,1567128103,'产品事业部','河北省','张艳英'),(598,'石药集团中诺药业（石家庄）有限公司',0,'未成交',1567049945,'','','','','15612114168','','质量授权人',3,0,',3,','','','','',NULL,NULL,0,NULL,1567049945,1567128103,'产品事业部','河北省','崔俊华'),(599,'石药控股集团河北永丰药业有限公司',0,'未成交',1567049984,'','','','','13933039987','','质量授权人',3,0,',3,','','','','',NULL,NULL,0,NULL,1567049984,1567128103,'产品事业部','河北省','韩玮琳'),(600,'石家庄华诺制药股份有限公司',0,'未成交',1567050020,'','','','','15128180881','','质量授权人',3,0,',3,','','','','',NULL,NULL,0,NULL,1567050020,1567128103,'产品事业部','河北省','李会'),(601,'华北制药股份有限公司生物技术分公司',0,'未成交',1567050058,'','','','','13191880596','','质量授权人',3,0,',3,','','','','',NULL,NULL,0,NULL,1567050058,1567128103,'产品事业部','河北省','郭惠文'),(602,'华北制药股份有限公司',0,'未成交',1567050093,'','','','','18132621823','','质量部长',3,0,',3,','','','','',NULL,NULL,0,NULL,1567050093,1567128103,'产品事业部','河北省','王欣明'),(603,'华北制药河北华民药业有限责任公司',0,'未成交',1567050130,'','','','','18631143659','','质量授权人',3,0,',3,','','','','',NULL,NULL,0,NULL,1567050130,1567128103,'产品事业部','河北省','胡利敏'),(604,'华北制药集团先泰药业有限公司',0,'未成交',1567050167,'','','','','13930117950','','质量授权人',3,0,',3,','','','','',NULL,NULL,0,NULL,1567050167,1567128103,'产品事业部','河北省','严正人'),(605,'保定中药制药股份有限公司',0,'未成交',1567050394,'','','','','13833061832','','质量负责人',3,0,',3,','','','','',0.00000000000,0.00000000000,0,'已跟进',1567050394,1567128103,'产品事业部','河北省','刘胜宝'),(606,'石药集团恩必普药业有限公司',0,'未成交',1567050489,'','','','','13833167810','','质量授权人',3,0,',3,','','','','',NULL,NULL,0,NULL,1567050489,1567128103,'产品事业部','河北省','陈立波'),(607,'石药集团欧意药业有限公司',0,'未成交',1567050537,'','','','','13930151110','','质量授权人',3,0,',3,','','','','',NULL,NULL,0,NULL,1567050537,1567128103,'产品事业部','河北省','杨晓凤'),(608,'石药集团新诺威制药股份有限公司',0,'未成交',1567050596,'','','','','13700315802','','质量受权人',3,0,',3,','','','','',NULL,NULL,0,NULL,1567050596,1567128103,'产品事业部','河北省','刘丽艳'),(609,'安国亚东药业有限公司',0,'未成交',1567050637,'','','','','18911292291','','质量授权人',3,0,',3,','','','','',NULL,NULL,0,NULL,1567050637,1567128103,'产品事业部','河北省','吴凡'),(610,'石药集团维生药业（石家庄）有限公司',0,'未成交',1567050672,'','','','','13831162278','','质量授权人',3,0,',3,','','','','',NULL,NULL,0,NULL,1567050672,1567128103,'产品事业部','河北省','冯志军'),(611,'安国市天下康制药有限公司',0,'未成交',1567054747,'','','','','13463254444','','质量授权人',3,0,',3,','','','','',NULL,NULL,0,NULL,1567054747,1567128103,'产品事业部','河北省','赵敬藏'),(612,'药都制药集团股份有限公司',0,'未成交',1567054785,'','','','','13633122109','','质量授权人',3,0,',3,','','','','',NULL,NULL,0,NULL,1567054785,1567128103,'产品事业部','河北省','李玲'),(613,'河北元森制药有限公司',0,'未成交',1567054840,'','','','','13932245995','','QC主管',3,0,',3,','','','','',NULL,NULL,0,NULL,1567054840,1567128176,'产品事业部','河北省','王桂娟'),(614,'河北智同生物制药股份有限公司',0,'未成交',1567054883,'','','','','18633039986','','质量授权人',3,0,',3,','','','','',NULL,NULL,0,NULL,1567054883,1567128176,'产品事业部','河北省','李金红'),(615,'保定天浩制药有限公司',0,'未成交',1567054921,'','','','','15232979769','','质量授权人',3,0,',3,','','','','',NULL,NULL,0,NULL,1567054921,1567128176,'产品事业部','河北省','陈立芹'),(616,'唐山隆康药业有限公司',0,'未成交',1567055076,'','','','','18031321552','','质量授权人',3,0,',3,','','','','',NULL,NULL,0,NULL,1567055076,1567128176,'产品事业部','河北省','闫玉娟'),(617,'河北三石药业股份有限公司',0,'已成交',1567055150,'','','','','15031526823','','质量授权人\n成功签约网络版DMS',3,0,',3,','','','','',NULL,NULL,0,NULL,1567055150,1567128176,'产品事业部','河北省','贾雨林'),(618,'唐山市参花制药集团有限公司',0,'未成交',1567055198,'','','','','15033939136','','质量授权人',3,0,',3,','','','','',NULL,NULL,0,NULL,1567055198,1567128176,'产品事业部','河北省','刘坤'),(619,'唐山红星药业有限责任公司',0,'未成交',1567055260,'','','','','13731557719','','质量授权人',3,0,',3,','','','','',NULL,NULL,0,NULL,1567055260,1567128176,'产品事业部','河北省','赵淑敏'),(620,'景忠山国药（唐山）有限公司',0,'未成交',1567055297,'','','','','18833355218','','质量授权人',3,0,',3,','','','','',NULL,NULL,0,NULL,1567055297,1567128176,'产品事业部','河北省','张楠'),(621,'北京同仁堂（唐山）营养保健品有限公司',0,'未成交',1567055355,'','','','','13911373446','','质量授权人',3,0,',3,','','','','',NULL,NULL,0,NULL,1567055355,1567128176,'产品事业部','河北省','严长文'),(622,'澳诺（中国）制药有限公司',0,'未成交',1567055403,'','','','','13513129275','','质量授权人',3,0,',3,','','','','',NULL,NULL,0,NULL,1567055403,1567128176,'产品事业部','河北省','周小媛 '),(623,'河北旭宇金坤药业有限公司',0,'未成交',1567751998,'','','','','15133906245','','质量授权人',3,7,',3,','','','','',NULL,NULL,1567958400,'已跟进',1567055439,1567752094,'产品事业部','河北省','王艳玲'),(624,'河北长天药业有限公司',0,'未成交',1567055478,'','','','','13930276982','','质量授权人',3,0,',3,','','','','',NULL,NULL,0,NULL,1567055478,1567128176,'产品事业部','河北省','张瑞'),(625,'唐山市福乐药业有限公司',0,'未成交',1567055519,'','','','','18131538275','','质量授权人',3,0,',3,','','','','',NULL,NULL,0,NULL,1567055519,1567128176,'产品事业部','河北省','陈英红'),(626,'北京同仁堂天然药物（唐山）有限公司',0,'未成交',1567055557,'','','','','13903388647','','质量授权人',3,0,',3,','','','','',NULL,NULL,0,NULL,1567055557,1567128176,'产品事业部','河北省','轩凤国'),(627,'涿州东乐制药有限公司',0,'未成交',1567055595,'','','','','13623227005','','质量部长',3,0,',3,','','','','',NULL,NULL,0,NULL,1567055595,1567128176,'产品事业部','河北省','张海燕'),(628,'保定古城制药有限公司',0,'未成交',1567055638,'','','','','13931356126','','质量授权人',3,0,',3,','','','','',NULL,NULL,0,NULL,1567055638,1567128176,'产品事业部','河北省','陈志军'),(629,'辅仁药业集团有限公司',0,'未成交',1567079517,'','','','0394-7596186','15994166705','','化验室主任',3,0,',3,','','','','',NULL,NULL,0,NULL,1567079517,1567128176,'产品事业部','河南省','刘主任'),(630,'河南辅仁药业集团',0,'未成交',1567079563,'','','','','13849442281','','QA部长',3,0,',3,','','','','',NULL,NULL,0,NULL,1567079563,1567128176,'产品事业部','河南省','王海涛'),(631,'河南省奥林特药业有限公司',0,'未成交',1567079612,'','','','0371-62368879','13271209136','','QC经理',3,0,',3,','','','','',NULL,NULL,0,NULL,1567079612,1567128176,'产品事业部','河南省','贾申钰'),(632,'河南泰康制药有限公司',0,'未成交',1567079674,'','','','0394-6831929','13461320103','','生产负责人',3,0,',3,','','','','',NULL,NULL,0,NULL,1567079674,1567128176,'产品事业部','河南省','赵宇'),(633,'河南庚贤堂制药有限公司',0,'未成交',1567079725,'','','','','15039801218','','',3,0,',3,','','','','',NULL,NULL,0,NULL,1567079725,1567128176,'产品事业部','河南省','张乐营'),(634,'河南泰丰制药股份有限公司',0,'未成交',1567740493,'','','','','13782330055','','化验室主任',3,8,',3,','','','','',NULL,NULL,0,'已跟进',1567079769,1567753052,'产品事业部','河南省','陈主任'),(635,'河南康泰制药集团公司',0,'未成交',1567079835,'','','','0371-64898916','13838381375','','质量部长',3,0,',3,','','','','',NULL,NULL,0,NULL,1567079835,1567128176,'产品事业部','河南省','周建涛'),(636,'郑州安图生物工程股份有限公司',0,'未成交',1567079875,'','','','','15713862613','','QC主管',3,0,',3,','','','','',NULL,NULL,0,NULL,1567079875,1567128176,'产品事业部','河南省','张金蕊'),(637,'郑州瑞龙制药股份有限公司',0,'未成交',1567079924,'','','','','15136184819','','化验室主任',3,0,',3,','','','','',NULL,NULL,0,NULL,1567079924,1567128176,'产品事业部','河南省','许静'),(638,'郑州瑞卡福医用氧有限公司',0,'未成交',1567079972,'','','','0371-67988884','13083608027','','化验室主任',3,0,',3,','','','','',NULL,NULL,0,NULL,1567079972,1567128176,'产品事业部','河南省','姚素霞'),(639,'郑州市协和制药厂',0,'未成交',1567080023,'','','','','13903717795','','质量授权人',3,0,',3,','','','','',NULL,NULL,0,NULL,1567080023,1567128176,'产品事业部','河南省','窦斌峰'),(640,'河南天方药业中药有限公司',0,'未成交',1567080069,'','','','','13949124990','','QC',3,0,',3,','','','','',NULL,NULL,0,NULL,1567080069,1567128176,'产品事业部','河南省','时亚敏'),(641,'郑州万通复生药业',0,'未成交',1567080111,'','','','','13674917730','','QC主任',3,0,',3,','','','','',NULL,NULL,0,NULL,1567080111,1567128176,'产品事业部','河南省','李志强'),(642,'郑州民众制药公司',0,'未成交',1567080150,'','','','','13838178309','','质量副总',3,0,',3,','','','','',NULL,NULL,0,NULL,1567080150,1567128176,'产品事业部','河南省','毛总'),(643,'郑州瑞康制药有限公司',0,'未成交',1567080192,'','','','','13523507937','','QC主任',3,0,',3,','','','','',NULL,NULL,0,NULL,1567080192,1567128176,'产品事业部','河南省','杨雅婷'),(644,'郑州民众制药有限公司',0,'未成交',1567080234,'','','','','13838178309','','质量副总',3,0,',3,','','','','',NULL,NULL,0,NULL,1567080234,1567128176,'产品事业部','河南省','毛总'),(645,'郑州莱士血液制品有限公司',0,'未成交',1567080276,'','','','','13526552325','','质量部长',3,0,',3,','','','','',NULL,NULL,0,NULL,1567080276,1567128176,'产品事业部','河南省','叶刚'),(646,'万通药业郑州万通复升药业股份有限公司',0,'未成交',1567080316,'','','','','13674917730','','QC主任',3,0,',3,','','','','',NULL,NULL,0,NULL,1567080316,1567128176,'产品事业部','河南省','李志强'),(647,'洛阳本草生物制药股份有限公司',0,'未成交',1567080364,'','','','','15937939771','','',3,0,',3,','','','','',NULL,NULL,0,NULL,1567080364,1567128176,'产品事业部','河南省','陈霜'),(648,'洛阳天生药业有限责任',0,'未成交',1567080409,'','','','','13525059138','','质量负责人',3,0,',3,','','','','',NULL,NULL,0,NULL,1567080409,1567128176,'产品事业部','河南省','宋喜安'),(649,'辅仁药业',0,'未成交',1567080465,'','','','','13619898778','','总经理',3,0,',3,','','','','',NULL,NULL,0,NULL,1567080465,1567128176,'产品事业部','河南省','孟强'),(650,'河南天方药业有限公司',0,'未成交',1567671242,'','','','','13513968078','','质控部经理',3,8,',3,','','','','',NULL,NULL,0,'已跟进',1567080507,1567755241,'产品事业部','河南省','王文华'),(651,'河南四方药业',0,'未成交',1567080573,'','','','','15039425765','','化验室主任',3,0,',3,','','','','',NULL,NULL,0,NULL,1567080573,1567128176,'产品事业部','河南省','陈慧丽'),(652,'辅仁药业集团',0,'未成交',1567080617,'','','','','13839472460','','质量授权人',3,0,',3,','','','','',NULL,NULL,0,NULL,1567080617,1567128176,'产品事业部','河南省','何灵娟'),(653,'河南洛正药业',0,'未成交',1567080650,'','','','','13503496328','','',3,0,',3,','','','','',NULL,NULL,0,NULL,1567080650,1567128176,'产品事业部','河南省','武爱玲'),(654,'河南鼎昌药业有限公司',0,'未成交',1567080692,'','','','','17639915656','','公司总经理',3,0,',3,','','','','',NULL,NULL,0,NULL,1567080692,1567128176,'产品事业部','河南省','王总'),(655,'江苏吉贝尔药业',0,'未成交',1567080764,'','','','','13951408341','','质量经理',3,0,',3,','','','','',NULL,NULL,0,NULL,1567080764,1567128176,'产品事业部','江苏省','陈进'),(656,'江苏启东盖天力',0,'未成交',1567338877,'','','','','13706283599','','QA',3,14,',3,','','','','',NULL,NULL,0,'已跟进',1567080813,1567339265,'产品事业部','江苏省','王经理'),(657,'江苏昕宇药业有限公司',0,'未成交',1567080862,'','','','','13815485175','','质量部长',3,0,',3,','','','','',NULL,NULL,0,NULL,1567080862,1567128176,'产品事业部','江苏省','季平'),(658,'天方药业股份有限公司',0,'未成交',1567671227,'','','','','13513968078','','质控部经理',3,8,',3,','','','','',NULL,NULL,0,'已跟进',1567080923,1567755187,'产品事业部','河南省','王文华'),(659,'裕松原药业',0,'已成交',1567081028,'','','','','13721376017','','质量经理\n成功签约单机版DMS',3,0,',3,','','','','',0.00000000000,0.00000000000,0,'已跟进',1567080960,1567128176,'产品事业部','河南省','牛富川'),(660,'开封豫港制药厂',0,'未成交',1567081080,'','','','','13393839065','','QC主任',3,0,',3,','','','','',NULL,NULL,0,NULL,1567081080,1567128176,'产品事业部','河南省','樊立封'),(661,'林州市光华药业有限责任公司',0,'未成交',1567081129,'','','','','13598145444','','质量负责人',3,0,',3,','','','','',NULL,NULL,0,NULL,1567081129,1567128176,'产品事业部','河南省','胡余峰'),(662,'商丘市金马药业有限公司',0,'未成交',1567081197,'','','','','13608406671','','质量授权人',3,0,',3,','','','','',NULL,NULL,0,NULL,1567081197,1567128176,'产品事业部','河南省','刘瑞玲'),(663,'洛阳远洋生物制药',0,'未成交',1567081252,'','','','','15896568875','','主任',3,0,',3,','','','','',NULL,NULL,0,NULL,1567081252,1567128176,'产品事业部','河南省','李丽'),(664,'乐普恒久远药业有限公司（新乡）',0,'未成交',1567671226,'','','','0373-5655982','13598721372','','副总',3,8,',3,','','','','',NULL,NULL,0,'已跟进',1567081355,1567691678,'产品事业部','河南省','闫明科'),(665,'新乡东升制药有限公司',0,'未成交',1567081401,'','','','','15090305482','','质量副总',3,0,',3,','','','','',NULL,NULL,0,NULL,1567081401,1567128176,'产品事业部','河南省','王运华'),(666,'河南康达制药有限公司',0,'未成交',1567081454,'','','','','13663040803','','QC主任',3,0,',3,','','','','',NULL,NULL,0,NULL,1567081454,1567128176,'产品事业部','河南省','杨明化'),(667,'焦作福瑞堂制药有限公司',0,'未成交',1567081507,'','','','','13503742905','','质量经理',3,0,',3,','','','','',NULL,NULL,0,NULL,1567081507,1567128176,'产品事业部','河南省','马德站'),(668,'河南羚锐制药股份有限公司（化药）',0,'未成交',1567081559,'','','','','13503766259','','质量总监',3,0,',3,','','','','',NULL,NULL,0,NULL,1567081559,1567128176,'产品事业部','河南省','李志红'),(669,'华兰生物工程股份有限公司',0,'未成交',1567671268,'','','','','18003808149','','质量',3,8,',3,','','','','',NULL,NULL,0,'待跟进',1567081605,1567671268,'产品事业部','河南省','孙伟'),(670,'河南蓝图制药有限公司',0,'未成交',1567081648,'','','','','13837749660','','质量部',3,0,',3,','','','','',NULL,NULL,0,NULL,1567081648,1567128176,'产品事业部','河南省','府琦菁'),(671,'上海六合堂生物科技项城制药有限公司',0,'未成交',1567081703,'','','','','13137688696','','质量总监',3,0,',3,','','','','',NULL,NULL,0,NULL,1567081703,1567128176,'产品事业部','上海市','邓秀梅'),(672,'河南金鸿堂制药有限公司',0,'未成交',1567081790,'','','','','13598876840','','质量授权人',3,0,',3,','','','','',NULL,NULL,0,NULL,1567081790,1567128176,'产品事业部','河南省','刘太同'),(673,'河南凤凰制药股份有限公司',0,'未成交',1567081870,'','','','','13839400601','','化验室主任',3,0,',3,','','','','',NULL,NULL,0,NULL,1567081870,1567128176,'产品事业部','河南省','荣秀兰'),(674,'河南康硕医院科技有限公司',0,'未成交',1567081928,'','','','','18860382355','','主任',3,0,',3,','','','','',NULL,NULL,0,NULL,1567081928,1567128176,'产品事业部','河南省','安利霞'),(675,'民生药业集团有限公司',0,'未成交',1567081992,'','','','','15937917622','','副总',3,0,',3,','','','','',NULL,NULL,0,NULL,1567081992,1567128176,'产品事业部','河南省','王世忠'),(676,'上海浦津林州制药有限公司',0,'未成交',1567673232,'','','','','18931602505','','质量负责人',3,9,',3,','','','','',NULL,NULL,0,'已跟进',1567132150,1567673456,'产品事业部','上海市','李冲'),(677,'林州市光华药业有限公司',0,'未成交',1567132215,'','','','','15226157428','','QC',3,0,',3,','','','','',NULL,NULL,0,NULL,1567132215,1567165389,'产品事业部','河南省','常云霞'),(678,'河南泰丰制药',0,'未成交',1567324961,'','','','','13782330055','','QC主任',3,8,',3,','','','','',NULL,NULL,0,'已跟进',1567132272,1567753131,'产品事业部','河南省','陈主任'),(679,'河南奥林特药业',0,'未成交',1567132314,'','','','','13271209136','','QC经理',3,0,',3,','','','','',NULL,NULL,0,NULL,1567132314,1567165389,'产品事业部','河南省','贾申钰'),(680,'河南羚锐制药股份有限公司',0,'未成交',1567132384,'','','','','13903972212','','验证负责人',3,0,',3,','','','','',NULL,NULL,0,NULL,1567132384,1567165389,'产品事业部','河南省','李奇'),(681,'河南天方华中药业',0,'未成交',1567132423,'','','','','13781379980','','技术部经理',3,0,',3,','','','','',NULL,NULL,0,NULL,1567132423,1567165389,'产品事业部','河南省','李焕巧'),(682,'博爱新开源制药股份有限公司',0,'未成交',1567132461,'','','','','13782680525','','QC',3,0,',3,','','','','',NULL,NULL,0,NULL,1567132461,1567165389,'产品事业部','河南省','候经理'),(683,'河南鼎昌药业',0,'未成交',1567132517,'','','','','13939113673','','质量经理',3,0,',3,','','','','',NULL,NULL,0,NULL,1567132517,1567165389,'产品事业部','河南省','王现禄'),(684,'仲景宛西制药',0,'未成交',1567132569,'','','','','13525662216','','GMP办公室主任',3,0,',3,','','','','',NULL,NULL,0,NULL,1567132569,1567165389,'产品事业部','河南省','杨登伟'),(685,'南京金陵制药厂',0,'未成交',1567132654,'','','','','13951783692','','质量部长',3,0,',3,','','','','',NULL,NULL,0,NULL,1567132654,1567165389,'产品事业部','江苏省','潘静'),(686,'江苏苏南药业实业有限公司',0,'未成交',1567132709,'','','','','13862430651','','QA主管',3,0,',3,','','','','',NULL,NULL,0,NULL,1567132709,1567165389,'产品事业部','江苏省','宜海燕'),(687,'苏州瑞美科生物技术有限公司',0,'未成交',1567132757,'','','','','17751171596','','副总',3,0,',3,','','','','',NULL,NULL,0,NULL,1567132757,1567165389,'产品事业部','江苏省','朱雪琴'),(688,'河南龙都药业有限公司',0,'未成交',1567132894,'','','','','13903943247','','质量负责人',3,0,',3,','','','','',NULL,NULL,0,NULL,1567132894,1567165389,'产品事业部','河南省','耿琴'),(689,'河南蓝天药业',0,'未成交',1567132932,'','','','','15138300388','','生产副总',3,0,',3,','','','','',NULL,NULL,0,NULL,1567132932,1567165389,'产品事业部','河南省','陈景峰'),(690,'河南方圆药业',0,'未成交',1567133046,'','','','0394-5207181','03945207181','','',3,0,',3,','','','','',NULL,NULL,0,NULL,1567133046,1567165389,'产品事业部','河南省','无人名'),(691,'南阳普康药业有限公司',0,'未成交',1567133097,'','','','','13837747038','','QA',3,0,',3,','','','','',NULL,NULL,0,NULL,1567133097,1567165389,'产品事业部','河南省','廖志忠'),(692,'河南华峰制药有限公司',0,'未成交',1567133163,'','','','','13939398217','','化验室主任',3,0,',3,','','','','',NULL,NULL,0,NULL,1567133163,1567165389,'产品事业部','河南省','郭主任'),(693,'上海全宇生物科技确山制药厂',0,'未成交',1567133225,'','','','','13939690198','','总经理',3,0,',3,','','','','',NULL,NULL,0,NULL,1567133225,1567165389,'产品事业部','上海市','李洪省'),(694,'百正药业股份有限公司',0,'未成交',1567133269,'','','','','15038923325','','质量部长',3,0,',3,','','','','',NULL,NULL,0,NULL,1567133269,1567165389,'产品事业部','河南省','任明星'),(695,'河南百泉制药',0,'未成交',1567133312,'','','','','15736993394','','化验室主任',3,0,',3,','','','','',NULL,NULL,0,NULL,1567133312,1567165389,'产品事业部','河南省','李晓红'),(696,'河南同真堂中药饮片有限公司',0,'未成交',1567133357,'','','','','18736885382','','化验室主任',3,0,',3,','','','','',NULL,NULL,0,NULL,1567133357,1567165389,'产品事业部','河南省','闫主任'),(697,'国药集团容生制药有限公司',0,'未成交',1567133407,'','','','0391-7282438','03917282438','','QA',3,0,',3,','','','','',NULL,NULL,0,NULL,1567133407,1567165389,'产品事业部','河南省','李秀英'),(698,'河南普瑞制药有限公司',0,'未成交',1567133463,'','','','0394-2297900','03942297900','','QC',3,0,',3,','','','','',NULL,NULL,0,NULL,1567133463,1567165389,'产品事业部','河南省','王经理'),(699,'海南制药厂有限公司制药二厂',0,'未成交',1567133525,'','','','','13703467304','','质量副总',3,0,',3,','','','','',NULL,NULL,0,NULL,1567133525,1567165389,'产品事业部','海南省','张彦斌'),(700,'河南羚锐制药股份有限公司（中药）',0,'未成交',1567133575,'','','','0376-2988752','03762988752','','质量总监',3,0,',3,','','','','',NULL,NULL,0,NULL,1567133575,1567165389,'产品事业部','河南省','谢其亮'),(701,'河南华商药业有限公司',0,'未成交',1567133621,'','','','','15039946266','','质量部',3,0,',3,','','','','',NULL,NULL,0,NULL,1567133621,1567165389,'产品事业部','河南省','邢广照'),(702,'河南雅康药业有限公司',0,'未成交',1567133684,'','','','','13937077737','','质量部',3,0,',3,','','','','',NULL,NULL,0,NULL,1567133684,1567165389,'产品事业部','河南省','刘丽'),(703,'河南科伦药业有限公司',0,'未成交',1567133752,'','','','0372-5520855','03725520855','','质量验证部',3,0,',3,','','','','',NULL,NULL,0,NULL,1567133752,1567165389,'产品事业部','河南省','无人名'),(704,'仲景宛西制药股份有限公司',0,'未成交',1567133809,'','','','','13503875961','','化验室主任',3,0,',3,','','','','',NULL,NULL,0,NULL,1567133809,1567165389,'产品事业部','河南省','周里欣'),(705,'河南时珍制药有限公司',0,'未成交',1567133884,'','','','','13839212354','','质量负责人',3,0,',3,','','','','',NULL,NULL,0,NULL,1567133884,1567165389,'产品事业部','河南省','张福广'),(706,'西施兰（南阳）药业股份有限公司',0,'未成交',1567133928,'','','','0377-61693167','037761693167','','质量部',3,0,',3,','','','','',NULL,NULL,0,NULL,1567133928,1567165389,'产品事业部','河南省','无人名'),(707,'河南宛东药业有限公司',0,'未成交',1567133984,'','','','','18211898172','','副总',3,0,',3,','','','','',NULL,NULL,0,NULL,1567133984,1567165389,'产品事业部','河南省','常良'),(708,'北京天衡药物研究院南阳天衡制药厂',0,'未成交',1567325008,'','','','','15036235563','','QC负责人',3,8,',3,','','','','',NULL,NULL,0,'待跟进',1567134138,1567325008,'产品事业部','北京市','孙淑霞'),(709,'河南天地药业股份有限公司',0,'未成交',1567134451,'','','','','13781122104','','QC',3,0,',3,','','','','',NULL,NULL,0,NULL,1567134451,1567165389,'产品事业部','河南省','李博'),(710,'河南辉煌草本药业有限公司',0,'未成交',1567134494,'','','','','18697318462','','QA',3,0,',3,','','','','',NULL,NULL,0,NULL,1567134494,1567165389,'产品事业部','河南省','赵绘峰'),(711,'南阳仲景百信医药科技有限公司',0,'未成交',1567134563,'','','','','15837712379','','质量副总',3,0,',3,','','','','',NULL,NULL,0,NULL,1567134563,1567165389,'产品事业部','河南省','谷灵珂'),(712,'河南创新药业有限公司',0,'未成交',1567134607,'','','','','15565159862','','质量经理',3,0,',3,','','','','',NULL,NULL,0,NULL,1567134607,1567165389,'产品事业部','河南省','李素芳'),(713,'河南天方华中药业有限公司',0,'未成交',1567134663,'','','','','13781379980','','技术经理',3,0,',3,','','','','',NULL,NULL,0,NULL,1567134663,1567165389,'产品事业部','河南省','李焕巧'),(714,'河南绿园药业有限公司',0,'未成交',1567134754,'','','','0373-5687013','03735687013','','质量经理',3,0,',3,','','','','',NULL,NULL,0,NULL,1567134754,1567165389,'产品事业部','河南省','张珊'),(715,'海南制药厂有限公司制药一厂',0,'未成交',1567134802,'','','','','13703720345','','质量负责人',3,0,',3,','','','','',NULL,NULL,0,NULL,1567134802,1567165389,'产品事业部','海南省','王平安'),(716,'河南省汉帝药业有限公司',0,'未成交',1567134851,'','','','','15093257351','','质量负责人',3,0,',3,','','','','',NULL,NULL,0,NULL,1567134851,1567165389,'产品事业部','河南省','吴晓龙'),(717,'河南远大生物制药有限公司',0,'未成交',1567134934,'','','','','13783648208','','质量',3,0,',3,','','','','',NULL,NULL,0,NULL,1567134934,1567165389,'产品事业部','河南省','赵富强'),(718,'三门峡莘原制药有限公司',0,'未成交',1567135010,'','','','0398-7863168','0398863168','','质量总监',3,0,',3,','','','','',NULL,NULL,0,NULL,1567135010,1567165389,'产品事业部','河南省','贾总'),(719,'南阳普康集团衡淯制药有限责任公司',0,'未成交',1567135059,'','','','','15938883201','','QC部长',3,0,',3,','','','','',NULL,NULL,0,NULL,1567135059,1567165389,'产品事业部','河南省','梁丙梅'),(720,'河南省驻马店华中正大有限公司',0,'未成交',1567135099,'','','','','13683891786','','质量主管',3,0,',3,','','','','',NULL,NULL,0,NULL,1567135099,1567165389,'产品事业部','河南省','徐德强'),(721,'上海迪冉郸城制药有限公司',0,'未成交',1567135188,'','','','0394-3250188','03943250188','','质量控制',3,0,',3,','','','','',NULL,NULL,0,NULL,1567135188,1567165389,'产品事业部','上海市','柴经理'),(722,'郑州韩都药业集团有限公司',0,'未成交',1567135234,'','','','','13939150989','','质量负责人',3,0,',3,','','','','',NULL,NULL,0,NULL,1567135234,1567165389,'产品事业部','河南省','王燕敏'),(723,'郑州卓峰制药有限公司',0,'未成交',1567135276,'','','','','13700856795','','质量经理',3,0,',3,','','','','',NULL,NULL,0,NULL,1567135276,1567165389,'产品事业部','河南省','王孟栓'),(724,'郑州海缔邦林制药有限公司',0,'未成交',1567135355,'','','','0371-62489139','037162489139','','质量部',3,0,',3,','','','','',NULL,NULL,0,NULL,1567135355,1567165389,'产品事业部','河南省','樊部长'),(725,'乐普药业（郑州）股份有限公司',0,'未成交',1567135439,'','','','','13393915779','','QA主管',3,0,',3,','','','','',NULL,NULL,0,NULL,1567135439,1567165389,'产品事业部','河南省','李玉琴'),(726,'乐普药业郑州公司',0,'未成交',1567135478,'','','','','13137518361','','QC',3,0,',3,','','','','',NULL,NULL,0,NULL,1567135478,1567165389,'产品事业部','河南省','张德全'),(727,'乐普药业股份有限公司',0,'未成交',1567135525,'','','','0373-5655982','13137518361','','QC主管',3,0,',3,','','','','',NULL,NULL,0,NULL,1567135525,1567165389,'产品事业部','河南省','张德全'),(728,'河南新乡华星药厂',0,'未成交',1567135653,'','','','','15836126018','','质量经理',3,0,',3,','','','','',NULL,NULL,0,NULL,1567135653,1567165389,'产品事业部','河南省','李建忠'),(729,'新乡市常乐制药有限责任公司',0,'未成交',1567670871,'','','','','15938712692','','质量副总',3,8,',3,','','','','',NULL,NULL,0,'待跟进',1567135713,1567670871,'产品事业部','河南省','张光照'),(730,'新乡华青药业有限公司',0,'未成交',1567135754,'','','','','15037380941','','生产副总',3,0,',3,','','','','',NULL,NULL,0,NULL,1567135754,1567165389,'产品事业部','河南省','杨志胜'),(731,'河南省百泉制药有限公司',0,'未成交',1567135803,'','','','0373-6208329','15736993394','','QC主任',3,0,',3,','','','','',NULL,NULL,0,NULL,1567135803,1567165389,'产品事业部','河南省','李晓红'),(732,'洛阳天生药业有限责任公司',0,'未成交',1567135856,'','','','','13525059138','','质量负责人',3,0,',3,','','','','',NULL,NULL,0,NULL,1567135856,1567165389,'产品事业部','河南省','宋喜安'),(733,'洛阳远洋生物制药有限公司',0,'未成交',1567135897,'','','','','15037991203','','质量经理',3,0,',3,','','','','',NULL,NULL,0,NULL,1567135897,1567165389,'产品事业部','河南省','刘利辉'),(734,'河南省神农药业有限公司',0,'未成交',1567136243,'','','','','13939459745','','副总',3,0,',3,','','','','',NULL,NULL,0,NULL,1567136243,1567165389,'产品事业部','河南省','王云东'),(735,'河南四方药业有限公司',0,'未成交',1567136291,'','','','','15039425765','','QC主任',3,0,',3,','','','','',NULL,NULL,0,NULL,1567136291,1567165389,'产品事业部','河南省','陈慧丽'),(736,'河南雪樱花制药有限公司',0,'未成交',1567136333,'','','','','13525709816','','化验室主任',3,0,',3,','','','','',NULL,NULL,0,NULL,1567136333,1567165389,'产品事业部','河南省','杨老师'),(737,'河南金不换制药有限公司 ',0,'未成交',1567136384,'','','','','13837808880','','化验室主任',3,0,',3,','','','','',NULL,NULL,0,NULL,1567136384,1567165389,'产品事业部','河南省','王聪'),(738,'河南欣泰药业有限公司',0,'未成交',1567136427,'','','','','13938357649','','主管',3,0,',3,','','','','',NULL,NULL,0,NULL,1567136427,1567165389,'产品事业部','河南省','宋传敏'),(739,'洛阳顺势药业有限公司',0,'未成交',1567136529,'','','','','13373790188','','化验室',3,0,',3,','','','','',NULL,NULL,0,NULL,1567136529,1567165389,'产品事业部','河南省','李老师'),(740,'洛阳伊龙药业有限公司',0,'未成交',1567136569,'','','','','15936100231','','质量负责人',3,0,',3,','','','','',NULL,NULL,0,NULL,1567136569,1567165389,'产品事业部','河南省','时总'),(741,'洛阳新春都生物制药有限公司',0,'未成交',1567136610,'','','','','15037931295','','质量经理',3,0,',3,','','','','',NULL,NULL,0,NULL,1567136610,1567165389,'产品事业部','河南省','赵同双'),(742,'洛阳君山制药有限公司',0,'未成交',1567136681,'','','','','13938828622','','质保部长',3,0,',3,','','','','',NULL,NULL,0,NULL,1567136681,1567165389,'产品事业部','河南省','徐海松'),(743,'白云山东泰商丘药业有限公司',0,'未成交',1567136730,'','','','','13507695683','','实验室主任',3,0,',3,','','','','',NULL,NULL,0,NULL,1567136730,1567165389,'产品事业部','河南省','孙海英'),(744,'宁波中药商丘寿全斋有限公司',0,'未成交',1567136793,'','','','','18623869828','','QC负责人',3,0,',3,','','','','',NULL,NULL,0,NULL,1567136793,1567165389,'产品事业部','河南省','何云峰'),(745,'商丘市龙兴制药有限公司',0,'未成交',1567136839,'','','','','18272695787','','质量负责人',3,0,',3,','','','','',NULL,NULL,0,NULL,1567136839,1567165389,'产品事业部','河南省','张悦'),(746,'安阳中智药业有限责任公司',0,'未成交',1567136911,'','','','0372-2906891','13569082332','','质量部长',3,0,',3,','','','','',NULL,NULL,0,NULL,1567136911,1567165389,'产品事业部','河南省','骈卫国'),(747,'河南省济源市济世药业有限公司',0,'未成交',1567136971,'','','','','15978713450','','质量主任',3,0,',3,','','','','',NULL,NULL,0,NULL,1567136971,1567165389,'产品事业部','河南省','杨素琴'),(748,'河南辅仁堂制药有限公司',0,'未成交',1567137036,'','','','','13939470118','','质量副总',3,0,',3,','','','','',NULL,NULL,0,NULL,1567137036,1567165389,'产品事业部','河南省','张照彬'),(749,'佐今明制药股份公司',0,'未成交',1567137104,'','','','','13513734287','','实验室',3,0,',3,','','','','',NULL,NULL,0,NULL,1567137104,1567165358,'产品事业部','河南省','刘开丽'),(750,'天方药业有限公司',0,'未成交',1567740468,'','','','','13513968078','','质控部经理',3,8,',3,','','','','',NULL,NULL,0,'已跟进',1567137148,1567755132,'产品事业部','河南省','王文华'),(751,'河南羚锐制药股份有限公司（中药',0,'未成交',1567137192,'','','','','13903972212','','负责验证',3,0,',3,','','','','',NULL,NULL,0,NULL,1567137192,1567165358,'产品事业部','河南省','李奇'),(752,'河南蓝天药业有限公司',0,'未成交',1567137321,'','','','','18738822006','','QC',3,0,',3,','','','','',NULL,NULL,0,NULL,1567137321,1567165358,'产品事业部','河南省','王主任'),(753,'河南弘景药业有限公司',0,'未成交',1567137388,'','','','','13782316910','','',3,0,',3,','','','','',NULL,NULL,0,NULL,1567137388,1567165358,'产品事业部','河南省','王有才'),(754,'河南中杰药业有限公司',0,'未成交',1567740468,'','','','','15937324527','','质量经理',3,8,',3,','','','','',NULL,NULL,0,'已跟进',1567141089,1567755088,'产品事业部','河南省','黄存才'),(755,'河南润弘制药股份有限公司',0,'未成交',1567141141,'','','','','13598431067','','质保主任',3,0,',3,','','','','',NULL,NULL,0,NULL,1567141141,1567165358,'产品事业部','河南省','徐燕丽'),(756,'双鹤药业（商丘）有限责任公司',0,'未成交',1567141279,'','','','','18623851755','','质量负责人',3,0,',3,','','','','',NULL,NULL,0,NULL,1567141279,1567165358,'产品事业部','河南省','王秋丽'),(757,'上海现代哈森（商丘）药业有限公司',0,'未成交',1567141364,'','','','0370-6060953','03706060953','','QC主任',3,0,',3,','','','','',NULL,NULL,0,NULL,1567141364,1567165358,'产品事业部','河南省','于主任'),(758,'宁波市中药饮片（商丘）寿全斋有限公司',0,'未成交',1567141414,'','','','','18623869828','','QC',3,0,',3,','','','','',NULL,NULL,0,NULL,1567141414,1567165358,'产品事业部','河南省','何云峰'),(759,'河南东泰制药有限公司',0,'未成交',1567141479,'','','','','18637298953','','QC经理',3,0,',3,','','','','',NULL,NULL,0,NULL,1567141479,1567165358,'产品事业部','河南省','王海洲'),(760,'安阳市华安药业有限责任公司',0,'未成交',1567141541,'','','','0372-3683216','13937208887','','质量经理',3,0,',3,','','','','',NULL,NULL,0,NULL,1567141541,1567165358,'产品事业部','河南省','刘艳兰'),(761,'上海锦帝九州药业（安阳）有限公司',0,'未成交',1567141585,'','','','','18639142699','','质量副总',3,0,',3,','','','','',NULL,NULL,0,NULL,1567141585,1567165358,'产品事业部','河南省','宋庆和'),(762,'安阳路德药业有限责任公司',0,'未成交',1567141637,'','','','','13939161006','','副总',3,0,',3,','','','','',NULL,NULL,0,NULL,1567141637,1567165358,'产品事业部','河南省','赵世明'),(763,'安阳天助药业有限公司',0,'未成交',1567141775,'','','','','13937221644','','质量经理',3,0,',3,','','','','',NULL,NULL,0,NULL,1567141775,1567165358,'产品事业部','河南省','芦立新'),(764,'上海玉瑞生物科技（安阳）药业有限公司',0,'未成交',1567141902,'','','','0372-3662368','03723662368','','质量负责人',3,0,',3,','','','','',NULL,NULL,0,NULL,1567141902,1567165358,'产品事业部','河南省','崔部长'),(765,'三门峡赛诺维制药有限公司',0,'未成交',1567142000,'','','','0398-2806522','13343983230','','质量部经理',3,0,',3,','','','','',NULL,NULL,0,NULL,1567142000,1567165358,'产品事业部','河南省','屈志莲'),(766,'河南信心药业有限公司',0,'未成交',1567142084,'','','','','13607665856','','质量总监',3,0,',3,','','','','',NULL,NULL,0,NULL,1567142084,1567165358,'产品事业部','河南省','王钰'),(767,'河南双鹤华利药业有限公司',0,'未成交',1567142125,'','','','','13592155730','','质量经理',3,0,',3,','','','','',NULL,NULL,0,NULL,1567142125,1567165358,'产品事业部','河南省','李雄兵'),(768,'河南百年康鑫药业有限公司（周口）',0,'未成交',1567142231,'','','','0394-3193889','13839448792','','QA部长',3,0,',3,','','','','',NULL,NULL,0,NULL,1567142231,1567165358,'产品事业部','河南省','朱艳丽'),(769,'太康海恩药业有限公司',0,'未成交',1567142312,'','','','','15993259479','','QA部长',3,0,',3,','','','','',NULL,NULL,0,NULL,1567142312,1567165358,'产品事业部','河南省','魏东'),(770,'河南全宇制药股份有限公司',0,'未成交',1567142425,'','','','0377-65317838','13803770426','','质量部长',3,0,',3,','','','','',NULL,NULL,0,NULL,1567142425,1567165358,'产品事业部','河南省','朱俊丽'),(771,'漯河南街村全威制药股份有限公司',0,'未成交',1567142490,'','','','0395-3710555','15936621277','','质量部',3,0,',3,','','','','',NULL,NULL,0,NULL,1567142490,1567165358,'产品事业部','河南省','吴静'),(772,'漯河裕松源药业',0,'未成交',1567142533,'','','','','13721376017','','质量总监',3,0,',3,','','','','',NULL,NULL,0,NULL,1567142533,1567165358,'产品事业部','河南省','牛富川'),(773,'濮阳市汇元药业有限公司',0,'未成交',1567142589,'','','','','13525269776','','副总',3,0,',3,','','','','',NULL,NULL,0,NULL,1567142589,1567165358,'产品事业部','河南省','刑凤华'),(774,'开封市制药（集团）有限公司',0,'未成交',1567142655,'','','','0371-22738281','13460606347','','质量主任',3,0,',3,','','','','',NULL,NULL,0,NULL,1567142655,1567165358,'产品事业部','河南省','张宇'),(775,'开封康诺药业有限公司',0,'未成交',1567142722,'','','','0371-23390599','13503782675','','副总',3,0,',3,','','','','',NULL,NULL,0,NULL,1567142722,1567165358,'产品事业部','河南省','贾和平'),(776,'焦作中维特品药业有限公司',0,'未成交',1567142795,'','','','','18317275567','','质量授权人',3,0,',3,','','','','',NULL,NULL,0,NULL,1567142795,1567165358,'产品事业部','河南省','王黎黎'),(777,'保和堂（焦作）制药有限公司',0,'未成交',1567142842,'','','','','15670796086','','生产副总',3,0,',3,','','','','',NULL,NULL,0,NULL,1567142842,1567165358,'产品事业部','河南省','李顺仓'),(778,'广东仙草堂药业有限公司',0,'未成交',1567671094,'','','','','13450698153','','验证负责人',3,8,',3,','','','','',NULL,NULL,0,'已跟进',1567143006,1567691646,'产品事业部','广东省','程晓东'),(779,'贵州拜特药业有限公司',0,'未成交',1567174734,'','','','','18198215055','','质量负责人',3,9,',3,','','','','',NULL,NULL,0,'待跟进',1567143052,1567174734,'产品事业部','贵州省','李白玲'),(780,'海南灵康药业有限公司',0,'未成交',1567670339,'','','','','18889559806','','质量部负责人',3,8,',3,','','','','',NULL,NULL,0,'待跟进',1567143108,1567670339,'产品事业部','海南省','孙淑梅'),(781,'陕西生物制品有限公司',0,'未成交',1567740447,'','','','','13992669918','','质量部负责人',3,8,',3,','','','','',NULL,NULL,0,'待跟进',1567143183,1567740447,'产品事业部','陕西省','殷主任'),(782,'陕西世纪盛康药业有限公司',0,'未成交',1567740447,'','','','','18192189911','','生产车间主任',3,8,',3,','','','','',NULL,NULL,0,'待跟进',1567143221,1567740447,'产品事业部','陕西省','张经理'),(783,'武汉远大集团有限公司',0,'未成交',1567740364,'','','','','18827637484','','质量部负责人',3,8,',3,','','','','',NULL,NULL,0,'待跟进',1567143273,1567740364,'产品事业部','湖北省','陈劲'),(784,'云南金碧制药有限公司',0,'未成交',1567409181,'','','','','13887886737','','',3,9,'','','','','',0.00000000000,0.00000000000,0,'已跟进',1567143317,1567653024,'产品事业部','云南省','田云华'),(785,'云南印华生物药业有限公司',0,'未成交',1567409181,'','','','','13988844238','','质量部经理',3,0,',3,9,','','','','',NULL,NULL,0,'待跟进',1567143362,1567480476,'产品事业部','云南省','张小元'),(786,'云南名扬药业有限公司',0,'未成交',1567409181,'','','','','15969514430','','实验室负责人',3,9,',3,',',8,','','','',NULL,NULL,0,'待跟进',1567143405,1567409181,'产品事业部','云南省','胡田魁'),(787,'云南希陶绿色药业股份有限公司',0,'未成交',1567480878,'','','','','13708737851','','质量部负责人',3,8,',3,9,','','','','',0.00000000000,0.00000000000,0,'待跟进',1567143447,1567480878,'产品事业部','云南省','全治国'),(788,'武汉普生生物药业有限公司',0,'未成交',1567740364,'','','','','13971257737','','实验室主任',3,8,',3,','','','','',NULL,NULL,0,'待跟进',1567143502,1567740364,'产品事业部','湖北省','陈主任'),(789,'重庆华邦制药股份有限公司',0,'未成交',1567409145,'','','','','13983738180','','质量部负责人',3,9,',3,',',8,','','','',0.00000000000,0.00000000000,0,'已跟进',1567143590,1567663796,'产品事业部','重庆市','吴总'),(790,'重庆科瑞药业有限公司',0,'未成交',1567409145,'','','','','13627676568','','质量部负责人',3,9,',3,',',8,','','','',NULL,NULL,0,'待跟进',1567143629,1567409145,'产品事业部','重庆市','姚秀兰'),(791,'重庆康刻尔制药有限公司',0,'未成交',1567409145,'','','','','13896058570','','质量部负责人',3,9,',3,',',8,','','','',0.00000000000,0.00000000000,0,'已跟进',1567143806,1567668152,'产品事业部','重庆市','许小明'),(792,'重庆莱美药业股份有限公司',0,'未成交',1567409145,'','','','','13883442330','','质量部负责人',3,9,',3,',',8,','','','',0.00000000000,0.00000000000,0,'已跟进',1567143855,1567692189,'产品事业部','重庆市','罗仪兴'),(793,'重庆天圣药业有限公司',0,'未成交',1567409145,'','','','','13638246318','','质量部负责人',3,9,',3,',',8,','','','',NULL,NULL,0,'已跟进',1567143896,1567669368,'产品事业部','重庆市','杨小华'),(794,'福安药业集团庆余堂制药有限公司',0,'未成交',1567409145,'','','','','13627637625','','质保部经理',3,9,',3,',',8,','','','',0.00000000000,0.00000000000,0,'已跟进',1567143939,1567669558,'产品事业部','重庆市','张华虎'),(795,'重庆药友制药有限责任公司',0,'未成交',1567409146,'','','','','13883199028','','质量部经理，已离职去成都药业',3,9,',3,',',8,','','','',0.00000000000,0.00000000000,0,'已跟进',1567143977,1567586461,'产品事业部','重庆市','王远'),(796,'重庆西南药业有限公司',0,'未成交',1567409146,'','','','','13996022944','','质量部经理',3,0,',3,9,',',8,','','','',NULL,NULL,0,'待跟进',1567144017,1567653206,'产品事业部','重庆市','陈部长'),(797,'江西回音壁东亚药业有限公司',0,'未成交',1567740364,'','','','','13879435572','','质量经理',3,8,',3,','','','','',NULL,NULL,0,'待跟进',1567157304,1567740364,'产品事业部','江西省','乐欣'),(798,'重庆华森药业有限公司',0,'未成交',1567409146,'','','','','18827637484','','质量副总',3,9,',3,',',8,','','','',NULL,NULL,0,'已跟进',1567157352,1567653548,'产品事业部','重庆市','陈劲'),(799,'江西施美药业有限公司',0,'未成交',1567740364,'','','','','15879519768','','质量副总',3,8,',3,','','','','',NULL,NULL,0,'已跟进',1567157391,1567756950,'产品事业部','江西省','付昌化'),(800,'爱信艾美大连生物制品有限公司',0,'未成交',1567740364,'','','','','18640955021','','质量经理',3,8,',3,','','','','',NULL,NULL,0,'待跟进',1567157439,1567740364,'产品事业部','辽宁省','杨老师'),(801,'重庆植恩药业有限公司',0,'未成交',1567409146,'','','','','17823805959','','QC负责人',3,9,',3,',',8,','','','',0.00000000000,0.00000000000,0,'已跟进',1567157489,1567654544,'产品事业部','重庆市','李堃'),(802,'海南三叶药业有限公司',0,'未成交',1567670775,'','','','','13208972555','','质量经理',3,8,',3,','','','','',NULL,NULL,0,'待跟进',1567157531,1567670775,'产品事业部','海南省','吴小满'),(803,'徐州第五制药厂有限公司',0,'未成交',1567740364,'','','','','18952583702','','质量副总',3,8,',3,','','','','',NULL,NULL,0,'待跟进',1567157573,1567740364,'产品事业部','河南省','马继超'),(804,'重庆三大伟业制药有限公司',0,'未成交',1567409146,'','','','','13452696353','','验证经理',3,9,',3,',',8,','','','',0.00000000000,0.00000000000,0,'已跟进',1567157610,1567655694,'产品事业部','重庆市','张经理'),(805,'重庆圣华曦药业股份有限公司',0,'未成交',1567740828,'','','','','18580574396','','质量经理',3,8,',3,9,',',8,','','','',0.00000000000,0.00000000000,0,'已跟进',1567157652,1567753543,'产品事业部','重庆市','朱才华'),(806,'北大医疗集团有限公司',0,'未成交',1567740381,'','','','','13983862115','','质量副总',3,8,',3,','','','','',NULL,NULL,0,'待跟进',1567157711,1567740381,'产品事业部','北京市','张总'),(807,'重庆天地药业有限责任公司',0,'未成交',1567409146,'','','','','13996079206','','验证经理',3,9,',3,',',8,','','','',0.00000000000,0.00000000000,0,'已跟进',1567157772,1567656030,'产品事业部','重庆市','贾小光'),(808,'重庆赛维药业有限公司',0,'未成交',1567409136,'','','','','13638315098','','质量副总',3,9,',3,',',8,','','','',NULL,NULL,0,'待跟进',1567157889,1567409136,'产品事业部','重庆市','五春'),(809,'江西宏浩中药饮片有限公司',0,'未成交',1567740381,'','','','','13755852946','','质量副总',3,8,',3,','','','','',NULL,NULL,0,'待跟进',1567157934,1567740381,'产品事业部','江西省','彭林'),(810,'海南康芝药业有限公司',0,'未成交',1567670775,'','','','','15830759988','','副总 ',3,8,',3,','','','','',NULL,NULL,0,'已跟进',1567157992,1567739545,'产品事业部','海南省','高奇栓'),(811,'福建南少林药业有限公司',0,'未成交',1567740381,'','','','','13696824985','','副总',3,8,',3,','','','','',NULL,NULL,0,'待跟进',1567158035,1567740381,'产品事业部','福建省','高亮'),(812,'福建天人药业有限公司',0,'未成交',1567740381,'','','','','15759330932','','QC经理',3,8,',3,','','','','',NULL,NULL,0,'待跟进',1567158071,1567740381,'产品事业部','福建省','江老师'),(813,'兴安药业有限公司',0,'未成交',1567740381,'','','','','18605945413','','质量经理',3,8,',3,','','','','',NULL,NULL,0,'待跟进',1567158121,1567740381,'产品事业部','福建省','王进华'),(814,'安徽中恒本草药业有限公司',0,'未成交',1567740381,'','','','','15240135352','','QC主任',3,8,',3,','','','','',NULL,NULL,0,'待跟进',1567158160,1567740381,'产品事业部','安微省','傅敏'),(815,'福建延寿堂药业有限公司',0,'未成交',1567740397,'','','','','18359760306','','质量副总',3,8,',3,','','','','',NULL,NULL,0,'待跟进',1567158197,1567740397,'产品事业部','福建省','余月华'),(816,'福建闽东力捷讯药业有限公司',0,'未成交',1567740397,'','','','','13105952597','','质量副总',3,8,',3,','','','','',NULL,NULL,0,'已跟进',1567158246,1567756872,'产品事业部','福建省','乐总'),(817,'四川依科制药有限公司',0,'未成交',1567409091,'','','','','18086809909','','研发副总',3,9,',3,',',8,','','','',0.00000000000,0.00000000000,0,'已跟进',1567158286,1567670299,'产品事业部','四川省','陈总'),(818,'江西普正药业有限公司',0,'未成交',1567740397,'','','','','15779657899','','质量经理',3,8,',3,','','','','',NULL,NULL,0,'已跟进',1567158429,1567756910,'产品事业部','江西省','贾天亮'),(819,'江西大地药业有限公司',0,'未成交',1567740397,'','','','','15079952935','','质量经理',3,8,',3,','','','','',NULL,NULL,0,'待跟进',1567158467,1567740397,'产品事业部','江西省','张峰彪'),(820,'江西三绮药业有限公司',0,'未成交',1567740397,'','','','','13970969117','','QC主任',3,8,',3,','','','','',NULL,NULL,0,'待跟进',1567158502,1567740397,'产品事业部','江西省','夏巨'),(821,'湖南岳阳新华达药业有限公司',0,'未成交',1567740397,'','','','','13207300180','','技术总工',3,8,',3,','','','','',NULL,NULL,0,'待跟进',1567158677,1567740397,'产品事业部','湖南省','舒森'),(822,'湖南康普药业有限公司',0,'未成交',1567740415,'','','','','13974228545','','副总',3,8,',3,','','','','',NULL,NULL,0,'待跟进',1567158713,1567740415,'产品事业部','湖南省','李多娇'),(823,'江西博雅欣和药业有限公司',0,'未成交',1567740415,'','','','','15094323060','','研发副总',3,8,',3,','','','','',NULL,NULL,0,'待跟进',1567158752,1567740415,'产品事业部','江西省','刘亚军'),(824,'上海现代药业海门有限公司',0,'未成交',1567740415,'','','','','15062716400','','QC经理',3,8,',3,','','','','',NULL,NULL,0,'待跟进',1567158798,1567740415,'产品事业部','上海市','吴涛'),(825,'贵州科晖药业有限公司',0,'未成交',1567174734,'','','','','15885525252','','质量负责人',3,9,',3,','','','','',NULL,NULL,0,'待跟进',1567158852,1567174734,'产品事业部','贵州省','李凤'),(826,'贵州光正药业有限公司',0,'未成交',1567174734,'','','','','18985139959','','常务副总',3,9,',3,','','','','',NULL,NULL,0,'已跟进',1567159335,1567417950,'产品事业部','贵州省','阮国永'),(827,'黄果树立爽药业有限公司',0,'未成交',1567174734,'','','','','18985005826','','质量负责人',3,9,',3,','','','','',NULL,NULL,0,'待跟进',1567159371,1567174734,'产品事业部','贵州省','张新凤'),(828,'贵州济生制药有限公司',0,'未成交',1567174716,'','','','','13639018725','','质量负责人',3,9,'','','','','',0.00000000000,0.00000000000,0,'已跟进',1567159410,1567417253,'产品事业部','贵州省','任总'),(829,'贵州景峰注射剂有限公司',0,'未成交',1567174716,'','','','','13809459797','','质量负责人',3,9,'','','','','',0.00000000000,0.00000000000,0,'已跟进',1567159446,1567417448,'产品事业部','贵州省','毕昌琼'),(830,'贵州金桥药业有限公司',0,'未成交',1567174715,'','','','','13985531882','','化验室负责人',3,9,'','','','','',NULL,NULL,0,'待跟进',1567159486,1567174715,'产品事业部','贵州省','童志宏 '),(831,'贵州绿太阳制药有限公司',0,'未成交',1567174715,'','','','','13984093305','','质量部负责人',3,9,'','','','','',NULL,NULL,0,'已跟进',1567159525,1567671524,'产品事业部','贵州省','苟总'),(832,'昆明南疆制药有限公司',0,'未成交',1567409182,'','','','','15025127767','','质量经理',3,9,',3,','','','','',0.00000000000,0.00000000000,0,'已跟进',1567159594,1567480384,'产品事业部','云南省','张家培'),(833,'大理中药药业有限公司',0,'未成交',1567480878,'','','','','18788556229','','质量经理',3,8,',3,9,','','','','',NULL,NULL,0,'已跟进',1567159702,1567651734,'产品事业部','云南省','毕春梅'),(834,'贵州德良方药业有限公司',0,'未成交',1567174715,'','','','','15585994566','','质量经理',3,9,',3,','','','','',NULL,NULL,0,'待跟进',1567159739,1567174715,'产品事业部','贵州省','黄河'),(835,'安徽宏业制药有限公司',0,'未成交',1567740415,'','','','','13053117827','','研发副总',3,8,',3,','','','','',NULL,NULL,0,'待跟进',1567159775,1567740415,'产品事业部','安微省','王老师'),(836,'安徽普洛康药业药业有限公司',0,'未成交',1567740415,'','','','','18356651450','','质量经理',3,8,',3,','','','','',NULL,NULL,0,'待跟进',1567159821,1567740415,'产品事业部','安微省','叶贤群'),(837,'安徽环球药业有限公司公司',0,'未成交',1567740415,'','','','','15056357036','','质量经理',3,8,',3,','','','','',NULL,NULL,0,'待跟进',1567159858,1567740415,'产品事业部','安微省','陈珍珍'),(838,'安徽涂山丰原药业有限公司',0,'未成交',1567740415,'','','','','13085520852','','QC经理',3,8,',3,','','','','',NULL,NULL,0,'待跟进',1567159895,1567740415,'产品事业部','安微省','宋长威'),(839,'云南特安呐制药股份有限公司',0,'未成交',1567409182,'','','','','15126872570','','质量副总，让联系qc经理陈老师13987068373',3,9,',3,','','','','',0.00000000000,0.00000000000,0,'已跟进',1567159965,1567664650,'产品事业部','云南省','孙世娟'),(840,'贵州汉方子公司',0,'未成交',1567160010,'','','','','18984579517','','QC经理',3,0,',3,','','','','',NULL,NULL,0,NULL,1567160010,1567165358,'产品事业部','贵州省','冯鹅'),(841,'湖北会中药业有限公司',0,'未成交',1567740447,'','','','','13986428938','','质量负责人',3,8,',3,','','','','',NULL,NULL,0,'已跟进',1567160054,1567756725,'产品事业部','湖北省','汪细强'),(842,'山东新华鲁抗药业有限公司',0,'未成交',1567740447,'','','','','15064038279','','QC经理',3,8,',3,','','','','',NULL,NULL,0,'待跟进',1567160111,1567740447,'产品事业部','山东省','高英函'),(843,'广东众生药业股份有限公司',0,'未成交',1567740857,'','','','','13418205325','','QC经理',3,9,',3,','','','','',0.00000000000,0.00000000000,0,'已跟进',1567160170,1567740928,'产品事业部','广东省','徐源'),(844,'安徽双科药业有限公司',0,'未成交',1567740447,'','','','','13696530923','','质量部经理',3,8,',3,','','','','',NULL,NULL,0,'已跟进',1567160218,1567755914,'产品事业部','安微省','夏宝珍'),(845,'福牌阿胶',0,'未成交',1567740447,'','','','','13877330401','','实验室',3,8,',3,','','','','',NULL,NULL,0,'待跟进',1567160270,1567740447,'产品事业部','福建省','雷宇飞'),(846,'海南海神同洲药业有限公司',0,'未成交',1567670775,'','','','','13876340705','','质量授权人',3,8,',3,','','','','',NULL,NULL,0,'待跟进',1567160363,1567670775,'产品事业部','海南省','林林'),(847,'安徽天长亿帆药业有限公司',0,'未成交',1567740447,'','','','','13721014023','','QC主任',3,8,',3,','','','','',NULL,NULL,0,'待跟进',1567160409,1567740447,'产品事业部','安微省','赵建梅'),(848,'安徽华威药业有限公司',0,'未成交',1567740467,'','','','','13856052486','','质量部负责人',3,8,',3,','','','','',NULL,NULL,0,'已跟进',1567160459,1567755293,'产品事业部','安微省','冉帆'),(849,'吉林长源药业有限公司',0,'未成交',1567339745,'B（普通客户）','生产','转介绍','','13324311537','','',14,14,'','','','','',NULL,NULL,0,'已跟进',1567339745,1567746710,'产品事业部','吉林省','李华'),(850,'湖南天劲制药有限责任公司',0,'未成交',1567390181,'C（非优先客户）','生产','公司资源','','15073116831','','客户对DMS感兴趣   说回去商量一下  在沟通具体细节',7,7,'','','','','',0.00000000000,0.00000000000,1568217600,'已跟进',1567390181,1567644676,'产品事业部','湖南省','苏雪萍'),(851,'贵州地道药业有限公司',0,'未成交',1567413020,'B（普通客户）','生产','','','15329308489','','质量负责人',9,9,'',',8,','','','',NULL,NULL,0,NULL,1567413020,1567413020,'产品事业部','贵州省','杨勇'),(852,'贵州景诚制药有限公司',0,'未成交',1567417329,'B（普通客户）','生产','','','15185165332','','质量授权人',9,9,'','','','','',NULL,NULL,0,'已跟进',1567417329,1567417391,'产品事业部','贵州省','杨志华'),(853,'贵州飞云岭药业股份有限公司',0,'未成交',1567417765,'B（普通客户）','生产','','','15085693031','','质量副总',9,9,'','','','','',NULL,NULL,0,'已跟进',1567417765,1567417820,'产品事业部','贵州省','韦小易'),(854,'湖南圆通药业有限公司',0,'未成交',1567472190,'C（非优先客户）','生产','公司资源','','17352874828','','单机版  1台气相  1台液相 都是安捷伦的硬盘备份  暂时不考虑  计算机化系统验证没有做 ',7,7,'','','','','',NULL,NULL,0,NULL,1567472190,1567472190,'产品事业部','湖南','雷  伟'),(855,'湖南康都制药有限公司祁阳分公司',0,'未成交',1567473170,'B（普通客户）','','公司资源','','18075875096','','',7,7,'','','','','',NULL,NULL,1568217600,'已跟进',1567473170,1567644552,'产品事业部','湖南','阳菊香'),(856,'湖南赛隆药业有限公司',0,'未成交',1567475372,'C（非优先客户）','生产','公司资源','','18073101902','','客户实验室设备比较多  新厂设备都是科技化  打算做计算机化系统验证，现在比较忙    一俩天在联系',7,7,'','','','','',0.00000000000,0.00000000000,1568217600,'已跟进',1567475372,1567644338,'产品事业部','湖南','邓拥军'),(857,'山东益康药业股份有限公司',0,'已成交',1567476671,'A（重点客户）','生产','','','13561174528','','',11,11,'','','山东省\n枣庄市\n滕州市','','',0.00000000000,0.00000000000,0,'已跟进',1567476671,1567476762,'产品事业部','山东','满其永'),(858,'康普药业股份有限公司',0,'未成交',1567479075,'B（普通客户）','生产','公司资源','','13873250181','','安捷伦 10多台   考虑DMS 计算机化系统验证也没有做',7,7,'','','','','',NULL,NULL,1568217600,'已跟进',1567479075,1567644176,'产品事业部','湖南','刘绍明'),(859,'山西佳能达华禹制药有限公司',0,'未成交',1567493050,'B（普通客户）','生产','','','13934889806','','自己做了简单的验证，并且已经通过认证。',11,11,'','','','','',NULL,NULL,0,'已跟进',1567493050,1567522803,'产品事业部','山西 ','王瑞红'),(860,'潍坊市海欣药业有限公司',0,'未成交',1567494668,'','生产','','','13770052493','','',11,11,'','','','','',NULL,NULL,0,NULL,1567494668,1567494668,'产品事业部','山东','徐春修'),(861,'贵州万胜药业有限责任公司',0,'未成交',1567495429,'B（普通客户）','生产','','','15286124598','','QC负责人',9,9,'','','','','',0.00000000000,0.00000000000,0,'已跟进',1567495429,1567495573,'产品事业部','贵州省','黄春凤'),(862,'四川协力制药股份有限公司',0,'未成交',1567495749,'','','','','15828426949','','QA',3,3,'','','','','',NULL,NULL,0,NULL,1567495749,1567495749,'产品事业部','四川省','蔡砾瑶'),(863,'四川宝鉴堂药业有限公司',0,'未成交',1567495794,'','','','','13678018605','','车间主任',3,3,'','','','','',NULL,NULL,0,NULL,1567495794,1567495794,'产品事业部','四川省','杜  刚'),(864,'成都博跃生物科技有限公司',0,'未成交',1567495842,'','','','','13980752274','','总经理',3,3,'','','','','',NULL,NULL,0,NULL,1567495842,1567495842,'产品事业部','四川省','何  博'),(865,'成都苑东',0,'未成交',1567495883,'','','','','15882173630','','生产总监',3,3,'','','','','',NULL,NULL,0,NULL,1567495883,1567495883,'产品事业部','四川省','韩  琳'),(866,'重庆精准生物技术有限公司',0,'未成交',1567495949,'','','','','15922969680','','',3,3,'','','','','',NULL,NULL,0,NULL,1567495949,1567495949,'产品事业部','重庆市','徐怀龙'),(867,'西医药控股集团天宁制药有限公司',0,'未成交',1567496002,'','','','','13991061230','','经理',3,3,'','','','','',NULL,NULL,0,NULL,1567496002,1567496002,'产品事业部','重庆市','高文平'),(868,'成都蜀西制药有限公司',0,'未成交',1567496183,'','','','','13541174069','','QA',3,3,'','','','','',NULL,NULL,0,NULL,1567496183,1567496183,'产品事业部','四川省','毛陈惠'),(869,'成都盛迪',0,'未成交',1567496258,'','','','','15708483692','','技术人员',3,3,'','','','','',NULL,NULL,0,NULL,1567496258,1567496258,'产品事业部','四川省','林永强'),(870,'四川海思科制药有限公司',0,'未成交',1567496368,'','','','','18981833039','','验证主管',3,3,'','','','','',NULL,NULL,0,NULL,1567496368,1567496368,'产品事业部','四川省','黄学义'),(871,'四川科伦博泰生物医药股份有限公司',0,'未成交',1567496517,'','','','','13689003171','','车间主管',3,3,'','','','','',NULL,NULL,0,NULL,1567496517,1567496517,'产品事业部','四川省','王东海'),(872,'贵州家诚药业有限责任公司',0,'未成交',1567496558,'B（普通客户）','生产','','','18085214321','','生产负责人',9,9,'','','','','',NULL,NULL,0,'已跟进',1567496558,1567496588,'产品事业部','贵州省','付维江'),(873,'贵州特色制药有限责任公司',0,'未成交',1567497687,'B（普通客户）','生产','','','15185456370','','质量负责人',9,9,'','','','','',NULL,NULL,0,'已跟进',1567497687,1567497709,'产品事业部','贵州省','林泽武'),(874,'大连德泽药业有限公司 ',0,'未成交',1567517605,'','生产','','','13942617279','','自己已做CSV验证，仪器厂家来做的，已加微信发本公司PPT。\n',30,30,'','','辽宁省\n大连市\n金州区','','辽宁省大连市金州区光明街道迎宾路12号',0.00000000000,0.00000000000,0,NULL,1567517605,1567517605,'产品事业部','辽宁','殷晓菲（化验室主任）'),(875,'本溪恒康制药有限公司 ',0,'未成交',1567517754,'','','','','13066751058','','已加微信，发PPT\n',30,30,'','','辽宁省\n本溪市\n','','本溪经济技术开发区神农大街30',0.00000000000,0.00000000000,0,NULL,1567517754,1567517754,'产品事业部','辽宁','谢志梅（质量负责人）'),(876,'贵州泛特尔生物技术有限公司',0,'未成交',1567582670,'B（普通客户）','','','','18785047584','','汉方子公司',9,9,'','','','','',NULL,NULL,0,'已跟进',1567582670,1567582688,'产品事业部','贵州省','廖红军'),(877,'贵阳润丰制药有限公司',0,'未成交',1567582756,'B（普通客户）','生产','','','13984857282','','质量负责人',9,9,'','','','','',NULL,NULL,0,'已跟进',1567582756,1567582776,'产品事业部','贵州省','段周刚'),(878,'贵州浩诚药业有限公司',0,'未成交',1567582985,'B（普通客户）','生产','','','13984391086','','',9,9,'','','','','',NULL,NULL,0,'已跟进',1567582985,1567582999,'产品事业部','贵州省','邹旋'),(879,'山西晋阳制药厂',0,'未成交',1567583173,'B（普通客户）','生产','转介绍','','13934041138','','',14,14,'','','','','',NULL,NULL,0,'已跟进',1567583173,1567583204,'产品事业部','山西省','李晓红'),(880,'上海海虹实业（集团）巢湖今辰药业有限公司',0,'未成交',1567587056,'A（重点客户）','生产','','','13966327476','','',8,8,'','','','','',NULL,NULL,0,'已跟进',1567587056,1567587628,'产品事业部','安徽','黄斌'),(881,'山东鲁宁药业有限公司',0,'未成交',1567587646,'','','','','0546-7720225','','',11,11,'','','','','',NULL,NULL,0,'已跟进',1567587646,1567587899,'产品事业部','山东','刘泳'),(882,'哈尔滨市康隆药业有限责任公司',0,'未成交',1567645470,'A（重点客户）','生产','电话咨询','','15124545056','','wms计算机化系统验证',6,6,'','','','','',NULL,NULL,0,NULL,1567645470,1567645470,'产品事业部','黑龙江','刘晓丽'),(883,'深圳赛诺菲巴斯德生物制品有限公司',0,'未成交',1567647297,'','','','','13543261658','','IT经理',3,3,'','','','','',NULL,NULL,0,NULL,1567647297,1567647297,'产品事业部','深圳市','黄家硬'),(884,'四川汇宇制药有限公司',0,'未成交',1567647480,'','','','','13657689750','','IT',3,3,'','','','','',NULL,NULL,0,NULL,1567647480,1567647480,'产品事业部','四川省','肖  鹏'),(885,'山东仙河药业有限公司',0,'未成交',1567649176,'','','','','15666383568','','',11,11,'','','','','',NULL,NULL,0,NULL,1567649176,1567649176,'产品事业部','山东','姜亮'),(886,'山东凤凰制药股份有限公司',0,'未成交',1567650858,'B（普通客户）','生产','','','13864785289','','',11,11,'','','','','',0.00000000000,0.00000000000,0,'已跟进',1567650858,1567653977,'产品事业部','山东','娄春艳'),(887,'东营天东制药有限公司',0,'未成交',1567654045,'','','','','0546-7791097','','',11,11,'','','','','',NULL,NULL,0,'已跟进',1567654045,1567654128,'产品事业部','山东','薄晓霞'),(888,'湖南守护神制药有限公司',0,'未成交',1567665027,'B（普通客户）','生产','转介绍','','13786156668','','DMS单机版+计算机化系统验证',6,6,'','','','','',NULL,NULL,0,NULL,1567665027,1567665027,'产品事业部','湖南省','魏老师'),(889,'蓬莱诺康药业有限公司',0,'未成交',1567667903,'','','','0535-3733599','15965168106','','',11,11,'','','','','',NULL,NULL,0,'已跟进',1567667903,1567668086,'产品事业部','山东','耿庆华'),(890,'广州白云山星群（药业）股份有限公司',0,'未成交',1567670506,'B（普通客户）','生产','公司资源','','13570428000','','',12,12,'','','','','',NULL,NULL,1567699200,'已跟进',1567670506,1567692002,'产品事业部','广东省','王彬彬'),(891,'百奥泰生物制药股份有限公司',0,'未成交',1567671773,'B（普通客户）','生产','转介绍','','15915825302','','',12,12,'','','','','',NULL,NULL,0,'已跟进',1567671773,1567672056,'产品事业部','广东省','吴文鑫'),(892,'贵州源和药业有限公司',0,'未成交',1567671880,'B（普通客户）','生产','','','15185143218','副总经理','',9,9,'','','','','',NULL,NULL,0,'已跟进',1567671880,1567739011,'产品事业部','贵州省','罗江'),(893,'广州白云山汉方现代药业有限公司',0,'未成交',1567672381,'B（普通客户）','生产','公司资源','','18928960495','','',12,12,'','','','','',NULL,NULL,0,'已跟进',1567672381,1567691503,'产品事业部','广东省','黄程程'),(894,'深圳立健药业有限公司',0,'未成交',1567672713,'B（普通客户）','生产','公司资源','','13828778685','','',12,12,'','','','','',NULL,NULL,0,'已跟进',1567672713,1567672835,'产品事业部','广东省','高春花'),(895,'四川华星药业有限公司',0,'未成交',1567674038,'','','','','13980765827','','QA组长',3,3,'','','','','',NULL,NULL,0,NULL,1567674038,1567674038,'产品事业部','四川省','张辰雨'),(896,'赤峰万泽药业股份有限公司',0,'未成交',1567678851,'A（重点客户）','','转介绍','','13304761304','','',7,7,'','','','','',NULL,NULL,1568217600,'已跟进',1567678851,1567751375,'产品事业部','内蒙赤峰','张海立'),(897,'安徽国正药业有限公司',0,'未成交',1567683015,'B（普通客户）','生产','转介绍','','13865963539','','',14,14,'','','','','',NULL,NULL,0,'已跟进',1567683015,1567746752,'产品事业部','安徽省 ','王军'),(898,'黑龙江参鸽药业有限公司',0,'未成交',1567683740,'','','','','18604075406','','经电话沟通，之前与咱家有过联系（销售同事），对计算机化CSV验证感兴趣，后来由于货比三家，没有选择咱家。介绍了下咱家DBS自动备份系统及DMS软件。她对DBS自动备份系统感兴趣，预算不足，暂时不能上，后期可以跟踪下。',30,30,'','','黑龙江省\n齐齐哈尔市\n富拉尔基区','','黑龙江省齐齐哈尔市富拉尔基区开发区纬四路南纬五路北',0.00000000000,0.00000000000,0,NULL,1567683740,1567683740,'产品事业部','黑龙江省','朱凤堂（质量负责人）'),(899,'普邦明胶龙江有限公司',0,'未成交',1567684425,'','','','','15174507622','','有计算机化CSV验证需求，贵公司现上级领导不批这个项目（公司没有钱），待后期有钱在来做验证项目。',30,30,'','','黑龙江省\n齐齐哈尔市\n','','黑龙江省齐齐哈尔市讷河市孔国乡信义村',0.00000000000,0.00000000000,0,NULL,1567684425,1567684425,'产品事业部','黑龙江省','冯浩'),(900,'牡丹江恒远药业股份有限公司',0,'未成交',1567684737,'','','','','13604539197','','经电话沟通，贵公司已找第三方来做的CSV验证，互加微信，留有联系方式。已发本公司PPT 后期有别的需求会电话联系。',30,30,'','','黑龙江省\n牡丹江市\n','','黑龙江省牡丹江市爱民区大庆街332号',0.00000000000,0.00000000000,0,'已跟进',1567684737,1567691204,'产品事业部','黑龙江省','张永文（质量）'),(901,'黑龙江仁合堂药业有限责任公司',0,'未成交',1567685482,'','','','','13836372266','','经电话沟通，贵公司已找安捷伦、赛默飞仪器厂家来做CSV验证项目，上个月刚换完证，已加微信，互留联系方式，并发本公司PPT，后续有需求会联系。',30,30,'','','黑龙江省\n牡丹江市\n','','黑龙江省牡丹江市爱民区八达村西',0.00000000000,0.00000000000,0,NULL,1567685482,1567685482,'产品事业部','黑龙江省','安柏晶（副总）'),(902,'牡丹江灵泰药业股份有限公司',0,'未成交',1567687575,'','','','','18714530529','','经电话沟通，有欧盟认证需求。现厂房未建，已拿完地。后期可以跟进下。',30,30,'','','黑龙江省\n牡丹江市\n','','黑龙江省牡丹江市东安区东长安街34号',0.00000000000,0.00000000000,0,NULL,1567687575,1567687575,'产品事业部','黑龙江省','王艳美'),(903,'黑龙江省地纳制药有限公司',0,'未成交',1567688100,'','','','','18645524098','','已发公司PPT，互留联系方式，部门没有做预算，暂时没有需求。',30,30,'','','黑龙江省\n绥化市\n庆安县','','黑龙江省庆安县新胜工业开发区',0.00000000000,0.00000000000,0,NULL,1567688100,1567688100,'产品事业部','黑龙江省','刘亚范（部长）'),(904,'黑龙江吴氏济民制药有限公司',0,'未成交',1567688528,'','','','','18245526736','','公司资金方面欠缺，想做计算机化系统CSV验证，互留联系方式，有需求会电话联系。',30,30,'','','黑龙江省\n绥化市\n','','安达市综合经济开发区(安东新区安东六路以北,安东一大道以东)',0.00000000000,0.00000000000,0,NULL,1567688528,1567688528,'产品事业部','黑龙江省','吴凤芝（化验室部长）'),(905,'烟台天正药业有限公司',0,'未成交',1567735271,'B（普通客户）','','','','0535-8019868','','',11,11,'','','','','',NULL,NULL,0,'已跟进',1567735271,1567735375,'产品事业部','山东','王老师'),(906,'江苏美通制药有限公司',0,'未成交',1567736777,'A（重点客户）','生产','公司资源','','18752608811','','',8,8,'','','','','',NULL,NULL,0,'已跟进',1567736777,1567736862,'产品事业部','江苏','赵云龙'),(907,'烟台巨先药业有限公司',0,'未成交',1567737844,'','','','','18615010575','','',11,11,'','','','','',NULL,NULL,0,'已跟进',1567737844,1567738051,'产品事业部','山东','陈慧敏'),(908,'烟台元生药业有限公司',0,'未成交',1567738790,'','','','','0535-2135356','','465455294@qq.com',11,11,'','','','','',NULL,NULL,0,'已跟进',1567738790,1567738874,'产品事业部','山东','杨培景'),(909,'烟台东方神州生物技术有限公司',0,'未成交',1567739288,'','','','','0535-3458629','','',11,11,'','','','','',NULL,NULL,0,'已跟进',1567739288,1567739400,'产品事业部','山东','唐芹英'),(910,'贵州金宇药业有限公司',0,'未成交',1567740393,'B（普通客户）','生产','','','13511965994','','质量部经理',9,9,'','','','','',NULL,NULL,0,'已跟进',1567740393,1567740533,'产品事业部','贵州省','刘应旭'),(911,'贵州宝芝林制药有限公司',0,'未成交',1567742513,'B（普通客户）','生产','','','085185765665','','质量部负责人',9,9,'','','','','',NULL,NULL,0,'已跟进',1567742513,1567742717,'产品事业部','贵州省','郭老师'),(912,'湖北太子药业有限公司',0,'未成交',1567750428,'B（普通客户）','生产','转介绍','','18671613696','','',6,6,'','','','','',NULL,NULL,0,NULL,1567750428,1567750428,'产品事业部','湖北','吴老师'),(913,'京山瑞生制药有限公司',0,'未成交',1567750509,'B（普通客户）','生产','转介绍','','18727595954','','',6,6,'','','','','',NULL,NULL,0,NULL,1567750509,1567750509,'产品事业部','湖北','潘军'),(914,'烟台万润药业有限公司',0,'未成交',1567751220,'','','','','0535-6977265','','',11,11,'','','','','',NULL,NULL,0,'已跟进',1567751220,1567751282,'产品事业部','山东','石老师'),(915,'烟台东诚大洋制药有限公司',0,'未成交',1567751525,'','','','','15688621065','','质量部负责人片剂、硬胶囊剂、颗粒剂、滴丸剂***烟台经济技术开发区天津北路22-1号：片剂、硬胶囊剂、颗粒剂、滴丸剂***',11,11,'','','','','',NULL,NULL,1567958400,'已跟进',1567751525,1567751567,'产品事业部','山东','冯景辉'),(916,'烟台荣昌制药股份有限公司',0,'未成交',1567753503,'','','','05356380553','13964543628','','QC，质量负责人李皓',11,11,'','','','','',NULL,NULL,0,'已跟进',1567753503,1567753587,'产品事业部','山东','张 杰'),(917,'FMCBilPllymer',0,'未成交',1567756683,'','','','021-58950258','021-58950258','','',3,3,'','','','','',NULL,NULL,0,NULL,1567756683,1567756683,'产品事业部','四川','周鹏'),(918,'艾斯特生物医药',0,'未成交',1567756757,'','','','028-82666873','028-82666873','','',3,3,'','','','','',NULL,NULL,0,NULL,1567756757,1567756757,'产品事业部','四川','张应花'),(919,'爱斯特（成都）生物医药有限公司',0,'未成交',1567757492,'','','','028-82666873','028-82666873','','',3,3,'','','','','',NULL,NULL,0,NULL,1567757492,1567757492,'产品事业部','四川','韩卫华'),(920,'爱斯特生物制药',0,'未成交',1567757492,'','','','028-82666525','028-82666525','','',3,3,'','','','','',NULL,NULL,0,NULL,1567757492,1567757492,'产品事业部','四川','樊老师'),(921,'安康北医大制药股份有限公司',0,'未成交',1567757492,'','','','0915-3323128','0915-3323128','','',3,3,'','','','','',NULL,NULL,0,NULL,1567757492,1567757492,'产品事业部','四川','高春晖'),(922,'拜耳（四川）动物保健有限公司',0,'未成交',1567758055,'','','','028-65068461','13550279778','','',3,3,'','','','','',NULL,NULL,0,NULL,1567758055,1567758055,'产品事业部','四川','饶德菊'),(923,'拜耳医药保健有限公司',0,'未成交',1567758055,'','','','','13981781835','','',3,3,'','','','','',NULL,NULL,0,NULL,1567758055,1567758055,'产品事业部','四川','杨业');
/*!40000 ALTER TABLE `5kcrm_crm_customer` ENABLE KEYS */;
UNLOCK TABLES;

--
-- Table structure for table `5kcrm_crm_customer_file`
--

DROP TABLE IF EXISTS `5kcrm_crm_customer_file`;
/*!40101 SET @saved_cs_client     = @@character_set_client */;
 SET character_set_client = utf8mb4 ;
CREATE TABLE `5kcrm_crm_customer_file` (
  `r_id` int(11) NOT NULL AUTO_INCREMENT,
  `customer_id` int(11) NOT NULL COMMENT '客户ID',
  `file_id` int(11) NOT NULL COMMENT '附件ID',
  PRIMARY KEY (`r_id`)
) ENGINE=InnoDB DEFAULT CHARSET=utf8 COMMENT='客户附件关系表';
/*!40101 SET character_set_client = @saved_cs_client */;

--
-- Dumping data for table `5kcrm_crm_customer_file`
--

LOCK TABLES `5kcrm_crm_customer_file` WRITE;
/*!40000 ALTER TABLE `5kcrm_crm_customer_file` DISABLE KEYS */;
/*!40000 ALTER TABLE `5kcrm_crm_customer_file` ENABLE KEYS */;
UNLOCK TABLES;

--
-- Table structure for table `5kcrm_crm_leads`
--

DROP TABLE IF EXISTS `5kcrm_crm_leads`;
/*!40101 SET @saved_cs_client     = @@character_set_client */;
 SET character_set_client = utf8mb4 ;
CREATE TABLE `5kcrm_crm_leads` (
  `leads_id` int(11) NOT NULL AUTO_INCREMENT,
  `customer_id` int(11) NOT NULL DEFAULT '0' COMMENT '线索转化为客户ID',
  `is_transform` tinyint(1) NOT NULL DEFAULT '0' COMMENT '1已转化',
  `name` varchar(255) CHARACTER SET utf8 COLLATE utf8_general_ci DEFAULT NULL COMMENT '线索名称',
  `source` varchar(500) CHARACTER SET utf8 COLLATE utf8_general_ci DEFAULT '个人资源' COMMENT '线索来源',
  `telephone` varchar(255) CHARACTER SET utf8 COLLATE utf8_general_ci DEFAULT NULL COMMENT '电话',
  `mobile` varchar(255) CHARACTER SET utf8 COLLATE utf8_general_ci DEFAULT NULL COMMENT '手机',
  `industry` varchar(500) CHARACTER SET utf8 COLLATE utf8_general_ci DEFAULT 'IT/通信/电子/互联网' COMMENT '客户行业',
  `level` varchar(500) CHARACTER SET utf8 COLLATE utf8_general_ci DEFAULT NULL COMMENT '客户级别',
  `detail_address` varchar(255) CHARACTER SET utf8 COLLATE utf8_general_ci DEFAULT NULL COMMENT '地址',
  `remark` text COMMENT '备注',
  `create_user_id` int(10) NOT NULL COMMENT '创建人ID',
  `owner_user_id` int(10) NOT NULL COMMENT '负责人ID',
  `next_time` int(11) DEFAULT NULL COMMENT '下次联系时间',
  `follow` varchar(20) DEFAULT NULL COMMENT '跟进',
  `create_time` int(11) NOT NULL COMMENT '创建时间',
  `update_time` int(11) NOT NULL COMMENT '更新时间',
  PRIMARY KEY (`leads_id`)
) ENGINE=InnoDB DEFAULT CHARSET=utf8 COMMENT='线索表';
/*!40101 SET character_set_client = @saved_cs_client */;

--
-- Dumping data for table `5kcrm_crm_leads`
--

LOCK TABLES `5kcrm_crm_leads` WRITE;
/*!40000 ALTER TABLE `5kcrm_crm_leads` DISABLE KEYS */;
/*!40000 ALTER TABLE `5kcrm_crm_leads` ENABLE KEYS */;
UNLOCK TABLES;

--
-- Table structure for table `5kcrm_crm_leads_file`
--

DROP TABLE IF EXISTS `5kcrm_crm_leads_file`;
/*!40101 SET @saved_cs_client     = @@character_set_client */;
 SET character_set_client = utf8mb4 ;
CREATE TABLE `5kcrm_crm_leads_file` (
  `r_id` int(11) NOT NULL AUTO_INCREMENT,
  `leads_id` int(11) NOT NULL COMMENT '线索ID',
  `file_id` int(11) NOT NULL COMMENT '附件ID',
  PRIMARY KEY (`r_id`)
) ENGINE=InnoDB DEFAULT CHARSET=utf8 COMMENT='线索附件关系表';
/*!40101 SET character_set_client = @saved_cs_client */;

--
-- Dumping data for table `5kcrm_crm_leads_file`
--

LOCK TABLES `5kcrm_crm_leads_file` WRITE;
/*!40000 ALTER TABLE `5kcrm_crm_leads_file` DISABLE KEYS */;
/*!40000 ALTER TABLE `5kcrm_crm_leads_file` ENABLE KEYS */;
UNLOCK TABLES;

--
-- Table structure for table `5kcrm_crm_product`
--

DROP TABLE IF EXISTS `5kcrm_crm_product`;
/*!40101 SET @saved_cs_client     = @@character_set_client */;
 SET character_set_client = utf8mb4 ;
CREATE TABLE `5kcrm_crm_product` (
  `product_id` int(11) NOT NULL AUTO_INCREMENT,
  `name` varchar(255) CHARACTER SET utf8 COLLATE utf8_general_ci DEFAULT NULL COMMENT '产品名称',
  `num` varchar(255) CHARACTER SET utf8 COLLATE utf8_general_ci DEFAULT NULL COMMENT '产品编码',
  `unit` varchar(500) CHARACTER SET utf8 COLLATE utf8_general_ci DEFAULT '套' COMMENT '单位',
  `price` decimal(18,2) DEFAULT '0.00' COMMENT '报价金额',
  `status` varchar(500) CHARACTER SET utf8 COLLATE utf8_general_ci DEFAULT '上架' COMMENT '是否上架',
  `category_id` varchar(255) CHARACTER SET utf8 COLLATE utf8_general_ci DEFAULT NULL COMMENT '产品类别',
  `category_str` varchar(255) NOT NULL DEFAULT '' COMMENT '产品分类id(层级)',
  `description` varchar(255) CHARACTER SET utf8 COLLATE utf8_general_ci DEFAULT NULL COMMENT '产品描述',
  `create_user_id` int(10) NOT NULL COMMENT '创建人ID',
  `owner_user_id` int(10) NOT NULL COMMENT '负责人ID',
  `create_time` int(11) NOT NULL COMMENT '创建时间',
  `update_time` int(11) NOT NULL COMMENT '更新时间',
  `crm_ocgkro` varchar(255) CHARACTER SET utf8 COLLATE utf8_general_ci DEFAULT NULL COMMENT '单行文本',
  `crm_rjpyfk` varchar(255) CHARACTER SET utf8 COLLATE utf8_general_ci DEFAULT NULL COMMENT '产品事业部',
  `crm_ljoxkk` varchar(255) CHARACTER SET utf8 COLLATE utf8_general_ci DEFAULT NULL COMMENT '单行文本',
  `crm_xtxtlu` int(11) DEFAULT '0' COMMENT '数字',
  `crm_ynuyok` int(11) DEFAULT '0' COMMENT '数字',
  PRIMARY KEY (`product_id`)
) ENGINE=InnoDB AUTO_INCREMENT=30 DEFAULT CHARSET=utf8 COMMENT='产品表';
/*!40101 SET character_set_client = @saved_cs_client */;

--
-- Dumping data for table `5kcrm_crm_product`
--

LOCK TABLES `5kcrm_crm_product` WRITE;
/*!40000 ALTER TABLE `5kcrm_crm_product` DISABLE KEYS */;
INSERT INTO `5kcrm_crm_product` VALUES (1,'中食药®嘉和eGMP-DMS数据管理系统（网络版）及DMS软件计算机化系统验证服务','100001','套',330000.00,'上架','2',',2,','软件+验证+实施费用（10个端口+5个用户名）',1,1,1565880898,1566281704,'','','',0,0),(2,'DMS网络版计算机化系统验证','200001','套',100000.00,'上架','3',',3,','',1,1,1565880941,1565880941,NULL,NULL,NULL,0,0),(3,'中食药®嘉和eGMP-DMS数据管理系统（网络版）','300001','套',230000.00,'上架','2',',2,','软件+实施费用',3,3,1566281571,1566281571,'','','',0,0),(4,'中食药®嘉和eGMP-DMS数据管理系统（单机版）及DMS软件计算机化系统验证服务','400001','台',35000.00,'上架','2',',2,','软件+验证',3,3,1566282015,1566282015,'','','',0,0),(5,'中食药®嘉和eGMP-DMS数据管理系统（单机版）','500001','台',20000.00,'上架','2',',2,','软件',3,3,1566282076,1566282076,'','','',0,0),(6,'中食药®嘉和eGMP-DMS数据管理系统（单机版）计算机化系统验证服务','600001','台',15000.00,'上架','3',',3,','单机版验证',3,3,1566282161,1566282191,'','','',0,0),(7,'仪器软件计算机化系统验证（属于3类系统）','700001','台',20000.00,'上架','3',',3,','',3,3,1566282263,1566283671,'','','',0,0),(8,'文档管理','800001','套',300000.00,'上架','2',',2,','',3,3,1566282398,1566282398,'','','',0,0),(9,'培训管理','800002','套',300000.00,'上架','2',',2,','',3,3,1566282470,1566282470,'','','',0,0),(10,'记录管理','800003','套',200000.00,'上架','2',',2,','',3,3,1566282522,1566282522,'','','',0,0),(11,'变更管理','800004','套',250000.00,'上架','2',',2,','',3,3,1566282590,1566282590,'','','',0,0),(12,'偏差管理','800005','套',250000.00,'上架','2',',2,','',3,3,1566282640,1566282640,'','','',0,0),(13,'超标管理（OOS/OOT）','800006','套',250000.00,'上架','2',',2,','',3,3,1566282711,1566282711,'','','',0,0),(14,'CAPA管理','800007','套',250000.00,'上架','2',',2,','',3,3,1566282837,1566282837,'','','',0,0),(15,'供应商管理','800008','套',250000.00,'上架','2',',2,','',3,3,1566282884,1566282884,'','','',0,0),(16,'审计管理','800009','套',250000.00,'上架','2',',2,','',3,3,1566282930,1566282930,'','','',0,0),(17,'批生产管理（EBR）','800010','套',750000.00,'上架','2',',2,','',3,3,1566282992,1566282992,'','','',0,0),(18,'设备管理','800011','套',250000.00,'上架','2',',2,','',3,3,1566283027,1566283027,'','','',0,0),(19,'物料管理','800012','套',400000.00,'上架','2',',2,','',3,3,1566283072,1566283072,'','','',0,0),(20,'项目管理','800013','套',250000.00,'上架','2',',2,','',3,3,1566283104,1566283104,'','','',0,0),(21,'模块验证+实施','800001-800013','套',180000.00,'上架','3',',3,','800001-800013产品模块的验证+实施费用',3,3,1566283238,1566283314,'模块验证15万+实施3万','','',0,0),(22,'DMS采集端口','100001-1','台',10000.00,'上架','2',',2,','',3,3,1566283403,1566283585,'','','',0,0),(23,'DMS用户名','100001-2','台',5000.00,'上架','2',',2,','',3,3,1566283571,1566283571,'','','',0,0),(24,'网络版计算机化系统验证（例如安捷伦、岛津、沃特世等网络版验证）','700002','套',200000.00,'上架','3',',3,','',3,3,1566283719,1566284595,'','','',0,0),(25,'计算机化系统体系建立','900001','套',80000.00,'上架','3',',3,','',3,3,1566284441,1566284441,'','','',0,0),(26,'DBS数据备份系统','800014','套',70800.00,'上架','2',',2,','',3,3,1566284754,1566284754,'','','',0,0),(27,'审计','200001','次',60000.00,'上架','5',',5,','2天/2-3位专家',3,3,1566284984,1566284984,'不包含差旅食宿费用','','',0,0),(28,'模拟飞行检查','200002','次',80000.00,'上架','5',',5,','3天/2-3人',3,3,1566285083,1566285083,'不包含差旅食宿费用','','',0,0),(29,'内训','30001','次',20000.00,'上架','4',',4,','2万元/天（1位专家/老师）',3,3,1566285206,1566285206,'','','',0,0);
/*!40000 ALTER TABLE `5kcrm_crm_product` ENABLE KEYS */;
UNLOCK TABLES;

--
-- Table structure for table `5kcrm_crm_product_category`
--

DROP TABLE IF EXISTS `5kcrm_crm_product_category`;
/*!40101 SET @saved_cs_client     = @@character_set_client */;
 SET character_set_client = utf8mb4 ;
CREATE TABLE `5kcrm_crm_product_category` (
  `category_id` int(11) NOT NULL AUTO_INCREMENT,
  `name` varchar(200) NOT NULL DEFAULT '',
  `pid` int(11) DEFAULT '0',
  PRIMARY KEY (`category_id`)
) ENGINE=InnoDB AUTO_INCREMENT=6 DEFAULT CHARSET=utf8 COMMENT='产品分类表';
/*!40101 SET character_set_client = @saved_cs_client */;

--
-- Dumping data for table `5kcrm_crm_product_category`
--

LOCK TABLES `5kcrm_crm_product_category` WRITE;
/*!40000 ALTER TABLE `5kcrm_crm_product_category` DISABLE KEYS */;
INSERT INTO `5kcrm_crm_product_category` VALUES (2,'软件产品',0),(3,'计算机化系统验证服务',0),(4,'培训',0),(5,'咨询服务',0);
/*!40000 ALTER TABLE `5kcrm_crm_product_category` ENABLE KEYS */;
UNLOCK TABLES;

--
-- Table structure for table `5kcrm_crm_product_file`
--

DROP TABLE IF EXISTS `5kcrm_crm_product_file`;
/*!40101 SET @saved_cs_client     = @@character_set_client */;
 SET character_set_client = utf8mb4 ;
CREATE TABLE `5kcrm_crm_product_file` (
  `r_id` int(11) NOT NULL AUTO_INCREMENT,
  `product_id` int(11) NOT NULL COMMENT '产品ID',
  `file_id` int(11) NOT NULL COMMENT '附件ID',
  PRIMARY KEY (`r_id`)
) ENGINE=InnoDB DEFAULT CHARSET=utf8 COMMENT='产品附件关系表';
/*!40101 SET character_set_client = @saved_cs_client */;

--
-- Dumping data for table `5kcrm_crm_product_file`
--

LOCK TABLES `5kcrm_crm_product_file` WRITE;
/*!40000 ALTER TABLE `5kcrm_crm_product_file` DISABLE KEYS */;
/*!40000 ALTER TABLE `5kcrm_crm_product_file` ENABLE KEYS */;
UNLOCK TABLES;

--
-- Table structure for table `5kcrm_crm_receivables`
--

DROP TABLE IF EXISTS `5kcrm_crm_receivables`;
/*!40101 SET @saved_cs_client     = @@character_set_client */;
 SET character_set_client = utf8mb4 ;
CREATE TABLE `5kcrm_crm_receivables` (
  `receivables_id` int(11) NOT NULL AUTO_INCREMENT,
  `plan_id` int(11) NOT NULL COMMENT '回款计划ID',
  `number` varchar(100) NOT NULL DEFAULT '' COMMENT '回款编号',
  `customer_id` int(11) NOT NULL COMMENT '客户ID',
  `contract_id` int(11) NOT NULL COMMENT '合同ID',
  `return_time` date DEFAULT NULL COMMENT '回款日期',
  `return_type` varchar(100) NOT NULL DEFAULT '' COMMENT '回款方式',
  `money` decimal(18,2) NOT NULL DEFAULT '0.00' COMMENT '回款金额',
  `check_status` tinyint(4) NOT NULL DEFAULT '0' COMMENT '0待审核、1审核中、2审核通过、3审核未通过',
  `flow_id` int(11) NOT NULL DEFAULT '0' COMMENT '审核流程ID',
  `order_id` int(11) NOT NULL DEFAULT '0' COMMENT '审核步骤排序ID',
  `check_user_id` varchar(255) NOT NULL DEFAULT '' COMMENT '审批人IDs',
  `flow_user_id` varchar(255) NOT NULL DEFAULT '' COMMENT '流程审批人ID',
  `remark` text COMMENT '备注',
  `create_user_id` int(10) NOT NULL COMMENT '创建人ID',
  `owner_user_id` int(10) NOT NULL COMMENT '负责人ID',
  `create_time` int(11) NOT NULL COMMENT '创建时间',
  `update_time` int(11) NOT NULL COMMENT '更新时间',
  PRIMARY KEY (`receivables_id`)
) ENGINE=InnoDB DEFAULT CHARSET=utf8 COMMENT='回款表';
/*!40101 SET character_set_client = @saved_cs_client */;

--
-- Dumping data for table `5kcrm_crm_receivables`
--

LOCK TABLES `5kcrm_crm_receivables` WRITE;
/*!40000 ALTER TABLE `5kcrm_crm_receivables` DISABLE KEYS */;
/*!40000 ALTER TABLE `5kcrm_crm_receivables` ENABLE KEYS */;
UNLOCK TABLES;

--
-- Table structure for table `5kcrm_crm_receivables_plan`
--

DROP TABLE IF EXISTS `5kcrm_crm_receivables_plan`;
/*!40101 SET @saved_cs_client     = @@character_set_client */;
 SET character_set_client = utf8mb4 ;
CREATE TABLE `5kcrm_crm_receivables_plan` (
  `plan_id` int(11) NOT NULL AUTO_INCREMENT,
  `num` varchar(100) NOT NULL DEFAULT '' COMMENT '期数',
  `receivables_id` int(11) NOT NULL DEFAULT '0' COMMENT '回款ID',
  `status` tinyint(4) NOT NULL DEFAULT '0' COMMENT '1完成',
  `contract_id` int(11) NOT NULL COMMENT '合同ID',
  `customer_id` int(11) NOT NULL COMMENT '客户ID',
  `money` decimal(18,2) NOT NULL DEFAULT '0.00' COMMENT '计划回款金额',
  `return_date` date DEFAULT NULL COMMENT '计划回款日期',
  `return_type` varchar(255) NOT NULL DEFAULT '' COMMENT '计划回款方式',
  `remind` tinyint(4) NOT NULL DEFAULT '0' COMMENT '提前几天提醒',
  `remind_date` date DEFAULT NULL COMMENT '提醒日期',
  `remark` varchar(500) NOT NULL DEFAULT '' COMMENT '备注',
  `create_user_id` int(11) NOT NULL COMMENT '创建人ID',
  `owner_user_id` int(11) NOT NULL COMMENT '负责人ID',
  `create_time` int(11) NOT NULL COMMENT '创建时间',
  `update_time` int(11) NOT NULL COMMENT '更新时间',
  `file` varchar(500) NOT NULL DEFAULT '' COMMENT '附件',
  PRIMARY KEY (`plan_id`)
) ENGINE=InnoDB DEFAULT CHARSET=utf8 COMMENT='回款计划表';
/*!40101 SET character_set_client = @saved_cs_client */;

--
-- Dumping data for table `5kcrm_crm_receivables_plan`
--

LOCK TABLES `5kcrm_crm_receivables_plan` WRITE;
/*!40000 ALTER TABLE `5kcrm_crm_receivables_plan` DISABLE KEYS */;
/*!40000 ALTER TABLE `5kcrm_crm_receivables_plan` ENABLE KEYS */;
UNLOCK TABLES;

--
-- Table structure for table `5kcrm_crm_top`
--

DROP TABLE IF EXISTS `5kcrm_crm_top`;
/*!40101 SET @saved_cs_client     = @@character_set_client */;
 SET character_set_client = utf8mb4 ;
CREATE TABLE `5kcrm_crm_top` (
  `top_id` int(10) NOT NULL AUTO_INCREMENT,
  `module_id` int(10) NOT NULL COMMENT '相关模块ID',
  `set_top` tinyint(1) NOT NULL DEFAULT '1' COMMENT '1置顶',
  `top_time` int(10) NOT NULL COMMENT '置顶时间',
  `create_role_id` int(10) NOT NULL COMMENT '创建人ID',
  `module` varchar(50) NOT NULL DEFAULT 'business' COMMENT '置顶模块',
  PRIMARY KEY (`top_id`)
) ENGINE=InnoDB DEFAULT CHARSET=utf8 COMMENT='置顶表';
/*!40101 SET character_set_client = @saved_cs_client */;

--
-- Dumping data for table `5kcrm_crm_top`
--

LOCK TABLES `5kcrm_crm_top` WRITE;
/*!40000 ALTER TABLE `5kcrm_crm_top` DISABLE KEYS */;
/*!40000 ALTER TABLE `5kcrm_crm_top` ENABLE KEYS */;
UNLOCK TABLES;

--
-- Table structure for table `5kcrm_hrm_user_det`
--

DROP TABLE IF EXISTS `5kcrm_hrm_user_det`;
/*!40101 SET @saved_cs_client     = @@character_set_client */;
 SET character_set_client = utf8mb4 ;
CREATE TABLE `5kcrm_hrm_user_det` (
  `userdet_id` int(9) NOT NULL AUTO_INCREMENT,
  `user_id` int(11) NOT NULL COMMENT '员工id',
  `join_time` int(11) NOT NULL DEFAULT '0' COMMENT '入职时间',
  `type` tinyint(2) NOT NULL DEFAULT '0' COMMENT '工作性质：1全职 2兼职 3实习',
  `status` tinyint(2) NOT NULL DEFAULT '0' COMMENT '用户类型：1非系统用户 2系统用户 3待离职 4离职 ',
  `userstatus` tinyint(2) NOT NULL DEFAULT '1' COMMENT '员工状态：1试用 2正式',
  `mobile` varchar(20) NOT NULL DEFAULT '' COMMENT '手机号',
  `sex` varchar(15) NOT NULL DEFAULT '' COMMENT '性别',
  `age` int(3) NOT NULL DEFAULT '0' COMMENT '年龄',
  `job_num` varchar(30) NOT NULL DEFAULT '' COMMENT '工号',
  `idtype` tinyint(2) NOT NULL DEFAULT '0' COMMENT '证件类型',
  `idnum` varchar(30) NOT NULL DEFAULT '' COMMENT '证件号码',
  `birth_time` varchar(30) NOT NULL DEFAULT '' COMMENT '出生日期',
  `nation` varchar(20) NOT NULL DEFAULT '' COMMENT '民族',
  `internship` tinyint(2) NOT NULL DEFAULT '0' COMMENT '试用期（月）',
  `done_time` int(11) NOT NULL DEFAULT '0' COMMENT '转正时间',
  `parroll_id` int(11) NOT NULL DEFAULT '0' COMMENT '工资信息表ID',
  `create_time` int(11) NOT NULL COMMENT '添加时间',
  `update_time` int(11) NOT NULL DEFAULT '0' COMMENT '编辑时间',
  `email` varchar(100) NOT NULL DEFAULT '' COMMENT '邮箱',
  `political` varchar(100) NOT NULL DEFAULT '' COMMENT '政治面貌',
  `location` varchar(255) NOT NULL DEFAULT '' COMMENT '户籍地址',
  `leave_time` int(11) NOT NULL DEFAULT '0' COMMENT '离职时间',
  PRIMARY KEY (`userdet_id`) USING BTREE
) ENGINE=InnoDB AUTO_INCREMENT=36 DEFAULT CHARSET=utf8 ROW_FORMAT=DYNAMIC COMMENT='员工档案表';
/*!40101 SET character_set_client = @saved_cs_client */;

--
-- Dumping data for table `5kcrm_hrm_user_det`
--

LOCK TABLES `5kcrm_hrm_user_det` WRITE;
/*!40000 ALTER TABLE `5kcrm_hrm_user_det` DISABLE KEYS */;
INSERT INTO `5kcrm_hrm_user_det` VALUES (1,1,1565840175,1,1,2,'18622124397','男',0,'',0,'','','0',0,0,0,1565840175,1566185456,'18622124397@163.com','','',0),(2,2,0,0,0,1,'13911975745','男',0,'',0,'','','',0,0,0,1565846342,1565846388,'','','',0),(3,3,0,0,0,1,'13290785560','女',0,'',0,'','','',0,0,0,1565846493,1566279000,'1652097362@qq.com','','',0),(4,4,0,0,0,1,'18622232157','男',0,'',0,'','','',0,0,0,1565846653,0,'','','',0),(5,5,0,0,0,1,'13910343839','男',0,'',0,'','','',0,0,0,1565846689,0,'','','',0),(6,6,0,0,0,1,'13810539331','男',0,'',0,'','','',0,0,0,1565846747,1565846865,'','','',0),(7,7,0,0,0,1,'13520008012','女',0,'',0,'','','',0,0,0,1565846951,0,'','','',0),(8,8,0,0,0,1,'18811730364','男',0,'',0,'','','',0,0,0,1565846994,0,'','','',0),(9,9,0,0,0,1,'13552474525','男',0,'',0,'','','',0,0,0,1565847041,0,'','','',0),(10,10,0,0,0,1,'13520008020','女',0,'',0,'','','',0,0,0,1565848105,0,'','','',0),(11,11,0,0,0,1,'13520006792','女',0,'',0,'','','',0,0,0,1565848214,0,'','','',0),(12,12,0,0,0,1,'13552994332','男',0,'',0,'','','',0,0,0,1565848269,0,'','','',0),(13,13,0,0,0,1,'13520008752','男',0,'',0,'','','',0,0,0,1565849421,0,'','','',0),(14,14,0,0,0,1,'18910595418','男',0,'',0,'','','',0,0,0,1565850863,0,'','','',0),(15,15,0,0,0,1,'13521853325','男',0,'',0,'','','',0,0,0,1565851458,1565851957,'','','',0),(16,16,0,0,0,1,'13520008517','男',0,'',0,'','','',0,0,0,1565851575,0,'','','',0),(17,17,0,0,0,1,'13520008172','女',0,'',0,'','','',0,0,0,1565851636,0,'','','',0),(18,18,0,0,0,1,'13520008761','男',0,'',0,'','','',0,0,0,1565851685,1565851705,'','','',0),(19,19,0,0,0,1,'13520008253','女',0,'',0,'','','',0,0,0,1565851762,0,'','','',0),(20,20,0,0,0,1,'13521865862','女',0,'',0,'','','',0,0,0,1565851867,0,'','','',0),(21,21,0,0,0,1,'13520006317','女',0,'',0,'','','',0,0,0,1565851917,0,'','','',0),(22,22,0,0,0,1,'13521853017','女',0,'',0,'','','',0,0,0,1565852076,0,'','','',0),(23,23,0,0,0,1,'13521852803','男',0,'',0,'','','',0,0,0,1565852162,0,'','','',0),(24,24,0,0,0,1,'13521853165','男',0,'',0,'','','',0,0,0,1565852218,0,'','','',0),(25,25,0,0,0,1,'13521852857','女',0,'',0,'','','',0,0,0,1565852564,0,'','','',0),(26,26,0,0,0,1,'13521853201','男',0,'',0,'','','',0,0,0,1565852620,0,'','','',0),(27,27,0,0,0,1,'13520008531','男',0,'',0,'','','',0,0,0,1565852686,0,'','','',0),(28,28,0,0,0,1,'13521866075','女',0,'',0,'','','',0,0,0,1565852741,0,'','','',0),(29,29,0,0,0,1,'13520008617','男',0,'',0,'','','',0,0,0,1565852823,0,'','','',0),(30,30,0,0,0,1,'13552994307','男',0,'',0,'','','',0,0,0,1565853130,0,'','','',0),(31,31,0,0,0,1,'18611111111','男',0,'',0,'','','',0,0,0,1565877230,1565878947,'','','',0),(32,32,0,0,0,1,'18622222222','男',0,'',0,'','','',0,0,0,1565878159,0,'','','',0),(33,33,0,0,0,1,'18633333333','',0,'',0,'','','',0,0,0,1565878669,0,'','','',0),(34,34,0,0,0,1,'18600000000','',0,'',0,'','','',0,0,0,1565878698,0,'','','',0),(35,35,0,0,0,1,'13521865993','女',0,'',0,'','','',0,0,0,1566194387,1567127575,'','','',0);
/*!40000 ALTER TABLE `5kcrm_hrm_user_det` ENABLE KEYS */;
UNLOCK TABLES;

--
-- Table structure for table `5kcrm_oa_announcement`
--

DROP TABLE IF EXISTS `5kcrm_oa_announcement`;
/*!40101 SET @saved_cs_client     = @@character_set_client */;
 SET character_set_client = utf8mb4 ;
CREATE TABLE `5kcrm_oa_announcement` (
  `announcement_id` int(11) NOT NULL AUTO_INCREMENT,
  `title` varchar(50) NOT NULL COMMENT '标题',
  `content` text COMMENT '内容',
  `create_user_id` int(10) NOT NULL COMMENT '创建人ID',
  `create_time` int(11) NOT NULL COMMENT '创建时间',
  `update_time` int(11) NOT NULL COMMENT '更新时间',
  `start_time` int(11) NOT NULL COMMENT '开始时间',
  `end_time` int(11) NOT NULL COMMENT '结束时间',
  `structure_ids` varchar(100) NOT NULL DEFAULT '' COMMENT '通知部门',
  `owner_user_ids` varchar(100) NOT NULL DEFAULT '' COMMENT '通知人',
  `read_user_ids` text COMMENT '阅读人',
  PRIMARY KEY (`announcement_id`)
) ENGINE=InnoDB AUTO_INCREMENT=2 DEFAULT CHARSET=utf8 COMMENT='公告表';
/*!40101 SET character_set_client = @saved_cs_client */;

--
-- Dumping data for table `5kcrm_oa_announcement`
--

LOCK TABLES `5kcrm_oa_announcement` WRITE;
/*!40000 ALTER TABLE `5kcrm_oa_announcement` DISABLE KEYS */;
INSERT INTO `5kcrm_oa_announcement` VALUES (1,'DBS推广','所有销售注意！\n在与客户沟通的过程中，如果客户所有设备均是单机版，可询问客户单机版软件备份的方式，推荐客户使用DBS自动化数据备份系统！！！',1,1566653329,1566653329,1566604800,1569801600,',2,','',',1,8,2,12,35,7,30,');
/*!40000 ALTER TABLE `5kcrm_oa_announcement` ENABLE KEYS */;
UNLOCK TABLES;

--
-- Table structure for table `5kcrm_oa_event`
--

DROP TABLE IF EXISTS `5kcrm_oa_event`;
/*!40101 SET @saved_cs_client     = @@character_set_client */;
 SET character_set_client = utf8mb4 ;
CREATE TABLE `5kcrm_oa_event` (
  `event_id` int(11) NOT NULL AUTO_INCREMENT,
  `title` varchar(255) NOT NULL COMMENT '日程标题',
  `start_time` int(11) NOT NULL COMMENT '开始时间',
  `end_time` int(11) NOT NULL COMMENT '结束时间',
  `create_user_id` int(10) NOT NULL COMMENT '创建人ID',
  `create_time` int(11) NOT NULL COMMENT '创建时间',
  `update_time` int(11) NOT NULL COMMENT '更新时间',
  `type` tinyint(2) DEFAULT '0' COMMENT '0不提醒1每天2每周3每月4每年',
  `remindtype` tinyint(4) NOT NULL DEFAULT '0' COMMENT '提醒时间0准时提醒 1：5分钟前 2：15分钟前 3：30分钟前 4：一个小时前 5：两个小时前 6：一天前 7：两天前 8：一周前',
  `owner_user_ids` varchar(255) NOT NULL DEFAULT '' COMMENT '参与人',
  `remark` varchar(2000) CHARACTER SET utf8 COLLATE utf8_bin DEFAULT '' COMMENT '备注',
  `color` varchar(15) NOT NULL DEFAULT '' COMMENT '颜色',
  PRIMARY KEY (`event_id`)
) ENGINE=InnoDB AUTO_INCREMENT=24 DEFAULT CHARSET=utf8 COMMENT='日程表';
/*!40101 SET character_set_client = @saved_cs_client */;

--
-- Dumping data for table `5kcrm_oa_event`
--

LOCK TABLES `5kcrm_oa_event` WRITE;
/*!40000 ALTER TABLE `5kcrm_oa_event` DISABLE KEYS */;
INSERT INTO `5kcrm_oa_event` VALUES (1,'联系客户',1565920800,1566007199,32,1565879967,1565879967,0,0,'','',''),(2,'拜访康立泰药业有限公司',1566363600,1566372600,11,1566399225,1566399225,0,0,'','研发企业，单机版，一直有自己做的想法，但是一直没有开展，也有DMS的需求。','#3E8EF7'),(3,'拜访山东鲁银药业有限公司',1566451800,1566462600,11,1566612802,1566612802,0,0,'','单机版，实验室都是岛津的设备，介绍DBS系统。','#3E8EF7'),(4,'参加济南培训班',1566518400,1566640860,11,1566612452,1566612452,0,0,'','','#3E8EF7'),(5,'拜访科兴生物化学原料厂',1566280800,1566291600,11,1566612733,1566612733,0,0,'','和菅立军老师一同拜访，意向产品CSV。','#3E8EF7'),(6,'拜访山东新华鲁抗医药公司',1566190800,1566201600,11,1566612706,1566612706,0,0,'','和菅立军老师一同拜访，意向产品CSV。','#3E8EF7'),(9,'在公司联系客户',1566781200,1567155600,11,1566867592,1566867592,0,0,'','联系客户+学习DMS/DAS演练！','#3E8EF7'),(10,'苏州培训班出差',1566259200,1566599400,13,1566805241,1566805241,0,0,',13,','苏州计算化系统验证培训班，会上跟踪了两家意向客户，江苏无锡知原药业有限公司，有软件的需求，江苏小林制药有限公司，金蝶k3系统，能否做位物料管理系统，需要提供计算化系统验证，以及咨询业务，后续跟进。','#3E8EF7'),(11,'苏州计算机化系统验证培训班出差',1566259200,1566597600,13,1566805485,1566805485,0,0,',1,2,35,',' 苏州计算化系统验证培训班，会上跟踪了两家意向客户，江苏无锡知原药业有限公司，有软件的需求，江苏小林制药有限公司，金蝶k3系统，能否做为物料管理系统，需要提供计算化系统验证，以及咨询业务，后续跟进。','#3E8EF7'),(12,'送中秋礼品给黄三妹，约明天上午十点去厂里见面',1567008000,1567094399,12,1566963157,1566963157,0,0,'','',''),(13,'DMS/DAS操作培训与演练',1566954030,1566979969,11,1566982923,1566982923,0,0,',13,','今天张薪新和何志强一同让王学勤老师讲解了一下DMS与DAS的操作，并实际讲解与操作DMS与DAS系统。也下载了远程软件，以后便于远程操作。','#3E8EF7'),(14,'跟进客户，查看项目计划书',1566979379,1566986400,11,1566983283,1566983283,0,0,'','张碧兰已经为企业拟定了CSV的项目计划书，和企业王老师简单的沟通，等下班后抽时间再和王老师无障碍的交心，透漏一下利益分配。','#3E8EF7'),(15,'目前没有把CSV计划在日程内，一是觉得不是十分的重要，二是预算也不是很宽裕，三是也比较忙。我说明了一下，CSV这个事，是法规明确要求的，其实早晚都得做，就是早做还是晚做，咱们自己主动做了，和检查后强制要求做的区别，那么晚做不如早做。问了一下她年底能不能有这方面的计划，她回答不一定，可能会有，也可能明年再考虑。最后让随时保持联系，有咨询或者软件方面的问题都可以随时联系我。',1569340800,1569427199,11,1567046464,1567046464,0,0,'','',''),(16,'单机版，之前考虑过做CSV，后来搁浅了。问了一下搁浅的原因，之前是考虑扩充业务所以想做CSV，后来觉得现在工作量都已经饱和了，所以就不准备开展其它业务了。网络版还没有考虑。已经加了微信，可以定期的联系一下，有其它想做的业务联系也比较方便 。',1569427200,1569513599,11,1567068561,1567068561,0,0,'','',''),(17,'向何总汇报工作情况',1567128540,1567133236,11,1567135531,1567135531,0,0,',2,','何总问了一下益康回款的情况，然后又问了上周拜访客户的情况，也帮我分析了客户。以及后期拜访客户应该注意的事项。做事情要有规划有总结。','#3E8EF7'),(18,'沟通益康第三笔款项问题',1567145340,1567152569,11,1567152644,1567152644,0,0,',2,4,','张薪新、何总与王老师邮件沟通益康第三笔款项问题。','#3E8EF7'),(19,'吉林出差',1567382400,1567728000,14,1567340031,1567340031,0,0,'','出差','#3E8EF7'),(20,'益康第三笔款项的问题',1567386053,1567411200,11,1567417937,1567417937,0,0,',1,2,4,','上午和客户沟通，并且把客户沟通内容以及自己的想法发邮件给何总和王老师，下午向何总，王老师和竭老师汇报了具体情况，领导也帮我分析了原因，王老师建议我和两位技术老师交流一下，看看是否存在其它问题，包括项目上的情况。下午也和两个技术老师进行了语音会议，按照合同能提供给客户的文件都已经提供了。晚上再近一步和满总聊聊，看看是否有其它方面的顾虑，包括公关费用，也请满总放心，承诺的一定会做到，这笔款项支付后就申请一部分费用，等到尾款支付完成，再申请最后一笔费用，其它的顾虑也帮助满总解除一下，最后就是麻烦满总关于第三笔款项的事，费费心，因为确实时间太长了，我向公司也不好交待的话！','#3E8EF7'),(21,'联系9月6日进药厂见面，送月饼',1567699200,1567785599,12,1567418609,1567418609,0,0,'','',''),(22,'在公司联系客户',1567472608,1567503180,11,1567501474,1567501474,0,0,'','在公司联系客户。','#3E8EF7'),(23,'在公司联系客户',1567555200,1567589820,11,1567644883,1567644883,0,0,'','','#3E8EF7');
/*!40000 ALTER TABLE `5kcrm_oa_event` ENABLE KEYS */;
UNLOCK TABLES;

--
-- Table structure for table `5kcrm_oa_event_notice`
--

DROP TABLE IF EXISTS `5kcrm_oa_event_notice`;
/*!40101 SET @saved_cs_client     = @@character_set_client */;
 SET character_set_client = utf8mb4 ;
CREATE TABLE `5kcrm_oa_event_notice` (
  `id` int(11) NOT NULL AUTO_INCREMENT,
  `event_id` int(11) NOT NULL COMMENT '日程ID',
  `noticetype` varchar(255) NOT NULL DEFAULT '' COMMENT '1天 2周 3月 4年 0不提醒',
  `repeated` varchar(30) NOT NULL DEFAULT '',
  `start_time` int(11) NOT NULL COMMENT '开始时间',
  `stop_time` int(11) NOT NULL COMMENT '介绍时间',
  PRIMARY KEY (`id`) USING BTREE
) ENGINE=InnoDB DEFAULT CHARSET=utf8 ROW_FORMAT=DYNAMIC COMMENT='日程提醒设置表';
/*!40101 SET character_set_client = @saved_cs_client */;

--
-- Dumping data for table `5kcrm_oa_event_notice`
--

LOCK TABLES `5kcrm_oa_event_notice` WRITE;
/*!40000 ALTER TABLE `5kcrm_oa_event_notice` DISABLE KEYS */;
/*!40000 ALTER TABLE `5kcrm_oa_event_notice` ENABLE KEYS */;
UNLOCK TABLES;

--
-- Table structure for table `5kcrm_oa_event_relation`
--

DROP TABLE IF EXISTS `5kcrm_oa_event_relation`;
/*!40101 SET @saved_cs_client     = @@character_set_client */;
 SET character_set_client = utf8mb4 ;
CREATE TABLE `5kcrm_oa_event_relation` (
  `eventrelation_id` int(11) NOT NULL AUTO_INCREMENT COMMENT '日程关联业务表',
  `event_id` int(11) NOT NULL COMMENT '日程ID',
  `customer_ids` varchar(255) NOT NULL DEFAULT '' COMMENT '客户IDs',
  `contacts_ids` varchar(255) NOT NULL DEFAULT '' COMMENT '联系人IDs',
  `business_ids` varchar(255) NOT NULL DEFAULT '' COMMENT '商机IDs',
  `contract_ids` varchar(255) NOT NULL DEFAULT '' COMMENT '合同IDs',
  `status` tinyint(2) DEFAULT '0' COMMENT '状态1可用',
  `create_time` int(11) NOT NULL COMMENT '创建时间',
  PRIMARY KEY (`eventrelation_id`) USING BTREE
) ENGINE=InnoDB AUTO_INCREMENT=24 DEFAULT CHARSET=utf8 ROW_FORMAT=DYNAMIC COMMENT='日程关联业务表';
/*!40101 SET character_set_client = @saved_cs_client */;

--
-- Dumping data for table `5kcrm_oa_event_relation`
--

LOCK TABLES `5kcrm_oa_event_relation` WRITE;
/*!40000 ALTER TABLE `5kcrm_oa_event_relation` DISABLE KEYS */;
INSERT INTO `5kcrm_oa_event_relation` VALUES (1,1,',2,','','','',1,1565879967),(2,2,'','','','',1,1566399225),(3,3,'','','','',1,1566612331),(4,4,'','','','',1,1566612452),(5,5,'','','','',1,1566612581),(6,6,'','','','',1,1566612706),(7,7,'','','','',1,1566790390),(8,8,'','','','',1,1566790458),(9,9,'','','','',1,1566790693),(10,10,'','','','',1,1566805241),(11,11,'','','','',1,1566805485),(12,12,',316,','','','',1,1566963157),(13,13,'','','','',1,1566982923),(14,14,',36,','','','',1,1566983283),(15,15,'','','','',1,1567046464),(16,16,',165,','','','',1,1567068561),(17,17,'','','','',1,1567135531),(18,18,'','','','',1,1567152644),(19,19,'','','','',1,1567340031),(20,20,'','','','',1,1567417937),(21,21,',315,','','','',1,1567418609),(22,22,'','','','',1,1567501474),(23,23,'','','','',1,1567644883);
/*!40000 ALTER TABLE `5kcrm_oa_event_relation` ENABLE KEYS */;
UNLOCK TABLES;

--
-- Table structure for table `5kcrm_oa_examine`
--

DROP TABLE IF EXISTS `5kcrm_oa_examine`;
/*!40101 SET @saved_cs_client     = @@character_set_client */;
 SET character_set_client = utf8mb4 ;
CREATE TABLE `5kcrm_oa_examine` (
  `examine_id` int(11) NOT NULL AUTO_INCREMENT,
  `category_id` int(11) NOT NULL DEFAULT '1' COMMENT '审批类型',
  `content` varchar(500) NOT NULL DEFAULT '' COMMENT '内容',
  `remark` varchar(500) NOT NULL DEFAULT '' COMMENT '备注',
  `money` decimal(18,2) NOT NULL DEFAULT '0.00' COMMENT '差旅、报销总金额',
  `start_time` int(11) NOT NULL DEFAULT '0' COMMENT '开始时间',
  `end_time` int(11) NOT NULL DEFAULT '0' COMMENT '结束时间',
  `duration` decimal(10,1) NOT NULL DEFAULT '0.0' COMMENT '时长',
  `create_user_id` int(10) NOT NULL COMMENT '创建人ID',
  `check_user_id` varchar(200) NOT NULL COMMENT '审批人ID',
  `flow_user_id` varchar(500) NOT NULL DEFAULT '' COMMENT '流程审批人ID',
  `check_status` tinyint(4) NOT NULL DEFAULT '0' COMMENT '状态（0待审、1审批中、2通过、3失败、4撤销）',
  `flow_id` int(11) NOT NULL DEFAULT '0' COMMENT '审批流程ID',
  `order_id` int(10) NOT NULL DEFAULT '0' COMMENT '审批流程排序ID',
  `create_time` int(11) NOT NULL COMMENT '创建时间',
  `update_time` int(11) NOT NULL COMMENT '更新时间',
  PRIMARY KEY (`examine_id`)
) ENGINE=InnoDB AUTO_INCREMENT=17 DEFAULT CHARSET=utf8 COMMENT='审批表';
/*!40101 SET character_set_client = @saved_cs_client */;

--
-- Dumping data for table `5kcrm_oa_examine`
--

LOCK TABLES `5kcrm_oa_examine` WRITE;
/*!40000 ALTER TABLE `5kcrm_oa_examine` DISABLE KEYS */;
INSERT INTO `5kcrm_oa_examine` VALUES (1,3,'贵阳8月23-24日培训班','22日去现场准备',0.00,0,0,3.0,9,'',',1,2,',2,10,2,1566198317,1566359020),(2,3,'承德颈复康药业内训出差','',0.00,0,0,3.0,7,'','',4,10,1,1566352123,1566483346),(3,3,'承德颈复康药业内训出差','',0.00,0,0,3.0,7,',1,',',1,',3,10,1,1566352128,1566483362),(4,3,'承德颈复康药业内训出差','',0.00,0,0,3.0,7,',1,',',1,',3,10,1,1566352140,1566483371),(5,3,'承德颈复康药业内训出差','',0.00,0,0,3.0,7,',1,',',1,',3,10,1,1566352171,1566483378),(6,3,'承德颈复康药业内训出差','',0.00,0,0,3.0,7,',1,',',1,',3,10,1,1566352190,1566483386),(7,3,'承德颈复康药业内训出差','',0.00,0,0,3.0,7,'','',4,10,1,1566352200,1566650408),(8,3,'承德颈复康药业内训出差','',0.00,0,0,3.0,7,'','',4,10,1,1566352333,1566650414),(9,3,'承德颈复康药业内训出差','',0.00,0,0,3.0,7,'','',4,10,1,1566352350,1566650419),(10,3,'承德颈复康药业内训出差','周五早上出发去北京站接上夏璐华老师   评车出发去承德市    评车没有发票   周六下午六点课程结束 周日去承德天源药业聊聊DMS和计算机化系统验证事宜     周日下午返回燕郊',0.00,0,0,3.0,7,'',',1,2,',2,10,2,1566352511,1566440981),(11,5,'贵州良济药业内审及内训学习','附件已经上传发票',69.59,0,0,0.0,9,'','',4,13,1,1566368803,1566650448),(12,2,'梅宇竣的调休申请','自7月18日南昌培训班出差至今，已经五周没休息了，申请调休回老家看看家人。',0.00,1566748800,1567094400,5.0,14,',5,4,',',1,2,',1,12,1,1566441839,1566801698),(13,2,'因个人事情要处理','',0.00,1566779401,1567159200,100.2,6,',5,4,',',2,1,',1,12,1,1566785618,1566808898),(14,3,'湖南长沙培训班出差','',0.00,0,0,3.0,7,'',',1,2,',2,10,2,1566865390,1567128970),(15,3,'舒兰合成李老板叫我过去谈合同细节','吉林舒兰合成药业现场拜访',0.00,0,0,6.0,14,'',',1,2,',2,10,2,1567339507,1567402914),(16,3,'唐山神草饮片有限公司','企业改造完成 打算过认证   需要重新建立体系   新买的设备需要做验证。',0.00,0,0,2.0,7,'',',1,2,',2,10,2,1567495037,1567576272);
/*!40000 ALTER TABLE `5kcrm_oa_examine` ENABLE KEYS */;
UNLOCK TABLES;

--
-- Table structure for table `5kcrm_oa_examine_category`
--

DROP TABLE IF EXISTS `5kcrm_oa_examine_category`;
/*!40101 SET @saved_cs_client     = @@character_set_client */;
 SET character_set_client = utf8mb4 ;
CREATE TABLE `5kcrm_oa_examine_category` (
  `category_id` int(11) NOT NULL AUTO_INCREMENT,
  `title` varchar(50) NOT NULL COMMENT '名称',
  `remark` varchar(500) NOT NULL DEFAULT '' COMMENT '描述',
  `create_user_id` int(10) NOT NULL COMMENT '创建人ID',
  `status` tinyint(1) NOT NULL DEFAULT '1' COMMENT '1启用，0禁用',
  `is_sys` tinyint(1) NOT NULL DEFAULT '0' COMMENT '1为系统类型，不能删除',
  `user_ids` varchar(500) NOT NULL DEFAULT '' COMMENT '可见范围（员工）',
  `structure_ids` varchar(500) NOT NULL DEFAULT '' COMMENT '可见范围（部门）',
  `create_time` int(11) NOT NULL COMMENT '创建时间',
  `update_time` int(11) NOT NULL COMMENT '更新时间',
  `is_deleted` tinyint(1) NOT NULL DEFAULT '0' COMMENT '1已删除',
  `delete_time` int(11) NOT NULL DEFAULT '0' COMMENT '删除时间',
  `delete_user_id` int(11) NOT NULL DEFAULT '0' COMMENT '删除人ID',
  `flow_id` int(11) NOT NULL DEFAULT '0' COMMENT '审批流ID',
  PRIMARY KEY (`category_id`)
) ENGINE=InnoDB AUTO_INCREMENT=7 DEFAULT CHARSET=utf8 COMMENT='审批类型表';
/*!40101 SET character_set_client = @saved_cs_client */;

--
-- Dumping data for table `5kcrm_oa_examine_category`
--

LOCK TABLES `5kcrm_oa_examine_category` WRITE;
/*!40000 ALTER TABLE `5kcrm_oa_examine_category` DISABLE KEYS */;
INSERT INTO `5kcrm_oa_examine_category` VALUES (1,'普通审批','普通审批',1,0,1,'','',1548911542,1548911542,0,0,0,1),(2,'请假审批','请假审批',1,1,1,'','',1566024356,1566024356,0,0,0,12),(3,'出差审批','出差审批',1,1,1,'','',1566024273,1566024273,0,0,0,10),(4,'加班审批','加班审批',1,0,1,'','',1548911542,1548911542,0,0,0,1),(5,'差旅报销','差旅报销',1,1,1,'','',1566038490,1566038490,0,0,0,13),(6,'借款申请','借款申请',1,0,1,'','',1548911542,1548911542,0,0,0,1);
/*!40000 ALTER TABLE `5kcrm_oa_examine_category` ENABLE KEYS */;
UNLOCK TABLES;

--
-- Table structure for table `5kcrm_oa_examine_data`
--

DROP TABLE IF EXISTS `5kcrm_oa_examine_data`;
/*!40101 SET @saved_cs_client     = @@character_set_client */;
 SET character_set_client = utf8mb4 ;
CREATE TABLE `5kcrm_oa_examine_data` (
  `data_id` int(11) NOT NULL AUTO_INCREMENT,
  `examine_id` int(11) NOT NULL COMMENT '审批ID',
  `field` varchar(30) NOT NULL COMMENT '字段名',
  `value` varchar(1000) DEFAULT NULL COMMENT '值',
  PRIMARY KEY (`data_id`)
) ENGINE=InnoDB AUTO_INCREMENT=3 DEFAULT CHARSET=utf8 COMMENT='审批数据扩展表';
/*!40101 SET character_set_client = @saved_cs_client */;

--
-- Dumping data for table `5kcrm_oa_examine_data`
--

LOCK TABLES `5kcrm_oa_examine_data` WRITE;
/*!40000 ALTER TABLE `5kcrm_oa_examine_data` DISABLE KEYS */;
INSERT INTO `5kcrm_oa_examine_data` VALUES (1,12,'type_id','调休'),(2,13,'type_id','事假');
/*!40000 ALTER TABLE `5kcrm_oa_examine_data` ENABLE KEYS */;
UNLOCK TABLES;

--
-- Table structure for table `5kcrm_oa_examine_file`
--

DROP TABLE IF EXISTS `5kcrm_oa_examine_file`;
/*!40101 SET @saved_cs_client     = @@character_set_client */;
 SET character_set_client = utf8mb4 ;
CREATE TABLE `5kcrm_oa_examine_file` (
  `r_id` int(11) NOT NULL AUTO_INCREMENT,
  `examine_id` int(11) NOT NULL COMMENT '审批ID',
  `file_id` int(11) NOT NULL COMMENT '附件ID',
  PRIMARY KEY (`r_id`)
) ENGINE=InnoDB AUTO_INCREMENT=3 DEFAULT CHARSET=utf8 COMMENT='审批附件关系表';
/*!40101 SET character_set_client = @saved_cs_client */;

--
-- Dumping data for table `5kcrm_oa_examine_file`
--

LOCK TABLES `5kcrm_oa_examine_file` WRITE;
/*!40000 ALTER TABLE `5kcrm_oa_examine_file` DISABLE KEYS */;
INSERT INTO `5kcrm_oa_examine_file` VALUES (1,11,1),(2,11,2);
/*!40000 ALTER TABLE `5kcrm_oa_examine_file` ENABLE KEYS */;
UNLOCK TABLES;

--
-- Table structure for table `5kcrm_oa_examine_relation`
--

DROP TABLE IF EXISTS `5kcrm_oa_examine_relation`;
/*!40101 SET @saved_cs_client     = @@character_set_client */;
 SET character_set_client = utf8mb4 ;
CREATE TABLE `5kcrm_oa_examine_relation` (
  `r_id` int(11) NOT NULL AUTO_INCREMENT COMMENT '审批关联业务表',
  `examine_id` int(11) NOT NULL COMMENT '审批ID',
  `customer_ids` varchar(255) NOT NULL DEFAULT '' COMMENT '客户IDs',
  `contacts_ids` varchar(255) NOT NULL DEFAULT '' COMMENT '联系人IDs',
  `business_ids` varchar(255) NOT NULL DEFAULT '' COMMENT '商机IDs',
  `contract_ids` varchar(255) NOT NULL DEFAULT '' COMMENT '合同IDs',
  `status` tinyint(2) NOT NULL DEFAULT '1' COMMENT '状态1可用',
  `create_time` int(11) NOT NULL COMMENT '创建时间',
  PRIMARY KEY (`r_id`) USING BTREE
) ENGINE=InnoDB AUTO_INCREMENT=17 DEFAULT CHARSET=utf8 ROW_FORMAT=DYNAMIC COMMENT='审批关联业务表';
/*!40101 SET character_set_client = @saved_cs_client */;

--
-- Dumping data for table `5kcrm_oa_examine_relation`
--

LOCK TABLES `5kcrm_oa_examine_relation` WRITE;
/*!40000 ALTER TABLE `5kcrm_oa_examine_relation` DISABLE KEYS */;
INSERT INTO `5kcrm_oa_examine_relation` VALUES (1,1,'','','','',1,1566198317),(2,2,'','','','',1,1566352123),(3,3,'','','','',1,1566352128),(4,4,'','','','',1,1566352140),(5,5,',26,','','','',1,1566352171),(6,6,',26,','','','',1,1566352190),(7,7,',26,','','','',1,1566352200),(8,8,',26,','','','',1,1566352333),(9,9,',26,','','','',1,1566352350),(10,10,',26,','','','',1,1566352511),(11,11,'','','','',1,1566368803),(12,12,'','','','',1,1566441840),(13,13,'','','','',1,1566785618),(14,14,'','','','',1,1566865390),(15,15,'','','','',1,1567339507),(16,16,'','','','',1,1567495037);
/*!40000 ALTER TABLE `5kcrm_oa_examine_relation` ENABLE KEYS */;
UNLOCK TABLES;

--
-- Table structure for table `5kcrm_oa_examine_travel`
--

DROP TABLE IF EXISTS `5kcrm_oa_examine_travel`;
/*!40101 SET @saved_cs_client     = @@character_set_client */;
 SET character_set_client = utf8mb4 ;
CREATE TABLE `5kcrm_oa_examine_travel` (
  `travel_id` int(11) NOT NULL AUTO_INCREMENT,
  `examine_id` int(11) NOT NULL COMMENT '审批ID',
  `start_address` varchar(100) NOT NULL DEFAULT '' COMMENT '出发地',
  `start_time` int(11) NOT NULL COMMENT '出发时间',
  `end_address` varchar(100) NOT NULL DEFAULT '' COMMENT '目的地',
  `end_time` int(11) NOT NULL COMMENT '到达时间',
  `traffic` decimal(18,2) NOT NULL DEFAULT '0.00' COMMENT '交通费',
  `stay` decimal(18,2) NOT NULL DEFAULT '0.00' COMMENT '住宿费',
  `diet` decimal(18,2) NOT NULL DEFAULT '0.00' COMMENT '餐饮费',
  `other` decimal(18,2) NOT NULL DEFAULT '0.00' COMMENT '其他费用',
  `money` decimal(18,2) NOT NULL DEFAULT '0.00' COMMENT '金额',
  `vehicle` varchar(255) NOT NULL DEFAULT '' COMMENT '交通工具',
  `trip` varchar(50) NOT NULL DEFAULT '' COMMENT '单程往返（单程、往返）',
  `duration` decimal(10,1) NOT NULL DEFAULT '0.0' COMMENT '时长',
  `description` varchar(500) NOT NULL DEFAULT '' COMMENT '备注',
  PRIMARY KEY (`travel_id`)
) ENGINE=InnoDB AUTO_INCREMENT=5 DEFAULT CHARSET=utf8 COMMENT='差旅行程表';
/*!40101 SET character_set_client = @saved_cs_client */;

--
-- Dumping data for table `5kcrm_oa_examine_travel`
--

LOCK TABLES `5kcrm_oa_examine_travel` WRITE;
/*!40000 ALTER TABLE `5kcrm_oa_examine_travel` DISABLE KEYS */;
INSERT INTO `5kcrm_oa_examine_travel` VALUES (1,1,'贵阳',1566403200,'贵阳',1566576000,0.00,0.00,0.00,0.00,0.00,'其他','往返',3.0,''),(2,11,'贵阳市',1565798400,'贵州省黔南龙里县',1566057600,69.59,0.00,0.00,0.00,69.59,'','',0.0,'报销为8月16日打车费用，上午从办事处打车至贵州良济药业，费用53.57元；下午坐贵州良济同事的车到贵阳，然后打车至办事处，费用16.02元'),(3,15,'南京',1567353600,'舒兰',1567699200,0.00,0.00,0.00,0.00,0.00,'火车','往返',5.0,'去吉林省吉林市舒兰市拜访舒兰合成药业，确定合同细节，'),(4,15,'舒兰',1567440000,'长春',1567526400,0.00,0.00,0.00,0.00,0.00,'汽车','单程',1.0,'去吉林长源药业拜访李总DMS项目，他们刚被济民可信收购');
/*!40000 ALTER TABLE `5kcrm_oa_examine_travel` ENABLE KEYS */;
UNLOCK TABLES;

--
-- Table structure for table `5kcrm_oa_examine_travel_file`
--

DROP TABLE IF EXISTS `5kcrm_oa_examine_travel_file`;
/*!40101 SET @saved_cs_client     = @@character_set_client */;
 SET character_set_client = utf8mb4 ;
CREATE TABLE `5kcrm_oa_examine_travel_file` (
  `r_id` int(11) NOT NULL AUTO_INCREMENT,
  `travel_id` int(11) NOT NULL COMMENT '差旅id',
  `file_id` int(11) NOT NULL COMMENT '附件ID',
  PRIMARY KEY (`r_id`)
) ENGINE=InnoDB DEFAULT CHARSET=utf8 COMMENT='差旅附件关系表';
/*!40101 SET character_set_client = @saved_cs_client */;

--
-- Dumping data for table `5kcrm_oa_examine_travel_file`
--

LOCK TABLES `5kcrm_oa_examine_travel_file` WRITE;
/*!40000 ALTER TABLE `5kcrm_oa_examine_travel_file` DISABLE KEYS */;
/*!40000 ALTER TABLE `5kcrm_oa_examine_travel_file` ENABLE KEYS */;
UNLOCK TABLES;

--
-- Table structure for table `5kcrm_oa_log`
--

DROP TABLE IF EXISTS `5kcrm_oa_log`;
/*!40101 SET @saved_cs_client     = @@character_set_client */;
 SET character_set_client = utf8mb4 ;
CREATE TABLE `5kcrm_oa_log` (
  `log_id` int(11) NOT NULL AUTO_INCREMENT,
  `category_id` tinyint(2) NOT NULL DEFAULT '1' COMMENT '日志类型（1日报，2周报，3月报）',
  `title` varchar(50) NOT NULL DEFAULT '' COMMENT '日志标题',
  `content` text COMMENT '日志内容',
  `tomorrow` varchar(1000) NOT NULL DEFAULT '' COMMENT '明日工作内容',
  `question` varchar(1000) NOT NULL DEFAULT '' COMMENT '遇到问题',
  `create_user_id` int(10) NOT NULL COMMENT '创建人ID',
  `create_time` int(11) NOT NULL COMMENT '创建时间',
  `update_time` int(11) NOT NULL COMMENT '更新时间',
  `send_user_ids` varchar(255) NOT NULL DEFAULT '' COMMENT '通知人',
  `send_structure_ids` varchar(255) NOT NULL DEFAULT '' COMMENT '通知部门',
  `read_user_ids` text COMMENT '已读ids',
  PRIMARY KEY (`log_id`)
) ENGINE=InnoDB AUTO_INCREMENT=8 DEFAULT CHARSET=utf8 COMMENT='工作日志表';
/*!40101 SET character_set_client = @saved_cs_client */;

--
-- Dumping data for table `5kcrm_oa_log`
--

LOCK TABLES `5kcrm_oa_log` WRITE;
/*!40000 ALTER TABLE `5kcrm_oa_log` DISABLE KEYS */;
INSERT INTO `5kcrm_oa_log` VALUES (1,2,'','本周拜访了四家企业，其中康立泰明确指出9月或10月份开始实施CSV工作。想让第三方给做一台难度较高的CSV，其它设备自己做。科兴化学原料药厂想等总部做了以后再实施。','跟进上周拜访的企业，着重联系一下科兴总部。再电话联系新客户。','在联系DBS的过程当中，客户会问都有哪些企业做过DBS系统，还有DBS单价看着性价比很高，但是几十台设备需要增加的端口费用太高。',11,1566615413,1566615413,',1,2,35,','',',11,1,35,2,'),(2,1,'','胡朝洋：已查看你的客户追踪，大部分是向客户询问CSV是否做了，公司产品较多，询问策略可有所改变，对于客户网络版的可以着重推荐CSV，单机版用户可询问客户备份策略？是用移动硬盘手动备份还是有自动备份的系统，我们可提供客户自动备份的解决方案，目前是针对单机客户端较多的用户比较好的产品。','尽量多了解客户的需求，然后根据客户的需求给客户出解决方案！','',1,1566741286,1566741286,',2,4,5,8,9,','',',1,8,9,2,35,'),(3,1,'','学习演练dms数据管理系统，das偏差识别系统演练','','',13,1566984905,1566984905,'','',',13,1,35,2,'),(4,2,'','本周的工作内容，跟进老客户+联系新客户+DMS/DAS实际操作演练。其中为康立泰药业有限公司拟定了项目计划书。沟通益康第三笔款项问题。','和益康具体落实第三笔款项，在公司联系客户。','哪些客户需要拜访的准确度拿捏不好。我原来是做本地销售，人在北京，客户也在北京，当时是联系上客户就预约拜访，建立初步联系。之前的企业也是对于拜访有要求，鼓励多拜访。我不确定咱们的客户如果没有做过相关项目，比如说客户目前是单机版，我们可以推网络版或者数据自动备份包括验证，但是客户还没有明确的需求时，我们是否就可以预约拜访，还是等到客户想做了有预算时我们再进行拜访，就是这个拜访的度总是掌握不好，因为毕竟差旅费也是公司投资在我们身上比较大的支出。',11,1567152499,1567152499,',1,2,35,','',',11,1,2,35,'),(5,2,'','本周和潘二宝老师出差，详细内容如下：\n8月26日，安徽华威药业，无菌滴眼剂的审计，预计明年六月份审计。合作方式：一次无菌审计，以及辅导其建立无菌管理及验证等。\n8月27日，江西博雅欣和，此公司报上去的一致性品种，因石药欧意做了BE，所以打算放弃掉。\n                 江西亿友药业，一致性评价的审计，合同已经发过去了，价格3.8万，不含差旅。\n8月28日，岳阳新华达药业，一致性评价审计需要上报老板同意，报价六万，目前来看还是比较有意向的，网络版软件没有验证。\n8月29日，植物药业，一致性评价品种是5月报上去的，意向不是很强烈。\n                中国医学院生物学研究所，沟通了一下计算机化系统验证。\n8月30日，维和药业，会员制的一致性评价审计，主审内容是：实验室审计。\n8月31日，大理药业，送感谢费，并沟通了今年的情况，预计后续要做审计和质量体系完善。','下周的工作安排主要是对上周拜访的客户和签订的合同进行落实，并且对之前苏州班的意向客户进行对接。详细如下：\n 一、江西亿友药业的合同签订流程。\n 二、华威、博雅，新华达等企业意向继续对接。\n三、南阳新生制药的辅料变更和口服液增加规格进行对接。\n四、苏州班沟通的意向客户更近。','',8,1567324667,1567324667,'','',',8,2,1,'),(6,2,'','8月21-24日太原出差总结\n1.本次出差是去推进山西鑫煜药业的一致性评价工作进度，目前企业的水系统改造已经完成，实验室搬迁也已经完成，目前菅立军老师已经驻场服务，接了来CSV的合同还要继续增加几台，具体的等到实验室的老师驻场后，根据工作进度看。\n2.跟鑫煜的刘总沟通关于技术老师的差旅费报销的问题，目前已经解决。\n3.去山西宝泰药业有限公司拜访，他们目前的进度是原料药刚过完认证，GMP证书还没有拿到，山东创新那边的原料药研究还未开始，合同已签，还未付款。待原料药GMP证书到手，先生产，把资金盘活，启动山东创新的项目，等到山东创新的原料药研究透彻后，才会开始我们的一致性评价工作。\n4.山西宝泰药业的张立斌准备离职，做了6年的QC，6年的QA，2015年来的山西宝泰，消息我已经告诉王老师，王老师的意思是过段时间看是否可以招募。\n5.参加太原的培训班与山西云鹏药业的质量经理苏蓉沟通他们单位的一致性评价审计的事情。\n6.与晋阳制药厂沟通中秋后的DMS现场交流的时间，及现场的软件介绍。','下周工作安排\n1.与舒兰合成敲定FDA回复与体系建设合同细节，需要去一趟舒兰。已抢到9月3号的火车票\n2.与洮南敖东明确合同细节，具体看是否需要去白城。\n3.舒兰结束后去拜访吉林长源制药李总，他们需要采购一套DMS.\n4.看具体时间还需要找一下长春万通苑总，圣金诺张总，吃个晚饭。','无',14,1567391582,1567391582,',1,2,','',',1,35,2,'),(7,1,'','上周六和周本一一直在沟通益康回款的问题，周一周二晚上也一直联系满总，包括透漏回款后的公关费用，周三成功回款。周二到周五一直在公司联系客户，目前东营的企业已经联系完了，烟台的企业联系了一半，可以拜访有需求的企业有两家，看看下周或者节后去拜访。','联系烟台、威海、青岛周边的客户，预计节后一起多拜访几家。','本周没有遇到具体问题，如有问题及时向领导汇报。',11,1567754964,1567757214,',35,1,2,','',',11,1,');
/*!40000 ALTER TABLE `5kcrm_oa_log` ENABLE KEYS */;
UNLOCK TABLES;

--
-- Table structure for table `5kcrm_oa_log_file`
--

DROP TABLE IF EXISTS `5kcrm_oa_log_file`;
/*!40101 SET @saved_cs_client     = @@character_set_client */;
 SET character_set_client = utf8mb4 ;
CREATE TABLE `5kcrm_oa_log_file` (
  `r_id` int(11) NOT NULL AUTO_INCREMENT,
  `log_id` int(11) NOT NULL COMMENT '日志ID',
  `file_id` int(11) NOT NULL COMMENT '附件ID',
  PRIMARY KEY (`r_id`)
) ENGINE=InnoDB DEFAULT CHARSET=utf8 COMMENT='日志附件关系表';
/*!40101 SET character_set_client = @saved_cs_client */;

--
-- Dumping data for table `5kcrm_oa_log_file`
--

LOCK TABLES `5kcrm_oa_log_file` WRITE;
/*!40000 ALTER TABLE `5kcrm_oa_log_file` DISABLE KEYS */;
/*!40000 ALTER TABLE `5kcrm_oa_log_file` ENABLE KEYS */;
UNLOCK TABLES;

--
-- Table structure for table `5kcrm_oa_log_relation`
--

DROP TABLE IF EXISTS `5kcrm_oa_log_relation`;
/*!40101 SET @saved_cs_client     = @@character_set_client */;
 SET character_set_client = utf8mb4 ;
CREATE TABLE `5kcrm_oa_log_relation` (
  `r_id` int(11) NOT NULL AUTO_INCREMENT COMMENT '日志关联业务表',
  `log_id` int(11) NOT NULL COMMENT '日志ID',
  `customer_ids` varchar(255) NOT NULL DEFAULT '' COMMENT '客户IDs',
  `contacts_ids` varchar(255) NOT NULL DEFAULT '' COMMENT '联系人IDs',
  `business_ids` varchar(255) NOT NULL DEFAULT '' COMMENT '商机IDs',
  `contract_ids` varchar(255) NOT NULL DEFAULT '' COMMENT '合同IDs',
  `status` tinyint(2) NOT NULL COMMENT '状态1可用',
  `create_time` int(11) NOT NULL COMMENT '创建时间',
  PRIMARY KEY (`r_id`) USING BTREE
) ENGINE=InnoDB AUTO_INCREMENT=8 DEFAULT CHARSET=utf8 ROW_FORMAT=DYNAMIC COMMENT='日志关联业务表';
/*!40101 SET character_set_client = @saved_cs_client */;

--
-- Dumping data for table `5kcrm_oa_log_relation`
--

LOCK TABLES `5kcrm_oa_log_relation` WRITE;
/*!40000 ALTER TABLE `5kcrm_oa_log_relation` DISABLE KEYS */;
INSERT INTO `5kcrm_oa_log_relation` VALUES (1,1,',108,36,22,10,','','','',1,1566615413),(2,2,',102,103,104,105,106,69,','','','',1,1566741286),(3,3,'','','','',1,1566984905),(4,4,'','','','',1,1567152500),(5,5,'','','','',1,1567324667),(6,6,'','','','',1,1567391582),(7,7,'','',',27,28,','',1,1567754964);
/*!40000 ALTER TABLE `5kcrm_oa_log_relation` ENABLE KEYS */;
UNLOCK TABLES;

--
-- Table structure for table `5kcrm_task`
--

DROP TABLE IF EXISTS `5kcrm_task`;
/*!40101 SET @saved_cs_client     = @@character_set_client */;
 SET character_set_client = utf8mb4 ;
CREATE TABLE `5kcrm_task` (
  `task_id` int(11) NOT NULL AUTO_INCREMENT COMMENT '任务表',
  `name` varchar(50) NOT NULL COMMENT '任务名称',
  `create_user_id` int(11) NOT NULL COMMENT '创建人ID',
  `main_user_id` int(11) NOT NULL COMMENT '负责人ID',
  `owner_user_id` varchar(255) NOT NULL DEFAULT '' COMMENT '团队成员ID',
  `structure_ids` varchar(255) NOT NULL DEFAULT '' COMMENT '部门IDs',
  `create_time` int(11) NOT NULL COMMENT '新建时间',
  `update_time` int(11) NOT NULL COMMENT '更新时间',
  `status` tinyint(2) NOT NULL DEFAULT '1' COMMENT '完成状态 1正在进行2延期3归档 5结束',
  `class_id` int(5) NOT NULL DEFAULT '0' COMMENT '分类 要做 在做 待定',
  `lable_id` varchar(255) NOT NULL DEFAULT '' COMMENT '标签 ,号拼接',
  `description` text COMMENT '描述',
  `pid` int(11) DEFAULT '0' COMMENT '上级ID',
  `start_time` int(11) NOT NULL DEFAULT '0' COMMENT '开始时间',
  `stop_time` int(11) NOT NULL DEFAULT '0' COMMENT '结束时间',
  `priority` tinyint(2) NOT NULL DEFAULT '0' COMMENT '优先级 从大到小',
  `work_id` int(11) DEFAULT '0' COMMENT '项目ID',
  `is_top` tinyint(2) DEFAULT '0' COMMENT '工作台展示 0收件箱 1，2，3',
  `is_open` tinyint(2) DEFAULT '1' COMMENT '是否公开',
  `order_id` tinyint(4) NOT NULL DEFAULT '0' COMMENT '排序ID',
  `top_order_id` tinyint(4) NOT NULL DEFAULT '0' COMMENT '我的任务排序ID',
  `is_archive` tinyint(1) NOT NULL DEFAULT '0' COMMENT '1归档',
  `archive_time` int(11) NOT NULL DEFAULT '0' COMMENT '归档时间',
  `ishidden` tinyint(2) DEFAULT '0' COMMENT '是否删除',
  `hidden_time` int(11) NOT NULL DEFAULT '0' COMMENT '删除时间',
  PRIMARY KEY (`task_id`) USING BTREE
) ENGINE=InnoDB AUTO_INCREMENT=3 DEFAULT CHARSET=utf8 ROW_FORMAT=DYNAMIC COMMENT='任务表';
/*!40101 SET character_set_client = @saved_cs_client */;

--
-- Dumping data for table `5kcrm_task`
--

LOCK TABLES `5kcrm_task` WRITE;
/*!40000 ALTER TABLE `5kcrm_task` DISABLE KEYS */;
INSERT INTO `5kcrm_task` VALUES (1,'技术老师每周工作情况及销售下周项目安排计划表',3,3,',3,','',1565931263,1565931324,5,0,'',NULL,0,1565884800,1565913600,0,0,1,1,0,0,0,0,0,0),(2,'DAS、DBS项目计划书',3,3,',3,','',1565931441,1565931441,5,0,'','需要给梅宇竣做DAS、DBS项目计划书',0,1565884800,1566144000,1,0,1,1,0,0,0,0,0,0);
/*!40000 ALTER TABLE `5kcrm_task` ENABLE KEYS */;
UNLOCK TABLES;

--
-- Table structure for table `5kcrm_task_relation`
--

DROP TABLE IF EXISTS `5kcrm_task_relation`;
/*!40101 SET @saved_cs_client     = @@character_set_client */;
 SET character_set_client = utf8mb4 ;
CREATE TABLE `5kcrm_task_relation` (
  `r_id` int(11) NOT NULL AUTO_INCREMENT COMMENT '任务关联业务表',
  `task_id` int(11) NOT NULL COMMENT '任务ID',
  `customer_ids` varchar(255) NOT NULL DEFAULT '' COMMENT '客户IDs',
  `contacts_ids` varchar(255) NOT NULL DEFAULT '' COMMENT '联系人IDs',
  `business_ids` varchar(255) NOT NULL DEFAULT '' COMMENT '商机IDs',
  `contract_ids` varchar(255) NOT NULL DEFAULT '' COMMENT '合同IDs',
  `status` tinyint(2) NOT NULL DEFAULT '1' COMMENT '状态1可用',
  `create_time` int(11) NOT NULL COMMENT '创建时间',
  PRIMARY KEY (`r_id`) USING BTREE
) ENGINE=InnoDB AUTO_INCREMENT=3 DEFAULT CHARSET=utf8 ROW_FORMAT=DYNAMIC COMMENT='任务关联业务表';
/*!40101 SET character_set_client = @saved_cs_client */;

--
-- Dumping data for table `5kcrm_task_relation`
--

LOCK TABLES `5kcrm_task_relation` WRITE;
/*!40000 ALTER TABLE `5kcrm_task_relation` DISABLE KEYS */;
INSERT INTO `5kcrm_task_relation` VALUES (1,1,'','','','',1,1565931263),(2,2,'','','','',1,1565931442);
/*!40000 ALTER TABLE `5kcrm_task_relation` ENABLE KEYS */;
UNLOCK TABLES;

--
-- Table structure for table `5kcrm_work`
--

DROP TABLE IF EXISTS `5kcrm_work`;
/*!40101 SET @saved_cs_client     = @@character_set_client */;
 SET character_set_client = utf8mb4 ;
CREATE TABLE `5kcrm_work` (
  `work_id` int(11) NOT NULL AUTO_INCREMENT,
  `name` varchar(50) NOT NULL COMMENT '项目名字',
  `status` tinyint(2) DEFAULT '0' COMMENT '状态 1启用 0归档',
  `create_time` int(11) NOT NULL,
  `create_user_id` int(11) NOT NULL COMMENT '创建人ID',
  `description` text COMMENT '描述',
  `color` varchar(15) NOT NULL DEFAULT '' COMMENT '颜色',
  `is_open` tinyint(2) DEFAULT '0' COMMENT '是否所有人可见 1可见',
  `owner_user_id` varchar(255) NOT NULL DEFAULT '' COMMENT '项目成员',
  `ishidden` tinyint(2) DEFAULT '0' COMMENT '是否删除',
  `archive_time` int(11) NOT NULL DEFAULT '0' COMMENT '归档时间',
  PRIMARY KEY (`work_id`) USING BTREE
) ENGINE=InnoDB DEFAULT CHARSET=utf8 ROW_FORMAT=DYNAMIC COMMENT='项目表';
/*!40101 SET character_set_client = @saved_cs_client */;

--
-- Dumping data for table `5kcrm_work`
--

LOCK TABLES `5kcrm_work` WRITE;
/*!40000 ALTER TABLE `5kcrm_work` DISABLE KEYS */;
/*!40000 ALTER TABLE `5kcrm_work` ENABLE KEYS */;
UNLOCK TABLES;

--
-- Table structure for table `5kcrm_work_relation`
--

DROP TABLE IF EXISTS `5kcrm_work_relation`;
/*!40101 SET @saved_cs_client     = @@character_set_client */;
 SET character_set_client = utf8mb4 ;
CREATE TABLE `5kcrm_work_relation` (
  `r_id` int(11) NOT NULL AUTO_INCREMENT COMMENT '日志关联业务表',
  `work_id` int(11) NOT NULL COMMENT '项目ID',
  `customer_ids` varchar(255) NOT NULL DEFAULT '' COMMENT '客户IDs',
  `contacts_ids` varchar(255) NOT NULL DEFAULT '' COMMENT '联系人IDs',
  `business_ids` varchar(255) NOT NULL DEFAULT '' COMMENT '商机IDs',
  `contract_ids` varchar(255) NOT NULL DEFAULT '' COMMENT '合同IDs',
  `status` tinyint(2) NOT NULL DEFAULT '1' COMMENT '状态1可用',
  `create_time` int(11) NOT NULL COMMENT '创建时间',
  PRIMARY KEY (`r_id`) USING BTREE
) ENGINE=InnoDB DEFAULT CHARSET=utf8 ROW_FORMAT=DYNAMIC COMMENT='项目关联业务表';
/*!40101 SET character_set_client = @saved_cs_client */;

--
-- Dumping data for table `5kcrm_work_relation`
--

LOCK TABLES `5kcrm_work_relation` WRITE;
/*!40000 ALTER TABLE `5kcrm_work_relation` DISABLE KEYS */;
/*!40000 ALTER TABLE `5kcrm_work_relation` ENABLE KEYS */;
UNLOCK TABLES;

--
-- Table structure for table `5kcrm_work_task_class`
--

DROP TABLE IF EXISTS `5kcrm_work_task_class`;
/*!40101 SET @saved_cs_client     = @@character_set_client */;
 SET character_set_client = utf8mb4 ;
CREATE TABLE `5kcrm_work_task_class` (
  `class_id` int(11) NOT NULL AUTO_INCREMENT COMMENT '任务分类表',
  `name` varchar(50) NOT NULL COMMENT '分类名',
  `create_time` int(11) NOT NULL COMMENT '创建时间',
  `create_user_id` int(11) NOT NULL COMMENT '创建人ID',
  `status` tinyint(2) DEFAULT '0' COMMENT '状态1正常',
  `work_id` int(11) NOT NULL COMMENT '项目ID',
  `order_id` tinyint(4) NOT NULL DEFAULT '0' COMMENT '排序',
  PRIMARY KEY (`class_id`) USING BTREE
) ENGINE=InnoDB DEFAULT CHARSET=utf8 ROW_FORMAT=DYNAMIC COMMENT='任务分类表';
/*!40101 SET character_set_client = @saved_cs_client */;

--
-- Dumping data for table `5kcrm_work_task_class`
--

LOCK TABLES `5kcrm_work_task_class` WRITE;
/*!40000 ALTER TABLE `5kcrm_work_task_class` DISABLE KEYS */;
/*!40000 ALTER TABLE `5kcrm_work_task_class` ENABLE KEYS */;
UNLOCK TABLES;

--
-- Table structure for table `5kcrm_work_task_file`
--

DROP TABLE IF EXISTS `5kcrm_work_task_file`;
/*!40101 SET @saved_cs_client     = @@character_set_client */;
 SET character_set_client = utf8mb4 ;
CREATE TABLE `5kcrm_work_task_file` (
  `r_id` int(11) NOT NULL AUTO_INCREMENT,
  `file_id` int(11) NOT NULL COMMENT '文件ID',
  `task_id` int(11) NOT NULL COMMENT '任务ID',
  PRIMARY KEY (`r_id`) USING BTREE
) ENGINE=InnoDB DEFAULT CHARSET=utf8 ROW_FORMAT=DYNAMIC;
/*!40101 SET character_set_client = @saved_cs_client */;

--
-- Dumping data for table `5kcrm_work_task_file`
--

LOCK TABLES `5kcrm_work_task_file` WRITE;
/*!40000 ALTER TABLE `5kcrm_work_task_file` DISABLE KEYS */;
/*!40000 ALTER TABLE `5kcrm_work_task_file` ENABLE KEYS */;
UNLOCK TABLES;

--
-- Table structure for table `5kcrm_work_task_lable`
--

DROP TABLE IF EXISTS `5kcrm_work_task_lable`;
/*!40101 SET @saved_cs_client     = @@character_set_client */;
 SET character_set_client = utf8mb4 ;
CREATE TABLE `5kcrm_work_task_lable` (
  `lable_id` int(11) NOT NULL AUTO_INCREMENT,
  `name` varchar(50) NOT NULL COMMENT '标签名',
  `create_time` int(11) NOT NULL COMMENT '创建时间',
  `create_user_id` int(11) NOT NULL COMMENT '创建人ID',
  `status` tinyint(2) DEFAULT '0' COMMENT '状态',
  `color` varchar(15) NOT NULL DEFAULT '' COMMENT '颜色',
  PRIMARY KEY (`lable_id`) USING BTREE
) ENGINE=InnoDB DEFAULT CHARSET=utf8 ROW_FORMAT=DYNAMIC COMMENT='任务标签表';
/*!40101 SET character_set_client = @saved_cs_client */;

--
-- Dumping data for table `5kcrm_work_task_lable`
--

LOCK TABLES `5kcrm_work_task_lable` WRITE;
/*!40000 ALTER TABLE `5kcrm_work_task_lable` DISABLE KEYS */;
/*!40000 ALTER TABLE `5kcrm_work_task_lable` ENABLE KEYS */;
UNLOCK TABLES;

--
-- Table structure for table `5kcrm_work_task_log`
--

DROP TABLE IF EXISTS `5kcrm_work_task_log`;
/*!40101 SET @saved_cs_client     = @@character_set_client */;
 SET character_set_client = utf8mb4 ;
CREATE TABLE `5kcrm_work_task_log` (
  `log_id` int(11) NOT NULL AUTO_INCREMENT COMMENT '项目日志表',
  `user_id` int(11) NOT NULL COMMENT '操作人ID',
  `content` varchar(255) NOT NULL DEFAULT '' COMMENT '内容',
  `create_time` int(11) NOT NULL COMMENT '创建时间',
  `status` tinyint(2) DEFAULT '0' COMMENT '状态 4删除',
  `task_id` int(11) DEFAULT '0' COMMENT '任务ID',
  `work_id` int(11) DEFAULT '0' COMMENT '项目ID',
  PRIMARY KEY (`log_id`) USING BTREE
) ENGINE=InnoDB AUTO_INCREMENT=10 DEFAULT CHARSET=utf8 ROW_FORMAT=DYNAMIC COMMENT='任务日志表';
/*!40101 SET character_set_client = @saved_cs_client */;

--
-- Dumping data for table `5kcrm_work_task_log`
--

LOCK TABLES `5kcrm_work_task_log` WRITE;
/*!40000 ALTER TABLE `5kcrm_work_task_log` DISABLE KEYS */;
INSERT INTO `5kcrm_work_task_log` VALUES (1,3,'添加新任务:技术老师每周工作情况及销售下周项目安排计划表',1565931263,0,1,0),(2,3,'任务标记结束',1565931301,0,1,0),(3,3,'任务标记开始',1565931307,0,1,0),(4,3,'任务标记结束',1565931314,0,1,0),(5,3,'任务标记开始',1565931316,0,1,0),(6,3,'修改截至时间为：2019-08-16',1565931324,0,1,NULL),(7,3,'添加新任务:DAS、DBS项目计划书',1565931442,0,2,0),(8,3,'任务标记结束',1566178855,0,2,0),(9,3,'任务标记结束',1566178856,0,1,0);
/*!40000 ALTER TABLE `5kcrm_work_task_log` ENABLE KEYS */;
UNLOCK TABLES;

--
-- Table structure for table `5kcrm_work_user`
--

DROP TABLE IF EXISTS `5kcrm_work_user`;
/*!40101 SET @saved_cs_client     = @@character_set_client */;
 SET character_set_client = utf8mb4 ;
CREATE TABLE `5kcrm_work_user` (
  `id` int(11) NOT NULL AUTO_INCREMENT,
  `work_id` int(11) NOT NULL COMMENT '项目ID',
  `user_id` int(11) NOT NULL COMMENT '成员ID',
  `types` tinyint(1) NOT NULL DEFAULT '0' COMMENT '1管理员，0初始权限',
  `group_id` int(11) NOT NULL COMMENT '角色ID',
  PRIMARY KEY (`id`)
) ENGINE=InnoDB DEFAULT CHARSET=utf8 COMMENT='项目成员表';
/*!40101 SET character_set_client = @saved_cs_client */;

--
-- Dumping data for table `5kcrm_work_user`
--

LOCK TABLES `5kcrm_work_user` WRITE;
/*!40000 ALTER TABLE `5kcrm_work_user` DISABLE KEYS */;
/*!40000 ALTER TABLE `5kcrm_work_user` ENABLE KEYS */;
UNLOCK TABLES;
/*!40103 SET TIME_ZONE=@OLD_TIME_ZONE */;

/*!40101 SET SQL_MODE=@OLD_SQL_MODE */;
/*!40014 SET FOREIGN_KEY_CHECKS=@OLD_FOREIGN_KEY_CHECKS */;
/*!40014 SET UNIQUE_CHECKS=@OLD_UNIQUE_CHECKS */;
/*!40101 SET CHARACTER_SET_CLIENT=@OLD_CHARACTER_SET_CLIENT */;
/*!40101 SET CHARACTER_SET_RESULTS=@OLD_CHARACTER_SET_RESULTS */;
/*!40101 SET COLLATION_CONNECTION=@OLD_COLLATION_CONNECTION */;
/*!40111 SET SQL_NOTES=@OLD_SQL_NOTES */;

-- Dump completed on 2019-09-06 23:50:08
