-- MySQL dump 10.13  Distrib 8.0.12, for Win64 (x86_64)
--
-- Host: localhost    Database: 72crm
-- ------------------------------------------------------
-- Server version	8.0.12

/*!40101 SET @OLD_CHARACTER_SET_CLIENT=@@CHARACTER_SET_CLIENT */;
/*!40101 SET @OLD_CHARACTER_SET_RESULTS=@@CHARACTER_SET_RESULTS */;
/*!40101 SET @OLD_COLLATION_CONNECTION=@@COLLATION_CONNECTION */;
 SET NAMES utf8mb4 ;
/*!40103 SET @OLD_TIME_ZONE=@@TIME_ZONE */;
/*!40103 SET TIME_ZONE='+00:00' */;
/*!40014 SET @OLD_UNIQUE_CHECKS=@@UNIQUE_CHECKS, UNIQUE_CHECKS=0 */;
/*!40014 SET @OLD_FOREIGN_KEY_CHECKS=@@FOREIGN_KEY_CHECKS, FOREIGN_KEY_CHECKS=0 */;
/*!40101 SET @OLD_SQL_MODE=@@SQL_MODE, SQL_MODE='NO_AUTO_VALUE_ON_ZERO' */;
/*!40111 SET @OLD_SQL_NOTES=@@SQL_NOTES, SQL_NOTES=0 */;

--
-- Table structure for table `5kcrm_admin_access`
--

DROP TABLE IF EXISTS `5kcrm_admin_access`;
/*!40101 SET @saved_cs_client     = @@character_set_client */;
 SET character_set_client = utf8mb4 ;
CREATE TABLE `5kcrm_admin_access` (
  `user_id` int(11) NOT NULL,
  `group_id` int(11) NOT NULL
) ENGINE=InnoDB DEFAULT CHARSET=utf8;
/*!40101 SET character_set_client = @saved_cs_client */;

--
-- Dumping data for table `5kcrm_admin_access`
--

LOCK TABLES `5kcrm_admin_access` WRITE;
/*!40000 ALTER TABLE `5kcrm_admin_access` DISABLE KEYS */;
INSERT INTO `5kcrm_admin_access` VALUES (2,1),(4,1),(5,1),(6,8),(7,8),(8,8),(9,8),(10,8),(11,8),(12,8),(13,8),(14,8),(16,8),(17,8),(18,8),(19,8),(20,8),(21,8),(15,10),(22,8),(23,8),(24,8),(25,8),(26,8),(27,8),(28,8),(29,8),(30,8),(32,8),(33,8),(34,10),(31,8),(1,1),(35,6),(3,3),(3,6),(3,10);
/*!40000 ALTER TABLE `5kcrm_admin_access` ENABLE KEYS */;
UNLOCK TABLES;

--
-- Table structure for table `5kcrm_admin_action_log`
--

DROP TABLE IF EXISTS `5kcrm_admin_action_log`;
/*!40101 SET @saved_cs_client     = @@character_set_client */;
 SET character_set_client = utf8mb4 ;
CREATE TABLE `5kcrm_admin_action_log` (
  `log_id` int(11) NOT NULL AUTO_INCREMENT,
  `user_id` int(10) NOT NULL COMMENT '操作人ID',
  `module_name` varchar(50) NOT NULL COMMENT '模块',
  `controller_name` varchar(50) NOT NULL COMMENT '控制器',
  `action_name` varchar(50) NOT NULL COMMENT '方法',
  `action_id` int(10) NOT NULL COMMENT '操作ID',
  `action_delete` tinyint(1) NOT NULL DEFAULT '0' COMMENT '1为删除操作',
  `content` varchar(500) NOT NULL DEFAULT '' COMMENT '操作内容',
  `create_time` int(11) NOT NULL COMMENT '操作时间',
  `join_user_ids` varchar(255) NOT NULL DEFAULT '' COMMENT '抄送人IDs',
  `structure_ids` varchar(255) NOT NULL DEFAULT '' COMMENT '抄送部门IDs',
  PRIMARY KEY (`log_id`)
) ENGINE=InnoDB AUTO_INCREMENT=341 DEFAULT CHARSET=utf8 COMMENT='操作记录表';
/*!40101 SET character_set_client = @saved_cs_client */;

--
-- Dumping data for table `5kcrm_admin_action_log`
--

LOCK TABLES `5kcrm_admin_action_log` WRITE;
/*!40000 ALTER TABLE `5kcrm_admin_action_log` DISABLE KEYS */;
INSERT INTO `5kcrm_admin_action_log` VALUES (1,1,'admin','field','update',14,0,'管理员管理员在2019-08-15 14:09:48修改了id为14的字段',1565849388,'',''),(2,1,'admin','field','update',15,0,'管理员管理员在2019-08-15 14:09:49修改了id为15的字段',1565849389,'',''),(3,1,'admin','field','update',16,0,'管理员管理员在2019-08-15 14:09:49修改了id为16的字段',1565849389,'',''),(4,1,'admin','field','update',17,0,'管理员管理员在2019-08-15 14:09:50修改了id为17的字段',1565849390,'',''),(5,1,'admin','field','update',18,0,'管理员管理员在2019-08-15 14:09:50修改了id为18的字段',1565849390,'',''),(6,1,'admin','field','update',19,0,'管理员管理员在2019-08-15 14:09:51修改了id为19的字段',1565849391,'',''),(7,1,'admin','field','update',20,0,'管理员管理员在2019-08-15 14:09:51修改了id为20的字段',1565849391,'',''),(8,1,'admin','field','update',21,0,'管理员管理员在2019-08-15 14:09:52修改了id为21的字段',1565849392,'',''),(9,1,'admin','field','update',22,0,'管理员管理员在2019-08-15 14:09:52修改了id为22的字段',1565849392,'',''),(10,1,'admin','field','update',99,0,'管理员管理员在2019-08-15 14:09:52修改了id为99的字段',1565849392,'',''),(11,1,'admin','field','update',100,0,'管理员管理员在2019-08-15 14:20:23修改了id为100的字段',1565850023,'',''),(12,1,'admin','field','update',101,0,'管理员管理员在2019-08-15 14:20:24修改了id为101的字段',1565850024,'',''),(13,1,'admin','field','update',14,0,'管理员管理员在2019-08-15 14:20:24修改了id为14的字段',1565850024,'',''),(14,1,'admin','field','update',15,0,'管理员管理员在2019-08-15 14:20:24修改了id为15的字段',1565850024,'',''),(15,1,'admin','field','update',16,0,'管理员管理员在2019-08-15 14:20:24修改了id为16的字段',1565850024,'',''),(16,1,'admin','field','update',17,0,'管理员管理员在2019-08-15 14:20:24修改了id为17的字段',1565850024,'',''),(17,1,'admin','field','update',18,0,'管理员管理员在2019-08-15 14:20:25修改了id为18的字段',1565850025,'',''),(18,1,'admin','field','update',19,0,'管理员管理员在2019-08-15 14:20:25修改了id为19的字段',1565850025,'',''),(19,1,'admin','field','update',20,0,'管理员管理员在2019-08-15 14:20:25修改了id为20的字段',1565850025,'',''),(20,1,'admin','field','update',21,0,'管理员管理员在2019-08-15 14:20:25修改了id为21的字段',1565850025,'',''),(21,1,'admin','field','update',22,0,'管理员管理员在2019-08-15 14:20:25修改了id为22的字段',1565850025,'',''),(22,1,'admin','field','update',99,0,'管理员管理员在2019-08-15 14:20:26修改了id为99的字段',1565850026,'',''),(23,1,'admin','field','update',14,0,'管理员管理员在2019-08-15 14:27:37修改了id为14的字段',1565850457,'',''),(24,1,'admin','field','update',15,0,'管理员管理员在2019-08-15 14:27:37修改了id为15的字段',1565850457,'',''),(25,1,'admin','field','update',16,0,'管理员管理员在2019-08-15 14:27:37修改了id为16的字段',1565850457,'',''),(26,1,'admin','field','update',100,0,'管理员管理员在2019-08-15 14:27:38修改了id为100的字段',1565850458,'',''),(27,1,'admin','field','update',17,0,'管理员管理员在2019-08-15 14:27:38修改了id为17的字段',1565850458,'',''),(28,1,'admin','field','update',18,0,'管理员管理员在2019-08-15 14:27:38修改了id为18的字段',1565850458,'',''),(29,1,'admin','field','update',19,0,'管理员管理员在2019-08-15 14:27:38修改了id为19的字段',1565850458,'',''),(30,1,'admin','field','update',20,0,'管理员管理员在2019-08-15 14:27:38修改了id为20的字段',1565850458,'',''),(31,1,'admin','field','update',21,0,'管理员管理员在2019-08-15 14:27:38修改了id为21的字段',1565850458,'',''),(32,1,'admin','field','update',22,0,'管理员管理员在2019-08-15 14:27:38修改了id为22的字段',1565850458,'',''),(33,1,'admin','field','update',101,0,'管理员管理员在2019-08-15 14:27:38修改了id为101的字段',1565850458,'',''),(34,1,'admin','field','update',99,0,'管理员管理员在2019-08-15 14:27:38修改了id为99的字段',1565850458,'',''),(35,1,'admin','field','update',14,0,'管理员管理员在2019-08-15 14:34:17修改了id为14的字段',1565850857,'',''),(36,1,'admin','field','update',15,0,'管理员管理员在2019-08-15 14:34:17修改了id为15的字段',1565850857,'',''),(37,1,'admin','field','update',16,0,'管理员管理员在2019-08-15 14:34:17修改了id为16的字段',1565850857,'',''),(38,1,'admin','field','update',100,0,'管理员管理员在2019-08-15 14:34:18修改了id为100的字段',1565850858,'',''),(39,1,'admin','field','update',17,0,'管理员管理员在2019-08-15 14:34:18修改了id为17的字段',1565850858,'',''),(40,1,'admin','field','update',18,0,'管理员管理员在2019-08-15 14:34:18修改了id为18的字段',1565850858,'',''),(41,1,'admin','field','update',19,0,'管理员管理员在2019-08-15 14:34:18修改了id为19的字段',1565850858,'',''),(42,1,'admin','field','update',20,0,'管理员管理员在2019-08-15 14:34:18修改了id为20的字段',1565850858,'',''),(43,1,'admin','field','update',21,0,'管理员管理员在2019-08-15 14:34:18修改了id为21的字段',1565850858,'',''),(44,1,'admin','field','update',22,0,'管理员管理员在2019-08-15 14:34:18修改了id为22的字段',1565850858,'',''),(45,1,'admin','field','update',101,0,'管理员管理员在2019-08-15 14:34:18修改了id为101的字段',1565850858,'',''),(46,1,'admin','field','update',99,0,'管理员管理员在2019-08-15 14:34:19修改了id为99的字段',1565850859,'',''),(47,1,'admin','field','update',23,0,'管理员管理员在2019-08-15 21:51:13修改了id为23的字段',1565877073,'',''),(48,1,'admin','field','update',24,0,'管理员管理员在2019-08-15 21:51:13修改了id为24的字段',1565877073,'',''),(49,1,'admin','field','update',25,0,'管理员管理员在2019-08-15 21:51:13修改了id为25的字段',1565877073,'',''),(50,1,'admin','field','update',26,0,'管理员管理员在2019-08-15 21:51:13修改了id为26的字段',1565877073,'',''),(51,1,'admin','field','update',27,0,'管理员管理员在2019-08-15 21:51:14修改了id为27的字段',1565877074,'',''),(52,1,'admin','field','update',28,0,'管理员管理员在2019-08-15 21:51:14修改了id为28的字段',1565877074,'',''),(53,1,'admin','field','update',29,0,'管理员管理员在2019-08-15 21:51:14修改了id为29的字段',1565877074,'',''),(54,1,'admin','field','update',30,0,'管理员管理员在2019-08-15 21:51:14修改了id为30的字段',1565877074,'',''),(55,1,'admin','field','update',31,0,'管理员管理员在2019-08-15 21:51:15修改了id为31的字段',1565877075,'',''),(56,1,'admin','field','update',32,0,'管理员管理员在2019-08-15 21:51:15修改了id为32的字段',1565877075,'',''),(57,1,'admin','field','update',33,0,'管理员管理员在2019-08-15 21:51:15修改了id为33的字段',1565877075,'',''),(58,1,'admin','field','update',23,0,'管理员管理员在2019-08-15 21:51:48修改了id为23的字段',1565877108,'',''),(59,1,'admin','field','update',24,0,'管理员管理员在2019-08-15 21:51:48修改了id为24的字段',1565877108,'',''),(60,1,'admin','field','update',25,0,'管理员管理员在2019-08-15 21:51:48修改了id为25的字段',1565877108,'',''),(61,1,'admin','field','update',26,0,'管理员管理员在2019-08-15 21:51:48修改了id为26的字段',1565877108,'',''),(62,1,'admin','field','update',27,0,'管理员管理员在2019-08-15 21:51:48修改了id为27的字段',1565877108,'',''),(63,1,'admin','field','update',28,0,'管理员管理员在2019-08-15 21:51:48修改了id为28的字段',1565877108,'',''),(64,1,'admin','field','update',29,0,'管理员管理员在2019-08-15 21:51:48修改了id为29的字段',1565877108,'',''),(65,1,'admin','field','update',30,0,'管理员管理员在2019-08-15 21:51:48修改了id为30的字段',1565877108,'',''),(66,1,'admin','field','update',31,0,'管理员管理员在2019-08-15 21:51:48修改了id为31的字段',1565877108,'',''),(67,1,'admin','field','update',32,0,'管理员管理员在2019-08-15 21:51:48修改了id为32的字段',1565877108,'',''),(68,1,'admin','field','update',33,0,'管理员管理员在2019-08-15 21:51:48修改了id为33的字段',1565877108,'',''),(69,1,'admin','field','update',60,0,'管理员管理员在2019-08-15 22:03:25修改了id为60的字段',1565877805,'',''),(70,1,'admin','field','update',61,0,'管理员管理员在2019-08-15 22:03:25修改了id为61的字段',1565877805,'',''),(71,1,'admin','field','update',62,0,'管理员管理员在2019-08-15 22:03:25修改了id为62的字段',1565877805,'',''),(72,1,'admin','field','update',63,0,'管理员管理员在2019-08-15 22:03:25修改了id为63的字段',1565877805,'',''),(73,1,'admin','field','update',64,0,'管理员管理员在2019-08-15 22:03:26修改了id为64的字段',1565877806,'',''),(74,1,'admin','field','update',65,0,'管理员管理员在2019-08-15 22:03:26修改了id为65的字段',1565877806,'',''),(75,1,'admin','field','update',66,0,'管理员管理员在2019-08-15 22:03:26修改了id为66的字段',1565877806,'',''),(76,1,'admin','field','update',60,0,'管理员管理员在2019-08-15 22:03:41修改了id为60的字段',1565877821,'',''),(77,1,'admin','field','update',61,0,'管理员管理员在2019-08-15 22:03:41修改了id为61的字段',1565877821,'',''),(78,1,'admin','field','update',62,0,'管理员管理员在2019-08-15 22:03:41修改了id为62的字段',1565877821,'',''),(79,1,'admin','field','update',63,0,'管理员管理员在2019-08-15 22:03:41修改了id为63的字段',1565877821,'',''),(80,1,'admin','field','update',64,0,'管理员管理员在2019-08-15 22:03:41修改了id为64的字段',1565877821,'',''),(81,1,'admin','field','update',65,0,'管理员管理员在2019-08-15 22:03:41修改了id为65的字段',1565877821,'',''),(82,1,'admin','field','update',66,0,'管理员管理员在2019-08-15 22:03:41修改了id为66的字段',1565877821,'',''),(83,1,'admin','field','update',34,0,'管理员管理员在2019-08-15 22:03:57修改了id为34的字段',1565877837,'',''),(84,1,'admin','field','update',35,0,'管理员管理员在2019-08-15 22:03:57修改了id为35的字段',1565877837,'',''),(85,1,'admin','field','update',36,0,'管理员管理员在2019-08-15 22:03:57修改了id为36的字段',1565877837,'',''),(86,1,'admin','field','update',37,0,'管理员管理员在2019-08-15 22:03:57修改了id为37的字段',1565877837,'',''),(87,1,'admin','field','update',38,0,'管理员管理员在2019-08-15 22:03:58修改了id为38的字段',1565877838,'',''),(88,1,'admin','field','update',39,0,'管理员管理员在2019-08-15 22:03:58修改了id为39的字段',1565877838,'',''),(89,1,'admin','field','update',40,0,'管理员管理员在2019-08-15 22:03:58修改了id为40的字段',1565877838,'',''),(90,1,'admin','field','update',5,0,'管理员管理员在2019-08-15 22:04:42修改了id为5的字段',1565877882,'',''),(91,1,'admin','field','update',6,0,'管理员管理员在2019-08-15 22:04:42修改了id为6的字段',1565877882,'',''),(92,1,'admin','field','update',7,0,'管理员管理员在2019-08-15 22:04:42修改了id为7的字段',1565877882,'',''),(93,1,'admin','field','update',8,0,'管理员管理员在2019-08-15 22:04:42修改了id为8的字段',1565877882,'',''),(94,1,'admin','field','update',9,0,'管理员管理员在2019-08-15 22:04:43修改了id为9的字段',1565877883,'',''),(95,1,'admin','field','update',10,0,'管理员管理员在2019-08-15 22:04:43修改了id为10的字段',1565877883,'',''),(96,1,'admin','field','update',11,0,'管理员管理员在2019-08-15 22:04:43修改了id为11的字段',1565877883,'',''),(97,1,'admin','field','update',12,0,'管理员管理员在2019-08-15 22:04:43修改了id为12的字段',1565877883,'',''),(98,1,'admin','field','update',13,0,'管理员管理员在2019-08-15 22:04:43修改了id为13的字段',1565877883,'',''),(99,1,'admin','field','update',5,0,'管理员管理员在2019-08-15 22:05:40修改了id为5的字段',1565877940,'',''),(100,1,'admin','field','update',6,0,'管理员管理员在2019-08-15 22:05:40修改了id为6的字段',1565877940,'',''),(101,1,'admin','field','update',7,0,'管理员管理员在2019-08-15 22:05:40修改了id为7的字段',1565877940,'',''),(102,1,'admin','field','update',8,0,'管理员管理员在2019-08-15 22:05:40修改了id为8的字段',1565877940,'',''),(103,1,'admin','field','update',9,0,'管理员管理员在2019-08-15 22:05:40修改了id为9的字段',1565877940,'',''),(104,1,'admin','field','update',10,0,'管理员管理员在2019-08-15 22:05:41修改了id为10的字段',1565877941,'',''),(105,1,'admin','field','update',11,0,'管理员管理员在2019-08-15 22:05:41修改了id为11的字段',1565877941,'',''),(106,1,'admin','field','update',12,0,'管理员管理员在2019-08-15 22:05:41修改了id为12的字段',1565877941,'',''),(107,1,'admin','field','update',13,0,'管理员管理员在2019-08-15 22:05:41修改了id为13的字段',1565877941,'',''),(108,1,'admin','field','update',60,0,'管理员管理员在2019-08-15 22:12:57修改了id为60的字段',1565878377,'',''),(109,1,'admin','field','update',61,0,'管理员管理员在2019-08-15 22:12:57修改了id为61的字段',1565878377,'',''),(110,1,'admin','field','update',62,0,'管理员管理员在2019-08-15 22:12:57修改了id为62的字段',1565878377,'',''),(111,1,'admin','field','update',63,0,'管理员管理员在2019-08-15 22:12:57修改了id为63的字段',1565878377,'',''),(112,1,'admin','field','update',64,0,'管理员管理员在2019-08-15 22:12:57修改了id为64的字段',1565878377,'',''),(113,1,'admin','field','update',65,0,'管理员管理员在2019-08-15 22:12:57修改了id为65的字段',1565878377,'',''),(114,1,'admin','field','update',66,0,'管理员管理员在2019-08-15 22:12:57修改了id为66的字段',1565878377,'',''),(115,1,'admin','field','update',60,0,'管理员管理员在2019-08-15 22:14:20修改了id为60的字段',1565878460,'',''),(116,1,'admin','field','update',61,0,'管理员管理员在2019-08-15 22:14:20修改了id为61的字段',1565878460,'',''),(117,1,'admin','field','update',62,0,'管理员管理员在2019-08-15 22:14:21修改了id为62的字段',1565878461,'',''),(118,1,'admin','field','update',63,0,'管理员管理员在2019-08-15 22:14:21修改了id为63的字段',1565878461,'',''),(119,1,'admin','field','update',64,0,'管理员管理员在2019-08-15 22:14:21修改了id为64的字段',1565878461,'',''),(120,1,'admin','field','update',65,0,'管理员管理员在2019-08-15 22:14:21修改了id为65的字段',1565878461,'',''),(121,1,'admin','field','update',66,0,'管理员管理员在2019-08-15 22:14:21修改了id为66的字段',1565878461,'',''),(122,1,'admin','field','update',14,0,'管理员管理员在2019-08-15 22:26:59修改了id为14的字段',1565879219,'',''),(123,1,'admin','field','update',15,0,'管理员管理员在2019-08-15 22:26:59修改了id为15的字段',1565879219,'',''),(124,1,'admin','field','update',16,0,'管理员管理员在2019-08-15 22:26:59修改了id为16的字段',1565879219,'',''),(125,1,'admin','field','update',100,0,'管理员管理员在2019-08-15 22:26:59修改了id为100的字段',1565879219,'',''),(126,1,'admin','field','update',17,0,'管理员管理员在2019-08-15 22:27:00修改了id为17的字段',1565879220,'',''),(127,1,'admin','field','update',18,0,'管理员管理员在2019-08-15 22:27:00修改了id为18的字段',1565879220,'',''),(128,1,'admin','field','update',19,0,'管理员管理员在2019-08-15 22:27:00修改了id为19的字段',1565879220,'',''),(129,1,'admin','field','update',20,0,'管理员管理员在2019-08-15 22:27:00修改了id为20的字段',1565879220,'',''),(130,1,'admin','field','update',21,0,'管理员管理员在2019-08-15 22:27:00修改了id为21的字段',1565879220,'',''),(131,1,'admin','field','update',22,0,'管理员管理员在2019-08-15 22:27:00修改了id为22的字段',1565879220,'',''),(132,1,'admin','field','update',101,0,'管理员管理员在2019-08-15 22:27:00修改了id为101的字段',1565879220,'',''),(133,1,'admin','field','update',99,0,'管理员管理员在2019-08-15 22:27:00修改了id为99的字段',1565879220,'',''),(134,32,'admin','record','save',1,0,'创建了日程',1565879967,'',''),(135,1,'admin','field','update',14,0,'管理员管理员在2019-08-15 22:44:30修改了id为14的字段',1565880270,'',''),(136,1,'admin','field','update',15,0,'管理员管理员在2019-08-15 22:44:30修改了id为15的字段',1565880270,'',''),(137,1,'admin','field','update',16,0,'管理员管理员在2019-08-15 22:44:30修改了id为16的字段',1565880270,'',''),(138,1,'admin','field','update',100,0,'管理员管理员在2019-08-15 22:44:30修改了id为100的字段',1565880270,'',''),(139,1,'admin','field','update',17,0,'管理员管理员在2019-08-15 22:44:30修改了id为17的字段',1565880270,'',''),(140,1,'admin','field','update',18,0,'管理员管理员在2019-08-15 22:44:30修改了id为18的字段',1565880270,'',''),(141,1,'admin','field','update',19,0,'管理员管理员在2019-08-15 22:44:30修改了id为19的字段',1565880270,'',''),(142,1,'admin','field','update',20,0,'管理员管理员在2019-08-15 22:44:30修改了id为20的字段',1565880270,'',''),(143,1,'admin','field','update',21,0,'管理员管理员在2019-08-15 22:44:30修改了id为21的字段',1565880270,'',''),(144,1,'admin','field','update',22,0,'管理员管理员在2019-08-15 22:44:30修改了id为22的字段',1565880270,'',''),(145,1,'admin','field','update',101,0,'管理员管理员在2019-08-15 22:44:30修改了id为101的字段',1565880270,'',''),(146,1,'admin','field','update',99,0,'管理员管理员在2019-08-15 22:44:30修改了id为99的字段',1565880270,'',''),(147,1,'admin','field','update',102,0,'管理员管理员在2019-08-15 22:49:44修改了id为102的字段',1565880584,'',''),(148,1,'admin','field','update',14,0,'管理员管理员在2019-08-15 22:49:44修改了id为14的字段',1565880584,'',''),(149,1,'admin','field','update',15,0,'管理员管理员在2019-08-15 22:49:44修改了id为15的字段',1565880584,'',''),(150,1,'admin','field','update',16,0,'管理员管理员在2019-08-15 22:49:44修改了id为16的字段',1565880584,'',''),(151,1,'admin','field','update',100,0,'管理员管理员在2019-08-15 22:49:44修改了id为100的字段',1565880584,'',''),(152,1,'admin','field','update',17,0,'管理员管理员在2019-08-15 22:49:44修改了id为17的字段',1565880584,'',''),(153,1,'admin','field','update',18,0,'管理员管理员在2019-08-15 22:49:44修改了id为18的字段',1565880584,'',''),(154,1,'admin','field','update',19,0,'管理员管理员在2019-08-15 22:49:44修改了id为19的字段',1565880584,'',''),(155,1,'admin','field','update',20,0,'管理员管理员在2019-08-15 22:49:44修改了id为20的字段',1565880584,'',''),(156,1,'admin','field','update',21,0,'管理员管理员在2019-08-15 22:49:44修改了id为21的字段',1565880584,'',''),(157,1,'admin','field','update',22,0,'管理员管理员在2019-08-15 22:49:44修改了id为22的字段',1565880584,'',''),(158,1,'admin','field','update',101,0,'管理员管理员在2019-08-15 22:49:44修改了id为101的字段',1565880584,'',''),(159,1,'admin','field','update',99,0,'管理员管理员在2019-08-15 22:49:44修改了id为99的字段',1565880584,'',''),(160,1,'admin','field','update',14,0,'管理员管理员在2019-08-15 22:49:57修改了id为14的字段',1565880597,'',''),(161,1,'admin','field','update',102,0,'管理员管理员在2019-08-15 22:49:57修改了id为102的字段',1565880597,'',''),(162,1,'admin','field','update',15,0,'管理员管理员在2019-08-15 22:49:57修改了id为15的字段',1565880597,'',''),(163,1,'admin','field','update',16,0,'管理员管理员在2019-08-15 22:49:57修改了id为16的字段',1565880597,'',''),(164,1,'admin','field','update',100,0,'管理员管理员在2019-08-15 22:49:57修改了id为100的字段',1565880597,'',''),(165,1,'admin','field','update',17,0,'管理员管理员在2019-08-15 22:49:57修改了id为17的字段',1565880597,'',''),(166,1,'admin','field','update',18,0,'管理员管理员在2019-08-15 22:49:57修改了id为18的字段',1565880597,'',''),(167,1,'admin','field','update',19,0,'管理员管理员在2019-08-15 22:49:57修改了id为19的字段',1565880597,'',''),(168,1,'admin','field','update',20,0,'管理员管理员在2019-08-15 22:49:57修改了id为20的字段',1565880597,'',''),(169,1,'admin','field','update',21,0,'管理员管理员在2019-08-15 22:49:58修改了id为21的字段',1565880598,'',''),(170,1,'admin','field','update',22,0,'管理员管理员在2019-08-15 22:49:58修改了id为22的字段',1565880598,'',''),(171,1,'admin','field','update',101,0,'管理员管理员在2019-08-15 22:49:58修改了id为101的字段',1565880598,'',''),(172,1,'admin','field','update',99,0,'管理员管理员在2019-08-15 22:49:58修改了id为99的字段',1565880598,'',''),(173,1,'crm','contract','delete',1,1,'管理员管理员在2019-08-15 22:57:31删除了id为1的contract',1565881051,'',''),(174,3,'work','task','save',1,0,'新建了任务',1565931263,'',''),(175,3,'work','task','taskover',1,0,'任务标记结束',1565931301,',3,',''),(176,3,'work','task','taskover',1,0,'任务标记开始',1565931307,',3,',''),(177,3,'work','task','taskover',1,0,'任务标记结束',1565931314,',3,',''),(178,3,'work','task','taskover',1,0,'任务标记开始',1565931316,',3,',''),(179,3,'work','task','updatestoptime',1,0,'修改了任务',1565931324,'',''),(180,3,'work','task','save',2,0,'新建了任务',1565931442,'',''),(181,1,'admin','field','update',23,0,'管理员竭友在2019-08-17 15:09:46修改了id为23的字段',1566025786,'',''),(182,1,'admin','field','update',24,0,'管理员竭友在2019-08-17 15:09:46修改了id为24的字段',1566025786,'',''),(183,1,'admin','field','update',25,0,'管理员竭友在2019-08-17 15:09:46修改了id为25的字段',1566025786,'',''),(184,1,'admin','field','update',26,0,'管理员竭友在2019-08-17 15:09:46修改了id为26的字段',1566025786,'',''),(185,1,'admin','field','update',27,0,'管理员竭友在2019-08-17 15:09:46修改了id为27的字段',1566025786,'',''),(186,1,'admin','field','update',28,0,'管理员竭友在2019-08-17 15:09:46修改了id为28的字段',1566025786,'',''),(187,1,'admin','field','update',29,0,'管理员竭友在2019-08-17 15:09:46修改了id为29的字段',1566025786,'',''),(188,1,'admin','field','update',30,0,'管理员竭友在2019-08-17 15:09:46修改了id为30的字段',1566025786,'',''),(189,1,'admin','field','update',31,0,'管理员竭友在2019-08-17 15:09:47修改了id为31的字段',1566025787,'',''),(190,1,'admin','field','update',32,0,'管理员竭友在2019-08-17 15:09:47修改了id为32的字段',1566025787,'',''),(191,1,'admin','field','update',33,0,'管理员竭友在2019-08-17 15:09:47修改了id为33的字段',1566025787,'',''),(192,1,'admin','field','update',14,0,'管理员竭友在2019-08-17 15:10:58修改了id为14的字段',1566025858,'',''),(193,1,'admin','field','update',102,0,'管理员竭友在2019-08-17 15:10:58修改了id为102的字段',1566025858,'',''),(194,1,'admin','field','update',15,0,'管理员竭友在2019-08-17 15:10:58修改了id为15的字段',1566025858,'',''),(195,1,'admin','field','update',16,0,'管理员竭友在2019-08-17 15:10:58修改了id为16的字段',1566025858,'',''),(196,1,'admin','field','update',100,0,'管理员竭友在2019-08-17 15:10:58修改了id为100的字段',1566025858,'',''),(197,1,'admin','field','update',17,0,'管理员竭友在2019-08-17 15:10:58修改了id为17的字段',1566025858,'',''),(198,1,'admin','field','update',18,0,'管理员竭友在2019-08-17 15:10:58修改了id为18的字段',1566025858,'',''),(199,1,'admin','field','update',101,0,'管理员竭友在2019-08-17 15:10:58修改了id为101的字段',1566025858,'',''),(200,1,'admin','field','update',99,0,'管理员竭友在2019-08-17 15:10:58修改了id为99的字段',1566025858,'',''),(201,1,'admin','field','update',19,0,'管理员竭友在2019-08-17 15:10:58修改了id为19的字段',1566025858,'',''),(202,1,'admin','field','update',20,0,'管理员竭友在2019-08-17 15:10:58修改了id为20的字段',1566025858,'',''),(203,1,'admin','field','update',21,0,'管理员竭友在2019-08-17 15:10:58修改了id为21的字段',1566025858,'',''),(204,1,'admin','field','update',22,0,'管理员竭友在2019-08-17 15:10:58修改了id为22的字段',1566025858,'',''),(205,1,'admin','field','update',103,0,'管理员竭友在2019-08-17 21:04:38修改了id为103的字段',1566047078,'',''),(206,1,'admin','field','update',14,0,'管理员竭友在2019-08-17 21:04:38修改了id为14的字段',1566047078,'',''),(207,1,'admin','field','update',102,0,'管理员竭友在2019-08-17 21:04:38修改了id为102的字段',1566047078,'',''),(208,1,'admin','field','update',15,0,'管理员竭友在2019-08-17 21:04:38修改了id为15的字段',1566047078,'',''),(209,1,'admin','field','update',16,0,'管理员竭友在2019-08-17 21:04:38修改了id为16的字段',1566047078,'',''),(210,1,'admin','field','update',100,0,'管理员竭友在2019-08-17 21:04:38修改了id为100的字段',1566047078,'',''),(211,1,'admin','field','update',17,0,'管理员竭友在2019-08-17 21:04:38修改了id为17的字段',1566047078,'',''),(212,1,'admin','field','update',18,0,'管理员竭友在2019-08-17 21:04:38修改了id为18的字段',1566047078,'',''),(213,1,'admin','field','update',99,0,'管理员竭友在2019-08-17 21:04:38修改了id为99的字段',1566047078,'',''),(214,1,'admin','field','update',19,0,'管理员竭友在2019-08-17 21:04:38修改了id为19的字段',1566047078,'',''),(215,1,'admin','field','update',20,0,'管理员竭友在2019-08-17 21:04:38修改了id为20的字段',1566047078,'',''),(216,1,'admin','field','update',21,0,'管理员竭友在2019-08-17 21:04:39修改了id为21的字段',1566047079,'',''),(217,1,'admin','field','update',22,0,'管理员竭友在2019-08-17 21:04:39修改了id为22的字段',1566047079,'',''),(218,1,'admin','field','update',104,0,'管理员竭友在2019-08-17 21:05:21修改了id为104的字段',1566047121,'',''),(219,1,'admin','field','update',14,0,'管理员竭友在2019-08-17 21:05:21修改了id为14的字段',1566047121,'',''),(220,1,'admin','field','update',102,0,'管理员竭友在2019-08-17 21:05:21修改了id为102的字段',1566047121,'',''),(221,1,'admin','field','update',15,0,'管理员竭友在2019-08-17 21:05:21修改了id为15的字段',1566047121,'',''),(222,1,'admin','field','update',16,0,'管理员竭友在2019-08-17 21:05:21修改了id为16的字段',1566047121,'',''),(223,1,'admin','field','update',100,0,'管理员竭友在2019-08-17 21:05:21修改了id为100的字段',1566047121,'',''),(224,1,'admin','field','update',17,0,'管理员竭友在2019-08-17 21:05:21修改了id为17的字段',1566047121,'',''),(225,1,'admin','field','update',18,0,'管理员竭友在2019-08-17 21:05:21修改了id为18的字段',1566047121,'',''),(226,1,'admin','field','update',99,0,'管理员竭友在2019-08-17 21:05:21修改了id为99的字段',1566047121,'',''),(227,1,'admin','field','update',19,0,'管理员竭友在2019-08-17 21:05:21修改了id为19的字段',1566047121,'',''),(228,1,'admin','field','update',20,0,'管理员竭友在2019-08-17 21:05:22修改了id为20的字段',1566047122,'',''),(229,1,'admin','field','update',21,0,'管理员竭友在2019-08-17 21:05:22修改了id为21的字段',1566047122,'',''),(230,1,'admin','field','update',22,0,'管理员竭友在2019-08-17 21:05:22修改了id为22的字段',1566047122,'',''),(231,1,'admin','field','update',14,0,'管理员竭友在2019-08-17 21:05:36修改了id为14的字段',1566047136,'',''),(232,1,'admin','field','update',102,0,'管理员竭友在2019-08-17 21:05:36修改了id为102的字段',1566047136,'',''),(233,1,'admin','field','update',15,0,'管理员竭友在2019-08-17 21:05:36修改了id为15的字段',1566047136,'',''),(234,1,'admin','field','update',16,0,'管理员竭友在2019-08-17 21:05:36修改了id为16的字段',1566047136,'',''),(235,1,'admin','field','update',100,0,'管理员竭友在2019-08-17 21:05:36修改了id为100的字段',1566047136,'',''),(236,1,'admin','field','update',17,0,'管理员竭友在2019-08-17 21:05:36修改了id为17的字段',1566047136,'',''),(237,1,'admin','field','update',18,0,'管理员竭友在2019-08-17 21:05:36修改了id为18的字段',1566047136,'',''),(238,1,'admin','field','update',104,0,'管理员竭友在2019-08-17 21:05:37修改了id为104的字段',1566047137,'',''),(239,1,'admin','field','update',99,0,'管理员竭友在2019-08-17 21:05:37修改了id为99的字段',1566047137,'',''),(240,1,'admin','field','update',19,0,'管理员竭友在2019-08-17 21:05:37修改了id为19的字段',1566047137,'',''),(241,1,'admin','field','update',20,0,'管理员竭友在2019-08-17 21:05:37修改了id为20的字段',1566047137,'',''),(242,1,'admin','field','update',21,0,'管理员竭友在2019-08-17 21:05:37修改了id为21的字段',1566047137,'',''),(243,1,'admin','field','update',22,0,'管理员竭友在2019-08-17 21:05:37修改了id为22的字段',1566047137,'',''),(244,1,'admin','field','update',14,0,'管理员竭友在2019-08-17 21:05:42修改了id为14的字段',1566047142,'',''),(245,1,'admin','field','update',102,0,'管理员竭友在2019-08-17 21:05:43修改了id为102的字段',1566047143,'',''),(246,1,'admin','field','update',15,0,'管理员竭友在2019-08-17 21:05:43修改了id为15的字段',1566047143,'',''),(247,1,'admin','field','update',16,0,'管理员竭友在2019-08-17 21:05:43修改了id为16的字段',1566047143,'',''),(248,1,'admin','field','update',100,0,'管理员竭友在2019-08-17 21:05:43修改了id为100的字段',1566047143,'',''),(249,1,'admin','field','update',17,0,'管理员竭友在2019-08-17 21:05:43修改了id为17的字段',1566047143,'',''),(250,1,'admin','field','update',18,0,'管理员竭友在2019-08-17 21:05:43修改了id为18的字段',1566047143,'',''),(251,1,'admin','field','update',104,0,'管理员竭友在2019-08-17 21:05:43修改了id为104的字段',1566047143,'',''),(252,1,'admin','field','update',99,0,'管理员竭友在2019-08-17 21:05:43修改了id为99的字段',1566047143,'',''),(253,1,'admin','field','update',19,0,'管理员竭友在2019-08-17 21:05:43修改了id为19的字段',1566047143,'',''),(254,1,'admin','field','update',20,0,'管理员竭友在2019-08-17 21:05:43修改了id为20的字段',1566047143,'',''),(255,1,'admin','field','update',21,0,'管理员竭友在2019-08-17 21:05:43修改了id为21的字段',1566047143,'',''),(256,1,'admin','field','update',22,0,'管理员竭友在2019-08-17 21:05:43修改了id为22的字段',1566047143,'',''),(257,1,'crm','contacts','delete',3,1,'管理员竭友在2019-08-17 21:14:56删除了id为3的contacts',1566047696,'',''),(258,1,'crm','contacts','delete',2,1,'管理员竭友在2019-08-17 21:14:56删除了id为2的contacts',1566047696,'',''),(259,1,'crm','contacts','delete',1,1,'管理员竭友在2019-08-17 21:14:56删除了id为1的contacts',1566047696,'',''),(260,1,'crm','customer','delete',2,1,'管理员竭友在2019-08-19 01:41:47删除了id为2的客户',1566150107,'',''),(261,3,'oa','task','taskover',2,0,'任务标记结束',1566178855,',3,',''),(262,3,'oa','task','taskover',1,0,'任务标记结束',1566178856,',3,',''),(263,9,'oa','examine','save',1,0,'创建了审批',1566198317,'',''),(264,3,'admin','field','update',105,0,'员工张碧兰在2019-08-19 20:28:37修改了id为105的字段',1566217717,'',''),(265,3,'admin','field','update',106,0,'员工张碧兰在2019-08-19 20:28:38修改了id为106的字段',1566217718,'',''),(266,3,'admin','field','update',107,0,'员工张碧兰在2019-08-19 20:28:38修改了id为107的字段',1566217718,'',''),(267,3,'admin','field','update',108,0,'员工张碧兰在2019-08-19 20:28:38修改了id为108的字段',1566217718,'',''),(268,3,'admin','field','update',60,0,'员工张碧兰在2019-08-19 20:28:38修改了id为60的字段',1566217718,'',''),(269,3,'admin','field','update',61,0,'员工张碧兰在2019-08-19 20:28:38修改了id为61的字段',1566217718,'',''),(270,3,'admin','field','update',62,0,'员工张碧兰在2019-08-19 20:28:38修改了id为62的字段',1566217718,'',''),(271,3,'admin','field','update',63,0,'员工张碧兰在2019-08-19 20:28:38修改了id为63的字段',1566217718,'',''),(272,3,'admin','field','update',64,0,'员工张碧兰在2019-08-19 20:28:38修改了id为64的字段',1566217718,'',''),(273,3,'admin','field','update',65,0,'员工张碧兰在2019-08-19 20:28:38修改了id为65的字段',1566217718,'',''),(274,3,'admin','field','update',66,0,'员工张碧兰在2019-08-19 20:28:38修改了id为66的字段',1566217718,'',''),(275,3,'admin','field','update',109,0,'员工张碧兰在2019-08-20 09:02:37修改了id为109的字段',1566262957,'',''),(276,3,'admin','field','update',60,0,'员工张碧兰在2019-08-20 09:02:37修改了id为60的字段',1566262957,'',''),(277,3,'admin','field','update',61,0,'员工张碧兰在2019-08-20 09:02:37修改了id为61的字段',1566262957,'',''),(278,3,'admin','field','update',62,0,'员工张碧兰在2019-08-20 09:02:37修改了id为62的字段',1566262957,'',''),(279,3,'admin','field','update',63,0,'员工张碧兰在2019-08-20 09:02:37修改了id为63的字段',1566262957,'',''),(280,3,'admin','field','update',64,0,'员工张碧兰在2019-08-20 09:02:37修改了id为64的字段',1566262957,'',''),(281,3,'admin','field','update',65,0,'员工张碧兰在2019-08-20 09:02:37修改了id为65的字段',1566262957,'',''),(282,3,'admin','field','update',66,0,'员工张碧兰在2019-08-20 09:02:37修改了id为66的字段',1566262957,'',''),(283,3,'admin','field','update',105,0,'员工张碧兰在2019-08-20 09:02:37修改了id为105的字段',1566262957,'',''),(284,3,'admin','field','update',106,0,'员工张碧兰在2019-08-20 09:02:37修改了id为106的字段',1566262957,'',''),(285,3,'admin','field','update',107,0,'员工张碧兰在2019-08-20 09:02:37修改了id为107的字段',1566262957,'',''),(286,3,'admin','field','update',108,0,'员工张碧兰在2019-08-20 09:02:37修改了id为108的字段',1566262957,'',''),(287,3,'admin','field','update',60,0,'员工张碧兰在2019-08-20 14:32:51修改了id为60的字段',1566282771,'',''),(288,3,'admin','field','update',61,0,'员工张碧兰在2019-08-20 14:32:52修改了id为61的字段',1566282772,'',''),(289,3,'admin','field','update',62,0,'员工张碧兰在2019-08-20 14:32:52修改了id为62的字段',1566282772,'',''),(290,3,'admin','field','update',63,0,'员工张碧兰在2019-08-20 14:32:52修改了id为63的字段',1566282772,'',''),(291,3,'admin','field','update',64,0,'员工张碧兰在2019-08-20 14:32:52修改了id为64的字段',1566282772,'',''),(292,3,'admin','field','update',65,0,'员工张碧兰在2019-08-20 14:32:52修改了id为65的字段',1566282772,'',''),(293,3,'admin','field','update',66,0,'员工张碧兰在2019-08-20 14:32:52修改了id为66的字段',1566282772,'',''),(294,3,'admin','field','update',105,0,'员工张碧兰在2019-08-20 14:32:52修改了id为105的字段',1566282772,'',''),(295,3,'admin','field','update',106,0,'员工张碧兰在2019-08-20 14:32:52修改了id为106的字段',1566282772,'',''),(296,3,'admin','field','update',107,0,'员工张碧兰在2019-08-20 14:32:52修改了id为107的字段',1566282772,'',''),(297,3,'admin','field','update',108,0,'员工张碧兰在2019-08-20 14:32:52修改了id为108的字段',1566282772,'',''),(298,3,'admin','field','update',109,0,'员工张碧兰在2019-08-20 14:32:52修改了id为109的字段',1566282772,'',''),(299,1,'admin','field','update',110,0,'管理员竭友在2019-08-20 22:06:08修改了id为110的字段',1566309968,'',''),(300,1,'admin','field','update',23,0,'管理员竭友在2019-08-20 22:06:08修改了id为23的字段',1566309968,'',''),(301,1,'admin','field','update',24,0,'管理员竭友在2019-08-20 22:06:08修改了id为24的字段',1566309968,'',''),(302,1,'admin','field','update',25,0,'管理员竭友在2019-08-20 22:06:08修改了id为25的字段',1566309968,'',''),(303,1,'admin','field','update',26,0,'管理员竭友在2019-08-20 22:06:08修改了id为26的字段',1566309968,'',''),(304,1,'admin','field','update',27,0,'管理员竭友在2019-08-20 22:06:08修改了id为27的字段',1566309968,'',''),(305,1,'admin','field','update',28,0,'管理员竭友在2019-08-20 22:06:08修改了id为28的字段',1566309968,'',''),(306,1,'admin','field','update',29,0,'管理员竭友在2019-08-20 22:06:08修改了id为29的字段',1566309968,'',''),(307,1,'admin','field','update',30,0,'管理员竭友在2019-08-20 22:06:08修改了id为30的字段',1566309968,'',''),(308,1,'admin','field','update',31,0,'管理员竭友在2019-08-20 22:06:08修改了id为31的字段',1566309968,'',''),(309,1,'admin','field','update',32,0,'管理员竭友在2019-08-20 22:06:08修改了id为32的字段',1566309968,'',''),(310,1,'admin','field','update',33,0,'管理员竭友在2019-08-20 22:06:08修改了id为33的字段',1566309968,'',''),(311,1,'admin','field','update',14,0,'管理员竭友在2019-08-20 22:06:35修改了id为14的字段',1566309995,'',''),(312,1,'admin','field','update',102,0,'管理员竭友在2019-08-20 22:06:35修改了id为102的字段',1566309995,'',''),(313,1,'admin','field','update',15,0,'管理员竭友在2019-08-20 22:06:35修改了id为15的字段',1566309995,'',''),(314,1,'admin','field','update',16,0,'管理员竭友在2019-08-20 22:06:35修改了id为16的字段',1566309995,'',''),(315,1,'admin','field','update',100,0,'管理员竭友在2019-08-20 22:06:35修改了id为100的字段',1566309995,'',''),(316,1,'admin','field','update',17,0,'管理员竭友在2019-08-20 22:06:35修改了id为17的字段',1566309995,'',''),(317,1,'admin','field','update',18,0,'管理员竭友在2019-08-20 22:06:35修改了id为18的字段',1566309995,'',''),(318,1,'admin','field','update',104,0,'管理员竭友在2019-08-20 22:06:35修改了id为104的字段',1566309995,'',''),(319,1,'admin','field','update',99,0,'管理员竭友在2019-08-20 22:06:35修改了id为99的字段',1566309995,'',''),(320,1,'admin','field','update',19,0,'管理员竭友在2019-08-20 22:06:35修改了id为19的字段',1566309995,'',''),(321,1,'admin','field','update',20,0,'管理员竭友在2019-08-20 22:06:35修改了id为20的字段',1566309995,'',''),(322,1,'admin','field','update',21,0,'管理员竭友在2019-08-20 22:06:35修改了id为21的字段',1566309995,'',''),(323,1,'admin','field','update',22,0,'管理员竭友在2019-08-20 22:06:35修改了id为22的字段',1566309995,'',''),(324,1,'admin','field','update',14,0,'管理员竭友在2019-08-20 22:06:57修改了id为14的字段',1566310017,'',''),(325,1,'admin','field','update',102,0,'管理员竭友在2019-08-20 22:06:57修改了id为102的字段',1566310017,'',''),(326,1,'admin','field','update',15,0,'管理员竭友在2019-08-20 22:06:57修改了id为15的字段',1566310017,'',''),(327,1,'admin','field','update',16,0,'管理员竭友在2019-08-20 22:06:57修改了id为16的字段',1566310017,'',''),(328,1,'admin','field','update',100,0,'管理员竭友在2019-08-20 22:06:57修改了id为100的字段',1566310017,'',''),(329,1,'admin','field','update',17,0,'管理员竭友在2019-08-20 22:06:57修改了id为17的字段',1566310017,'',''),(330,1,'admin','field','update',18,0,'管理员竭友在2019-08-20 22:06:57修改了id为18的字段',1566310017,'',''),(331,1,'admin','field','update',104,0,'管理员竭友在2019-08-20 22:06:57修改了id为104的字段',1566310017,'',''),(332,1,'admin','field','update',99,0,'管理员竭友在2019-08-20 22:06:58修改了id为99的字段',1566310018,'',''),(333,1,'admin','field','update',19,0,'管理员竭友在2019-08-20 22:06:58修改了id为19的字段',1566310018,'',''),(334,1,'admin','field','update',20,0,'管理员竭友在2019-08-20 22:06:58修改了id为20的字段',1566310018,'',''),(335,1,'admin','field','update',21,0,'管理员竭友在2019-08-20 22:06:58修改了id为21的字段',1566310018,'',''),(336,1,'admin','field','update',22,0,'管理员竭友在2019-08-20 22:06:58修改了id为22的字段',1566310018,'',''),(337,1,'crm','business','delete',2,1,'管理员竭友在2019-08-20 22:14:49删除了id为2的business',1566310489,'',''),(338,1,'crm','business','delete',1,1,'管理员竭友在2019-08-20 22:15:01删除了id为1的business',1566310501,'',''),(339,9,'oa','examine','save',11,0,'创建了审批',1566368803,'',''),(340,11,'oa','event','save',2,0,'创建了日程',1566399226,'','');
/*!40000 ALTER TABLE `5kcrm_admin_action_log` ENABLE KEYS */;
UNLOCK TABLES;

--
-- Table structure for table `5kcrm_admin_action_record`
--

DROP TABLE IF EXISTS `5kcrm_admin_action_record`;
/*!40101 SET @saved_cs_client     = @@character_set_client */;
 SET character_set_client = utf8mb4 ;
CREATE TABLE `5kcrm_admin_action_record` (
  `id` int(11) NOT NULL AUTO_INCREMENT,
  `user_id` int(10) NOT NULL COMMENT '用户ID',
  `create_time` int(11) NOT NULL COMMENT '创建时间',
  `types` varchar(20) NOT NULL COMMENT '类型',
  `action_id` int(11) NOT NULL COMMENT '操作ID',
  `content` text COMMENT '内容',
  PRIMARY KEY (`id`)
) ENGINE=InnoDB AUTO_INCREMENT=72 DEFAULT CHARSET=utf8 COMMENT='字段操作记录表';
/*!40101 SET character_set_client = @saved_cs_client */;

--
-- Dumping data for table `5kcrm_admin_action_record`
--

LOCK TABLES `5kcrm_admin_action_record` WRITE;
/*!40000 ALTER TABLE `5kcrm_admin_action_record` DISABLE KEYS */;
INSERT INTO `5kcrm_admin_action_record` VALUES (1,31,1565877324,'crm_customer',1,'创建了客户'),(2,34,1565879063,'crm_customer',2,'创建了客户'),(3,1,1565879248,'crm_customer',2,'将 \'所属部门\' 由 培训部 修改为 产品事业部'),(4,1,1565879293,'crm_customer',2,'将客户放入公海'),(5,32,1565879598,'crm_customer',2,'领取了客户'),(6,32,1565879659,'crm_customer',2,'将客户放入公海'),(7,32,1565879675,'crm_customer',2,'领取了客户'),(8,32,1565880796,'crm_customer',2,'将 \'省份\' 由 空 修改为 内蒙古'),(9,1,1566024586,'crm_customer',2,'将客户放入公海'),(10,31,1566043991,'crm_customer',3,'创建了客户'),(11,31,1566045668,'crm_customer',3,'将客户放入公海'),(12,31,1566045891,'crm_customer',3,'领取了客户'),(13,9,1566046765,'crm_customer',4,'创建了客户'),(14,9,1566047467,'crm_customer',4,'将 \'联系人\' 由 空 修改为 朱瑞芳.|.将 \'地区定位\' 由 空 修改为 贵州省\n黔东南苗族侗族自治州\n凯里市'),(15,9,1566047744,'crm_customer',5,'创建了客户'),(16,1,1566047804,'crm_customer',3,'将客户锁定'),(17,1,1566047805,'crm_customer',1,'将客户锁定'),(18,1,1566150086,'crm_customer',2,'领取了客户'),(19,1,1566150098,'crm_customer',2,'将客户锁定'),(20,13,1566180040,'crm_customer',6,'创建了客户'),(21,13,1566180555,'crm_customer',6,'将 \'手机\' 由 13520008752 修改为 13290085070.|.将 \'电话\' 由 13290085070 修改为 023-89855095.|.将 \'网址\' 由 空 修改为 http://www.swp.cn/.|.将 \'备注\' 由 此客户是我和孙志强共同跟进的企业 修改为 此客户是我和孙志强共同跟进的企业，企业目前各部门走流程和其他服务公司在做价格对比。'),(22,13,1566182695,'crm_customer',6,'将 \'网址\' 由 http://www.swp.cn/ 修改为 http://www.swp.cn/index.php?c=article&a=type&tid=135'),(23,13,1566182748,'crm_customer',6,'将客户转移给：孙志强'),(24,13,1566184359,'crm_customer',7,'创建了客户'),(25,13,1566186760,'crm_customer',8,'创建了客户'),(26,9,1566196142,'crm_customer',9,'创建了客户'),(27,9,1566205817,'crm_business',5,'将 \'商机名称\' 由 DMS单机版 修改为 会员需求'),(28,11,1566271172,'crm_customer',10,'创建了客户'),(29,3,1566281295,'crm_product',1,'将 \'产品名称\' 由 DMS网络版软件 修改为 中食药®嘉和eGMP-DMS数据管理系统（网络版）及DMS软件计算机化系统验证服务.|.将 \'报价金额\' 由 300000.00 修改为 330000.00'),(30,3,1566281623,'crm_product',1,'将 \'产品描述\' 由 空 修改为 软件+验证+实施费用'),(31,3,1566281704,'crm_product',1,'将 \'产品描述\' 由 软件+验证+实施费用 修改为 软件+验证+实施费用（10个端口+5个用户名）'),(32,3,1566282191,'crm_product',6,'将 \'产品描述\' 由 空 修改为 单机版验证'),(33,3,1566283314,'crm_product',21,'将 \'产品名称\' 由 模块验证 修改为 模块验证+实施.|.将 \'报价金额\' 由 150000.00 修改为 180000.00.|.将 \'产品描述\' 由 800001-800013产品模块的验证费用 修改为 800001-800013产品模块的验证+实施费用.|.将 \'单行文本\' 由 空 修改为 模块验证15万+实施3万'),(34,3,1566283481,'crm_product',22,'将 \'产品编码\' 由 1 修改为 100001-1'),(35,3,1566283585,'crm_product',22,'将 \'单位\' 由 套 修改为 台'),(36,3,1566283671,'crm_product',7,'将 \'产品名称\' 由 仪器软件计算机化系统验证服务 修改为 仪器软件计算机化系统验证（属于3类系统）'),(37,3,1566283744,'crm_product',24,'将 \'产品编码\' 由 1 修改为 700002'),(38,3,1566284595,'crm_product',24,'将 \'产品名称\' 由 CDS计算机化系统验证 修改为 网络版计算机化系统验证（例如安捷伦、岛津、沃特世等网络版验证）.|.将 \'报价金额\' 由 300000.00 修改为 200000.00'),(39,3,1566298131,'crm_customer',11,'创建了客户'),(40,3,1566298690,'crm_customer',12,'创建了客户'),(41,14,1566303490,'crm_customer',13,'创建了客户'),(42,14,1566304326,'crm_customer',14,'创建了客户'),(43,14,1566304786,'crm_customer',15,'创建了客户'),(44,14,1566304846,'crm_contacts',6,'将 \'职务\' 由 空 修改为 总经理'),(45,14,1566304904,'crm_customer',15,'将 \'客户来源\' 由 空 修改为 转介绍.|.将 \'下次联系时间\' 由 1970-01-01 修改为 2019-09-13'),(46,14,1566305298,'crm_customer',16,'创建了客户'),(47,14,1566305588,'crm_customer',16,'将 \'省份\' 由 江苏 修改为 江苏 山东'),(48,14,1566305806,'crm_customer',17,'创建了客户'),(49,14,1566305868,'crm_customer',18,'创建了客户'),(50,14,1566306295,'crm_customer',19,'创建了客户'),(51,14,1566307662,'crm_customer',20,'创建了客户'),(52,14,1566307835,'crm_customer',21,'创建了客户'),(53,11,1566310993,'crm_customer',22,'创建了客户'),(54,7,1566348532,'crm_customer',23,'创建了客户'),(55,7,1566348678,'crm_customer',24,'创建了客户'),(56,7,1566348883,'crm_customer',25,'创建了客户'),(57,7,1566348988,'crm_customer',24,'将 \'备注\' 由 空 修改为 客户想19年11月过认证   我们帮忙做质量体系文件审核和验证文件审核，已经做了报价 等待结果'),(58,7,1566349067,'crm_customer',23,'将 \'备注\' 由 空 修改为 客户上数据自动备份软件，钱已经批复  基本定了我们   现在沟通具体协议细节'),(59,7,1566349269,'crm_customer',26,'创建了客户'),(60,7,1566349483,'crm_customer',27,'创建了客户'),(61,7,1566349738,'crm_customer',28,'创建了客户'),(62,7,1566349873,'crm_customer',29,'创建了客户'),(63,7,1566350138,'crm_customer',30,'创建了客户'),(64,7,1566350325,'crm_customer',29,'将 \'地区定位\' 由 内蒙古自治区\n通辽市\n 修改为 内蒙古自治区\n乌兰察布市\n'),(65,7,1566350503,'crm_customer',31,'创建了客户'),(66,7,1566350644,'crm_customer',32,'创建了客户'),(67,7,1566350793,'crm_customer',33,'创建了客户'),(68,7,1566351336,'crm_customer',34,'创建了客户'),(69,7,1566351553,'crm_customer',35,'创建了客户'),(70,9,1566368944,'crm_customer',4,'将 \'客户级别\' 由 A（重点客户） 修改为 B（普通客户）'),(71,11,1566398533,'crm_customer',36,'创建了客户');
/*!40000 ALTER TABLE `5kcrm_admin_action_record` ENABLE KEYS */;
UNLOCK TABLES;

--
-- Table structure for table `5kcrm_admin_comment`
--

DROP TABLE IF EXISTS `5kcrm_admin_comment`;
/*!40101 SET @saved_cs_client     = @@character_set_client */;
 SET character_set_client = utf8mb4 ;
CREATE TABLE `5kcrm_admin_comment` (
  `comment_id` int(11) NOT NULL AUTO_INCREMENT COMMENT '评论表',
  `user_id` int(11) NOT NULL COMMENT '评论人ID',
  `content` varchar(1000) NOT NULL COMMENT '内容(答案)',
  `reply_content` varchar(1000) NOT NULL DEFAULT '' COMMENT '回复内容（问题）',
  `create_time` int(11) NOT NULL COMMENT '新建时间',
  `isreply` tinyint(2) DEFAULT '0' COMMENT '是否是回复 1 是 0 否',
  `reply_user_id` int(11) NOT NULL DEFAULT '0',
  `reply_id` int(11) DEFAULT '0' COMMENT '回复对象ID',
  `status` tinyint(2) DEFAULT '1' COMMENT '状态 ',
  `type_id` int(11) DEFAULT '0' COMMENT '评论项目任务ID 或评论其他模块ID',
  `favour` int(7) DEFAULT '0' COMMENT '赞',
  `type` varchar(50) NOT NULL DEFAULT '' COMMENT '分类 ',
  `reply_fid` int(11) NOT NULL DEFAULT '0' COMMENT '回复最上级ID',
  PRIMARY KEY (`comment_id`) USING BTREE
) ENGINE=InnoDB DEFAULT CHARSET=utf8 ROW_FORMAT=DYNAMIC COMMENT='任务评论表';
/*!40101 SET character_set_client = @saved_cs_client */;

--
-- Dumping data for table `5kcrm_admin_comment`
--

LOCK TABLES `5kcrm_admin_comment` WRITE;
/*!40000 ALTER TABLE `5kcrm_admin_comment` DISABLE KEYS */;
/*!40000 ALTER TABLE `5kcrm_admin_comment` ENABLE KEYS */;
UNLOCK TABLES;

--
-- Table structure for table `5kcrm_admin_config`
--

DROP TABLE IF EXISTS `5kcrm_admin_config`;
/*!40101 SET @saved_cs_client     = @@character_set_client */;
 SET character_set_client = utf8mb4 ;
CREATE TABLE `5kcrm_admin_config` (
  `id` int(11) NOT NULL AUTO_INCREMENT,
  `name` varchar(100) NOT NULL COMMENT '名字',
  `status` tinyint(2) NOT NULL COMMENT '状态',
  `module` varchar(50) NOT NULL COMMENT '模型',
  `controller` varchar(50) NOT NULL COMMENT '控制器',
  `type` tinyint(2) NOT NULL COMMENT '类型',
  `typestatus` tinyint(2) NOT NULL COMMENT '总类型状态',
  PRIMARY KEY (`id`) USING BTREE
) ENGINE=InnoDB DEFAULT CHARSET=utf8 ROW_FORMAT=DYNAMIC;
/*!40101 SET character_set_client = @saved_cs_client */;

--
-- Dumping data for table `5kcrm_admin_config`
--

LOCK TABLES `5kcrm_admin_config` WRITE;
/*!40000 ALTER TABLE `5kcrm_admin_config` DISABLE KEYS */;
/*!40000 ALTER TABLE `5kcrm_admin_config` ENABLE KEYS */;
UNLOCK TABLES;

--
-- Table structure for table `5kcrm_admin_examine_flow`
--

DROP TABLE IF EXISTS `5kcrm_admin_examine_flow`;
/*!40101 SET @saved_cs_client     = @@character_set_client */;
 SET character_set_client = utf8mb4 ;
CREATE TABLE `5kcrm_admin_examine_flow` (
  `flow_id` int(11) NOT NULL AUTO_INCREMENT,
  `name` varchar(50) NOT NULL COMMENT '审批流名称',
  `config` tinyint(4) NOT NULL COMMENT '1固定审批0授权审批',
  `types` varchar(50) NOT NULL COMMENT '关联对象',
  `types_id` tinyint(4) NOT NULL DEFAULT '0' COMMENT '对象ID（如审批类型ID）',
  `structure_ids` varchar(500) NOT NULL DEFAULT '' COMMENT '部门ID（0为全部）',
  `user_ids` varchar(500) NOT NULL DEFAULT '' COMMENT '员工ID',
  `remark` varchar(500) NOT NULL DEFAULT '' COMMENT '流程说明',
  `update_user_id` int(11) NOT NULL COMMENT '修改人ID',
  `create_time` int(11) NOT NULL COMMENT '创建时间',
  `update_time` int(11) NOT NULL COMMENT '更新时间',
  `status` tinyint(4) NOT NULL DEFAULT '1' COMMENT '状态 1启用，0禁用',
  `is_deleted` tinyint(4) NOT NULL DEFAULT '0' COMMENT '状态 1删除',
  `delete_time` int(11) NOT NULL DEFAULT '0' COMMENT '删除时间',
  `delete_user_id` int(11) NOT NULL DEFAULT '0' COMMENT '删除人ID',
  PRIMARY KEY (`flow_id`)
) ENGINE=InnoDB AUTO_INCREMENT=14 DEFAULT CHARSET=utf8 COMMENT='审批流程表';
/*!40101 SET character_set_client = @saved_cs_client */;

--
-- Dumping data for table `5kcrm_admin_examine_flow`
--

LOCK TABLES `5kcrm_admin_examine_flow` WRITE;
/*!40000 ALTER TABLE `5kcrm_admin_examine_flow` DISABLE KEYS */;
INSERT INTO `5kcrm_admin_examine_flow` VALUES (1,'普通审批流程',0,'oa_examine',1,'','','',1,1548835446,1548835446,0,1,1566038490,1),(2,'请假审批流程',0,'oa_examine',2,'','','',1,1548835717,1548835717,1,0,0,0),(3,'出差审批流程',0,'oa_examine',3,'','','',1,1549959653,1549959653,1,0,0,0),(4,'加班审批流程',0,'oa_examine',4,'','','',1,1549959653,1549959653,1,0,0,0),(5,'差旅审批流程',0,'oa_examine',5,'','','',1,1549959653,1549959653,1,0,0,0),(6,'借款审批流程',0,'oa_examine',6,'','','',1,1549959653,1549959653,1,0,0,0),(7,'合同审批流程',0,'crm_contract',0,'','','',1,1549959653,1549959653,1,0,0,0),(8,'回款审批流程',0,'crm_receivables',0,'','','',1,1549959653,1549959653,1,0,0,0),(9,'折扣审批流程',1,'crm_contract',0,'','','申请折扣的审批流程',1,1566023773,1566023773,1,0,0,0),(10,'出差审批流程',1,'oa_examine',3,'','','出差审批',1,1566024273,1566024273,1,0,0,0),(11,'请假审批流程',1,'oa_examine',2,'','','请假审批',1,1566024316,1566024316,0,1,1566024356,1),(12,'请假审批流程',1,'oa_examine',2,'','','请假审批',1,1566024356,1566024356,1,0,0,0),(13,'差旅报销流程',1,'oa_examine',5,'','','差旅报销',1,1566038490,1566038490,1,0,0,0);
/*!40000 ALTER TABLE `5kcrm_admin_examine_flow` ENABLE KEYS */;
UNLOCK TABLES;

--
-- Table structure for table `5kcrm_admin_examine_record`
--

DROP TABLE IF EXISTS `5kcrm_admin_examine_record`;
/*!40101 SET @saved_cs_client     = @@character_set_client */;
 SET character_set_client = utf8mb4 ;
CREATE TABLE `5kcrm_admin_examine_record` (
  `record_id` int(11) NOT NULL AUTO_INCREMENT,
  `types` varchar(50) NOT NULL DEFAULT '' COMMENT '类型',
  `types_id` int(11) NOT NULL DEFAULT '0' COMMENT '类型ID',
  `flow_id` int(11) NOT NULL DEFAULT '0' COMMENT '审批流程ID',
  `order_id` int(11) NOT NULL DEFAULT '0' COMMENT '审批排序ID',
  `check_user_id` int(11) NOT NULL DEFAULT '0' COMMENT '审批人ID',
  `check_time` int(11) NOT NULL COMMENT '审批时间',
  `status` tinyint(4) NOT NULL DEFAULT '0' COMMENT '1审核通过0审核失败2撤销',
  `content` varchar(500) NOT NULL DEFAULT '' COMMENT '审核意见',
  `is_end` tinyint(1) NOT NULL DEFAULT '0' COMMENT '审批失效（1标记为无效）',
  PRIMARY KEY (`record_id`)
) ENGINE=InnoDB AUTO_INCREMENT=4 DEFAULT CHARSET=utf8 COMMENT='审批记录表';
/*!40101 SET character_set_client = @saved_cs_client */;

--
-- Dumping data for table `5kcrm_admin_examine_record`
--

LOCK TABLES `5kcrm_admin_examine_record` WRITE;
/*!40000 ALTER TABLE `5kcrm_admin_examine_record` DISABLE KEYS */;
INSERT INTO `5kcrm_admin_examine_record` VALUES (1,'oa_examine',1,10,1,1,1566205674,1,'同意',0),(2,'oa_examine',1,10,2,2,1566359020,1,'同意',0),(3,'oa_examine',10,10,1,1,1566390486,1,'同意',0);
/*!40000 ALTER TABLE `5kcrm_admin_examine_record` ENABLE KEYS */;
UNLOCK TABLES;

--
-- Table structure for table `5kcrm_admin_examine_step`
--

DROP TABLE IF EXISTS `5kcrm_admin_examine_step`;
/*!40101 SET @saved_cs_client     = @@character_set_client */;
 SET character_set_client = utf8mb4 ;
CREATE TABLE `5kcrm_admin_examine_step` (
  `step_id` int(11) NOT NULL AUTO_INCREMENT,
  `flow_id` int(11) NOT NULL COMMENT '审批流程ID',
  `status` tinyint(4) NOT NULL DEFAULT '1' COMMENT '1负责人主管，2指定用户（任意一人），3指定用户（多人会签），4上一级审批人主管',
  `user_id` varchar(500) NOT NULL DEFAULT '' COMMENT '审批人ID (使用逗号隔开) ,1,2,',
  `order_id` tinyint(4) NOT NULL DEFAULT '1' COMMENT '排序ID',
  `relation` tinyint(1) NOT NULL DEFAULT '1' COMMENT '审批流程关系（1并2或）',
  `create_time` int(11) NOT NULL COMMENT '创建时间',
  PRIMARY KEY (`step_id`)
) ENGINE=InnoDB AUTO_INCREMENT=10 DEFAULT CHARSET=utf8 COMMENT='审批步骤表';
/*!40101 SET character_set_client = @saved_cs_client */;

--
-- Dumping data for table `5kcrm_admin_examine_step`
--

LOCK TABLES `5kcrm_admin_examine_step` WRITE;
/*!40000 ALTER TABLE `5kcrm_admin_examine_step` DISABLE KEYS */;
INSERT INTO `5kcrm_admin_examine_step` VALUES (1,9,3,',1,',1,1,1566023773),(2,9,2,',2,',2,2,1566023773),(3,10,2,',1,',1,2,1566024273),(4,10,2,',2,',2,2,1566024273),(5,11,2,',1,',1,2,1566024316),(6,11,2,',2,',2,2,1566024316),(7,12,3,',1,2,5,4,',1,1,1566024356),(8,13,2,',1,',1,2,1566038490),(9,13,2,',2,',2,2,1566038490);
/*!40000 ALTER TABLE `5kcrm_admin_examine_step` ENABLE KEYS */;
UNLOCK TABLES;

--
-- Table structure for table `5kcrm_admin_field`
--

DROP TABLE IF EXISTS `5kcrm_admin_field`;
/*!40101 SET @saved_cs_client     = @@character_set_client */;
 SET character_set_client = utf8mb4 ;
CREATE TABLE `5kcrm_admin_field` (
  `field_id` int(11) NOT NULL AUTO_INCREMENT,
  `types` varchar(30) NOT NULL DEFAULT '' COMMENT '分类',
  `types_id` int(11) NOT NULL DEFAULT '0' COMMENT '分类ID（审批等）',
  `field` varchar(50) NOT NULL COMMENT '字段名',
  `name` varchar(50) NOT NULL COMMENT '标识名',
  `form_type` varchar(20) NOT NULL COMMENT '字段类型',
  `default_value` varchar(255) NOT NULL DEFAULT '' COMMENT '默认值',
  `max_length` int(4) NOT NULL DEFAULT '0' COMMENT ' 字数上限',
  `is_unique` tinyint(1) NOT NULL DEFAULT '0' COMMENT '是否唯一（1是，0否）',
  `is_null` tinyint(1) NOT NULL DEFAULT '0' COMMENT '是否必填（1是，0否）',
  `input_tips` varchar(100) NOT NULL DEFAULT '' COMMENT '输入提示',
  `setting` text COMMENT '设置',
  `order_id` int(4) NOT NULL DEFAULT '0' COMMENT '排序ID',
  `operating` tinyint(1) NOT NULL DEFAULT '0' COMMENT '0改删，1改，2删，3无',
  `create_time` int(11) NOT NULL COMMENT '创建时间',
  `update_time` int(11) NOT NULL COMMENT '更新时间',
  `type` int(2) NOT NULL DEFAULT '0' COMMENT '薪资管理 1固定 2增加 3减少',
  `relevant` varchar(50) DEFAULT NULL COMMENT '相关字段名',
  PRIMARY KEY (`field_id`)
) ENGINE=InnoDB AUTO_INCREMENT=111 DEFAULT CHARSET=utf8 COMMENT='自定义字段表';
/*!40101 SET character_set_client = @saved_cs_client */;

--
-- Dumping data for table `5kcrm_admin_field`
--

LOCK TABLES `5kcrm_admin_field` WRITE;
/*!40000 ALTER TABLE `5kcrm_admin_field` DISABLE KEYS */;
INSERT INTO `5kcrm_admin_field` VALUES (1,'',0,'create_user_id','创建人','user','',0,0,0,'','',99,3,1553788800,1553788800,0,NULL),(2,'',0,'update_time','更新时间','datetime','',0,0,0,'','',100,3,1553788800,1553788800,0,NULL),(3,'',0,'create_time','创建时间','datetime','',0,0,0,'','',101,3,1553788800,1553788800,0,NULL),(4,'',0,'owner_user_id','负责人','user','',0,0,0,'','',102,3,1553788800,1553788800,0,NULL),(5,'crm_leads',0,'name','线索名称','text','',0,1,1,'','',1,1,1553788800,1565877940,0,''),(6,'crm_leads',0,'source','线索来源','select','个人资源',0,0,0,'','个人资源\n邮件咨询\n电话咨询\n公司资源\n预约上门\n陌拜\n促销活动\n搜索引擎\n广告\n转介绍\n线上注册\n线上询价\n招商资源\n展会资源',2,1,1553788800,1565877940,0,''),(7,'crm_leads',0,'telephone','电话','text','',0,0,0,'','',3,1,1553788800,1565877940,0,''),(8,'crm_leads',0,'mobile','手机','mobile','',0,1,0,'','',4,1,1553788800,1565877940,0,''),(9,'crm_leads',0,'industry','客户行业','select','IT/通信/电子/互联网',0,0,0,'','生产\n研发\n培训\n其他',5,1,1553788800,1565877940,0,''),(10,'crm_leads',0,'level','客户级别','select','',0,0,0,'','A（重点客户）\nB（普通客户）\nC（非优先客户）',6,1,1553788800,1565877941,0,''),(11,'crm_leads',0,'detail_address','地址','text','',0,0,0,'','',7,1,1553788800,1565877941,0,''),(12,'crm_leads',0,'next_time','下次联系时间','datetime','',0,0,0,'','',8,1,1553788800,1565877941,0,''),(13,'crm_leads',0,'remark','备注','textarea','',0,0,0,'','',9,1,1553788800,1565877941,0,''),(14,'crm_customer',0,'name','客户名称','text','',0,1,1,'','',1,1,1553788800,1566310017,0,''),(15,'crm_customer',0,'level','客户级别','select','',0,0,0,'','A（重点客户）\nB（普通客户）\nC（非优先客户）',3,1,1553788800,1566310017,0,''),(16,'crm_customer',0,'industry','客户行业','select','其他',0,0,0,'','生产\n研发\n培训',4,1,1553788800,1566310017,0,''),(17,'crm_customer',0,'source','客户来源','select','',0,0,0,'','搜索引擎\n广告\n转介绍\n线上注册\n线上询价\n预约上门\n陌拜\n公司资源\n展会资源\n个人资源\n电话咨询\n邮件咨询',6,1,1553788800,1566310017,0,''),(18,'crm_customer',0,'deal_status','成交状态','select','未成交',0,0,1,'','未成交\n已成交',7,3,1553788800,1566310017,0,''),(19,'crm_customer',0,'telephone','电话','text','',0,0,0,'','',10,1,1553788800,1566310018,0,''),(20,'crm_customer',0,'website','网址','text','',0,0,0,'','',11,1,1553788800,1566310018,0,''),(21,'crm_customer',0,'next_time','下次联系时间','datetime','',0,0,0,'','',12,1,1553788800,1566310018,0,''),(22,'crm_customer',0,'remark','备注','textarea','',0,0,0,'','',13,1,1553788800,1566310018,0,''),(23,'crm_contacts',0,'name','姓名','text','',0,0,1,'','',1,1,1553788800,1566309968,0,''),(24,'crm_contacts',0,'customer_id','客户名称','customer','',0,0,1,'','',2,3,1553788800,1566309968,0,''),(25,'crm_contacts',0,'mobile','手机','mobile','',0,0,1,'','',3,1,1553788800,1566309968,0,''),(26,'crm_contacts',0,'telephone','电话','text','',0,0,0,'','',4,1,1553788800,1566309968,0,''),(27,'crm_contacts',0,'email','电子邮箱','email','',0,0,1,'','',5,1,1553788800,1566309968,0,''),(28,'crm_contacts',0,'decision','是否关键决策人','select','',0,0,0,'','是\n否',6,1,1553788800,1566309968,0,''),(29,'crm_contacts',0,'post','职务','text','',0,0,0,'','',8,1,1553788800,1566309968,0,''),(30,'crm_contacts',0,'sex','性别','select','',0,0,0,'','男\n女',9,1,1553788800,1566309968,0,''),(31,'crm_contacts',0,'detail_address','地址','text','',0,0,0,'','',10,1,1553788800,1566309968,0,''),(32,'crm_contacts',0,'next_time','下次联系时间','datetime','',0,0,0,'','',11,1,1553788800,1566309968,0,''),(33,'crm_contacts',0,'remark','备注','textarea','',0,0,0,'','',12,1,1553788800,1566309968,0,''),(34,'crm_business',0,'name','商机名称','text','',0,0,1,'','',1,1,1553788800,1565877837,0,''),(35,'crm_business',0,'customer_id','客户名称','customer','',0,0,1,'','',2,3,1553788800,1565877837,0,''),(36,'crm_business',0,'type_id','商机状态组','business_type','',0,0,1,'','',3,3,1553788800,1565877837,0,''),(37,'crm_business',0,'status_id','商机阶段','business_status','',0,0,1,'','',4,3,1553788800,1565877837,0,''),(38,'crm_business',0,'money','商机金额','floatnumber','',0,0,0,'元','',5,3,1553788800,1565877838,0,''),(39,'crm_business',0,'deal_date','预计成交日期','date','',0,0,1,'','',6,3,1553788800,1565877838,0,''),(40,'crm_business',0,'remark','备注','textarea','',0,0,0,'','',7,1,1553788800,1565877838,0,''),(41,'crm_contract',0,'num','合同编号','text','',0,1,1,'','',0,1,1553788800,1553788800,0,NULL),(42,'crm_contract',0,'name','合同名称','text','',0,0,1,'','',0,1,1553788800,1553788800,0,NULL),(43,'crm_contract',0,'customer_id','客户名称','customer','',0,0,1,'','',0,3,1553788800,1553788800,0,NULL),(44,'crm_contract',0,'business_id','商机名称','business','',0,0,0,'','',0,3,1553788800,1553788800,0,NULL),(45,'crm_contract',0,'order_date','下单时间','date','',0,0,0,'','',0,1,1553788800,1553788800,0,NULL),(46,'crm_contract',0,'money','合同金额','floatnumber','',0,0,1,'元','',0,1,1553788800,1553788800,0,NULL),(47,'crm_contract',0,'start_time','合同开始时间','date','',0,0,0,'','',0,3,1553788800,1553788800,0,NULL),(48,'crm_contract',0,'end_time','合同到期时间','date','',0,0,0,'','',0,3,1553788800,1553788800,0,NULL),(49,'crm_contract',0,'contacts_id','客户签约人','contacts','',0,0,0,'','',0,3,1553788800,1553788800,0,NULL),(50,'crm_contract',0,'order_user_id','公司签约人','user','',0,0,0,'','',0,3,1553788800,1553788800,0,NULL),(51,'crm_contract',0,'remark','备注','textarea','',0,0,0,'','',0,1,1553788800,1553788800,0,NULL),(52,'crm_receivables',0,'number','回款编号','text','',0,1,1,'','',0,3,1553788800,1553788800,0,NULL),(53,'crm_receivables',0,'customer_id','客户名称','customer','',0,0,1,'','',0,3,1553788800,1553788800,0,NULL),(54,'crm_receivables',0,'contract_id','合同编号','contract','',0,0,1,'','',0,3,1553788800,1553788800,0,NULL),(55,'crm_receivables',0,'return_time','回款日期','date','',0,0,1,'','',0,3,1553788800,1553788800,0,NULL),(56,'crm_receivables',0,'return_type','回款方式','select','',0,0,1,'','支票\n现金\n邮政汇款\n电汇\n网上转账\n支付宝\n微信支付\n其他',0,3,1553788800,1553788800,0,NULL),(57,'crm_receivables',0,'money','回款金额','floatnumber','',0,0,1,'元','',0,3,1553788800,1553788800,0,NULL),(58,'crm_receivables',0,'plan_id','期数','receivables_plan','',0,0,0,'','',0,3,1553788800,1553788800,0,NULL),(59,'crm_receivables',0,'remark','备注','textarea','',0,0,0,'','',0,1,1553788800,1553788800,0,NULL),(60,'crm_product',0,'name','产品名称','text','',0,0,1,'','',1,1,1553788800,1566282771,0,''),(61,'crm_product',0,'category_id','产品类别','category','',0,0,1,'','',2,3,1553788800,1566282772,0,''),(62,'crm_product',0,'num','产品编码','text','',0,0,1,'','',3,3,1553788800,1566282772,0,''),(63,'crm_product',0,'status','是否上架','select','上架',0,0,1,'','上架\n下架',4,3,1553788800,1566282772,0,''),(64,'crm_product',0,'unit','单位','select','套',0,0,1,'','套\n次\n台',5,1,1553788800,1566282772,0,''),(65,'crm_product',0,'price','报价金额','floatnumber','',0,0,1,'元','',6,1,1553788800,1566282772,0,''),(66,'crm_product',0,'description','产品描述','text','',0,0,0,'','',7,1,1553788800,1566282772,0,''),(67,'oa_examine',1,'content','审批内容','text','',0,0,1,'','',0,3,1553788800,1553788800,0,NULL),(68,'oa_examine',1,'remark','备注','textarea','',0,0,0,'','',0,3,1553788800,1553788800,0,NULL),(69,'oa_examine',2,'type_id','请假类型','select','',0,0,1,'','年假\n事假\n病假\n产假\n调休\n婚假\n丧假\n其他',0,3,1553788800,1553788800,0,NULL),(70,'oa_examine',2,'content','审批内容','text','',0,0,1,'','',0,3,1553788800,1553788800,0,NULL),(71,'oa_examine',2,'start_time','开始时间','datetime','',0,0,1,'','',0,3,1553788800,1553788800,0,NULL),(72,'oa_examine',2,'end_time','结束时间','datetime','',0,0,1,'','',0,3,1553788800,1553788800,0,NULL),(73,'oa_examine',2,'duration','时长(天)','floatnumber','',0,0,1,'','',0,3,1553788800,1553788800,0,NULL),(74,'oa_examine',2,'remark','备注','textarea','',0,0,0,'','',0,3,1553788800,1553788800,0,NULL),(75,'oa_examine',3,'content','出差事由','text','',0,0,1,'','',0,3,1553788800,1553788800,0,NULL),(76,'oa_examine',3,'remark','备注','textarea','',0,0,0,'','',0,3,1553788800,1553788800,0,NULL),(77,'oa_examine',3,'cause','行程明细','business_cause','',0,0,1,'','',0,3,1553788800,1553788800,0,NULL),(78,'oa_examine',3,'duration','出差总天数','floatnumber','',0,0,1,'','',0,3,1553788800,1553788800,0,NULL),(79,'oa_examine',4,'content','加班原因','text','',0,0,1,'','',0,3,1553788800,1553788800,0,NULL),(80,'oa_examine',4,'start_time','开始时间','datetime','',0,0,1,'','',0,3,1553788800,1553788800,0,NULL),(81,'oa_examine',4,'end_time','结束时间','datetime','',0,0,1,'','',0,3,1553788800,1553788800,0,NULL),(82,'oa_examine',4,'duration','加班总天数','floatnumber','',0,0,1,'','',0,3,1553788800,1553788800,0,NULL),(83,'oa_examine',4,'remark','备注','textarea','',0,0,0,'','',0,3,1553788800,1553788800,0,NULL),(84,'oa_examine',5,'content','差旅事由','text','',0,0,1,'','',0,3,1553788800,1553788800,0,NULL),(85,'oa_examine',5,'cause','费用明细','examine_cause','',0,0,1,'','',0,3,1553788800,1553788800,0,NULL),(86,'oa_examine',5,'money','报销总金额','floatnumber','',0,0,1,'','',0,3,1553788800,1553788800,0,NULL),(87,'oa_examine',5,'remark','备注','textarea','',0,0,0,'','',0,3,1553788800,1553788800,0,NULL),(88,'oa_examine',6,'content','借款事由','text','',0,0,1,'','',0,3,1553788800,1553788800,0,NULL),(89,'oa_examine',6,'money','借款金额（元）','floatnumber','',0,0,1,'','',0,3,1553788800,1553788800,0,NULL),(90,'oa_examine',6,'remark','备注','textarea','',0,0,0,'','',0,3,1553788800,1553788800,0,NULL),(91,'crm_receivables_plan',0,'customer_id','客户名称','customer','',0,0,1,'','',0,3,1553788800,1553788800,0,NULL),(92,'crm_receivables_plan',0,'contract_id','合同编号','contract','',0,0,1,'','',0,3,1553788800,1553788800,0,NULL),(93,'crm_receivables_plan',0,'money','计划回款金额','floatnumber','',0,0,1,'','',0,3,1553788800,1553788800,0,NULL),(94,'crm_receivables_plan',0,'return_date','计划回款日期','date','',0,0,1,'','',0,3,1553788800,1553788800,0,NULL),(95,'crm_receivables_plan',0,'return_type','计划回款方式','select','',0,0,1,'','支票\n现金\n邮政汇款\n电汇\n网上转账\n支付宝\n微信支付\n其他\n在线支付\n线下支付\n预存款\n返利\n预存款+返利',0,3,1553788800,1553788800,0,NULL),(96,'crm_receivables_plan',0,'remind','提前几日提醒','number','',0,0,0,'','',0,3,1553788800,1553788800,0,NULL),(97,'crm_receivables_plan',0,'remark','备注','textarea','',0,0,0,'','',0,1,1553788800,1553788800,0,NULL),(98,'crm_receivables_plan',0,'file','附件','file','',0,0,0,'','',0,1,1553788800,1553788800,0,NULL),(99,'crm_customer',0,'mobile','手机','mobile','',0,0,1,'','',9,1,1553788800,1566310018,0,''),(100,'crm_customer',0,'crm_dkqyzy','所属部门','select','产品事业部',0,0,1,'','产品事业部\n培训部\n食品部',5,0,1565850023,1566310017,0,''),(102,'crm_customer',0,'crm_xqjlyw','省份','text','',0,0,1,'',NULL,2,0,1565880584,1566310017,0,''),(104,'crm_customer',0,'crm_bzhouh','联系人','text','',0,0,1,'',NULL,8,0,1566047121,1566310017,0,''),(105,'crm_product',0,'crm_ocgkro','单行文本','text','',0,0,0,'',NULL,8,0,1566217717,1566282772,0,''),(106,'crm_product',0,'crm_rjpyfk','产品事业部','structure','',0,0,0,'',NULL,9,0,1566217718,1566282772,0,''),(107,'crm_product',0,'crm_ljoxkk','单行文本','text','',0,0,0,'',NULL,10,0,1566217718,1566282772,0,''),(108,'crm_product',0,'crm_xtxtlu','数字','number','',0,0,0,'',NULL,11,0,1566217718,1566282772,0,''),(109,'crm_product',0,'crm_ynuyok','数字','number','',0,0,0,'',NULL,12,0,1566262957,1566282772,0,''),(110,'crm_contacts',0,'crm_qbtleb','部门','structure','',0,0,0,'',NULL,7,0,1566309968,1566309968,0,NULL);
/*!40000 ALTER TABLE `5kcrm_admin_field` ENABLE KEYS */;
UNLOCK TABLES;

--
-- Table structure for table `5kcrm_admin_file`
--

DROP TABLE IF EXISTS `5kcrm_admin_file`;
/*!40101 SET @saved_cs_client     = @@character_set_client */;
 SET character_set_client = utf8mb4 ;
CREATE TABLE `5kcrm_admin_file` (
  `file_id` int(11) NOT NULL AUTO_INCREMENT,
  `types` varchar(20) NOT NULL COMMENT '类型（file、img）',
  `name` varchar(100) NOT NULL COMMENT '附件名称',
  `save_name` varchar(500) NOT NULL COMMENT '保存路径名称',
  `size` int(10) NOT NULL COMMENT '附件大小（字节）',
  `create_user_id` int(10) NOT NULL COMMENT '创建人ID',
  `create_time` int(11) NOT NULL COMMENT '创建时间',
  `file_path` varchar(500) NOT NULL COMMENT '文件路径',
  `file_path_thumb` varchar(500) NOT NULL DEFAULT '' COMMENT '文件路径(图片缩略图)',
  PRIMARY KEY (`file_id`)
) ENGINE=InnoDB AUTO_INCREMENT=3 DEFAULT CHARSET=utf8 COMMENT='附件表';
/*!40101 SET character_set_client = @saved_cs_client */;

--
-- Dumping data for table `5kcrm_admin_file`
--

LOCK TABLES `5kcrm_admin_file` WRITE;
/*!40000 ALTER TABLE `5kcrm_admin_file` DISABLE KEYS */;
INSERT INTO `5kcrm_admin_file` VALUES (1,'file','滴滴电子发票.pdf','20190821/4d1e606a2fa45433355c2c41a36c929b.pdf',41659,9,1566368379,'.\\public\\uploads\\20190821/4d1e606a2fa45433355c2c41a36c929b.pdf',''),(2,'file','滴滴电子发票 (1).pdf','20190821/251d345851007e4ad097a53ecbe7d767.pdf',41601,9,1566368392,'.\\public\\uploads\\20190821/251d345851007e4ad097a53ecbe7d767.pdf','');
/*!40000 ALTER TABLE `5kcrm_admin_file` ENABLE KEYS */;
UNLOCK TABLES;

--
-- Table structure for table `5kcrm_admin_group`
--

DROP TABLE IF EXISTS `5kcrm_admin_group`;
/*!40101 SET @saved_cs_client     = @@character_set_client */;
 SET character_set_client = utf8mb4 ;
CREATE TABLE `5kcrm_admin_group` (
  `id` int(11) NOT NULL AUTO_INCREMENT,
  `pid` tinyint(4) NOT NULL COMMENT '分类1管理角色2客户管理角色3人事角色4财务角色5项目角色0自定义角色',
  `title` varchar(100) NOT NULL COMMENT '名称',
  `rules` varchar(2000) NOT NULL DEFAULT '' COMMENT '规则',
  `remark` varchar(100) NOT NULL DEFAULT '' COMMENT '备注',
  `status` tinyint(3) DEFAULT '1' COMMENT '1启用0禁用',
  `type` tinyint(1) NOT NULL DEFAULT '1' COMMENT '1本人，2本人及下属，3本部门，4本部门及下属部门，5全部 ',
  `types` tinyint(4) NOT NULL DEFAULT '0' COMMENT '1超级管理员2系统设置管理员3部门与员工管理员4审批流管理员5工作台管理员6客户管理员7项目管理员8公告管理员',
  `system` tinyint(4) NOT NULL DEFAULT '0' COMMENT '系统角色',
  PRIMARY KEY (`id`)
) ENGINE=InnoDB AUTO_INCREMENT=14 DEFAULT CHARSET=utf8 COMMENT='角色表';
/*!40101 SET character_set_client = @saved_cs_client */;

--
-- Dumping data for table `5kcrm_admin_group`
--

LOCK TABLES `5kcrm_admin_group` WRITE;
/*!40000 ALTER TABLE `5kcrm_admin_group` DISABLE KEYS */;
INSERT INTO `5kcrm_admin_group` VALUES (1,1,'超级管理员角色','','超级管理员角色',1,1,1,0),(2,1,'系统设置管理员','','系统设置管理员',1,1,2,0),(3,1,'部门与员工管理员','','部门与员工管理员',1,1,3,0),(4,1,'审批流管理员','','审批流管理员',1,1,4,0),(5,1,'工作台管理员','','工作台管理员',1,1,5,0),(6,1,'客户管理员','','客户管理员',1,1,6,0),(7,1,'公告管理员','','公告管理员',1,1,8,0),(8,2,'销售员角色',',3,4,5,6,7,11,12,13,14,15,18,19,21,23,24,25,26,28,30,33,35,36,37,38,40,41,43,44,45,46,48,49,51,52,53,54,59,60,1,2,10,22,29,34,42,50,56,','',1,1,0,0),(9,4,'财务角色',',43,44,45,46,48,51,52,53,54,1,42,50,67,68,62,','',1,5,0,0),(10,2,'销售经理角色',',3,4,5,6,7,73,74,11,12,13,14,15,18,19,20,21,23,24,25,26,27,28,81,30,32,33,35,36,37,38,40,41,43,44,45,46,48,49,51,52,53,54,57,58,59,60,61,83,1,2,10,22,29,34,42,50,56,62,63,64,65,66,67,68,69,70,71,72,','',1,2,0,0),(11,1,'项目管理员','','项目管理员',1,1,7,0),(12,5,'编辑',',88,94,91,92,86,90,','成员初始加入时默认享有的权限,可修改权限范围',1,0,7,1),(13,5,'只读','','项目只读角色',1,0,0,0);
/*!40000 ALTER TABLE `5kcrm_admin_group` ENABLE KEYS */;
UNLOCK TABLES;

--
-- Table structure for table `5kcrm_admin_menu`
--

DROP TABLE IF EXISTS `5kcrm_admin_menu`;
/*!40101 SET @saved_cs_client     = @@character_set_client */;
 SET character_set_client = utf8mb4 ;
CREATE TABLE `5kcrm_admin_menu` (
  `id` int(11) NOT NULL AUTO_INCREMENT COMMENT '菜单ID',
  `pid` int(11) DEFAULT '0' COMMENT '上级菜单ID',
  `title` varchar(32) NOT NULL DEFAULT '' COMMENT '菜单名称',
  `url` varchar(127) NOT NULL DEFAULT '' COMMENT '链接地址',
  `icon` varchar(64) NOT NULL DEFAULT '' COMMENT '图标',
  `menu_type` tinyint(4) NOT NULL COMMENT '菜单类型',
  `sort` tinyint(4) DEFAULT '0' COMMENT '排序（同级有效）',
  `status` tinyint(4) DEFAULT '1' COMMENT '状态',
  `rule_id` int(11) NOT NULL COMMENT '权限id',
  `module` varchar(50) NOT NULL,
  PRIMARY KEY (`id`)
) ENGINE=InnoDB AUTO_INCREMENT=10 DEFAULT CHARSET=utf8 COMMENT='后台菜单表';
/*!40101 SET character_set_client = @saved_cs_client */;

--
-- Dumping data for table `5kcrm_admin_menu`
--

LOCK TABLES `5kcrm_admin_menu` WRITE;
/*!40000 ALTER TABLE `5kcrm_admin_menu` DISABLE KEYS */;
INSERT INTO `5kcrm_admin_menu` VALUES (1,0,'CRM模块','','',0,0,1,1,'crm'),(2,1,'线索','','',0,0,1,2,'leads'),(3,1,'客户','','',0,0,1,10,'customer'),(4,1,'联系人','','',0,0,1,22,'contacts'),(5,1,'公海','','',0,0,1,29,'pool'),(6,1,'商机','','',0,0,1,34,'business'),(7,1,'合同','','',0,0,1,42,'contract'),(8,1,'回款','','',0,0,1,50,'receivables'),(9,1,'产品','','',0,0,1,56,'product');
/*!40000 ALTER TABLE `5kcrm_admin_menu` ENABLE KEYS */;
UNLOCK TABLES;

--
-- Table structure for table `5kcrm_admin_message`
--

DROP TABLE IF EXISTS `5kcrm_admin_message`;
/*!40101 SET @saved_cs_client     = @@character_set_client */;
 SET character_set_client = utf8mb4 ;
CREATE TABLE `5kcrm_admin_message` (
  `message_id` int(11) NOT NULL AUTO_INCREMENT,
  `to_user_id` int(10) NOT NULL COMMENT '接收人ID',
  `from_user_id` int(10) NOT NULL COMMENT '发送人ID',
  `content` varchar(500) NOT NULL COMMENT '发送内容',
  `send_time` int(11) NOT NULL COMMENT '发送时间',
  `read_time` int(11) NOT NULL COMMENT '阅读时间',
  `module_name` varchar(30) NOT NULL COMMENT '模块',
  `controller_name` varchar(30) NOT NULL COMMENT '控制器',
  `action_name` varchar(30) NOT NULL COMMENT '方法',
  `action_id` int(11) NOT NULL COMMENT '操作ID',
  PRIMARY KEY (`message_id`)
) ENGINE=InnoDB AUTO_INCREMENT=8 DEFAULT CHARSET=utf8 COMMENT='站内信';
/*!40101 SET character_set_client = @saved_cs_client */;

--
-- Dumping data for table `5kcrm_admin_message`
--

LOCK TABLES `5kcrm_admin_message` WRITE;
/*!40000 ALTER TABLE `5kcrm_admin_message` DISABLE KEYS */;
INSERT INTO `5kcrm_admin_message` VALUES (1,1,0,'管理员提交了合同【1111】,需要您审批',1565881041,0,'crm','contract','save',1),(2,3,3,'张碧兰新建了任务《技术老师每周工作情况及销售下周项目安排计划表》',1565931263,0,'work','task','save',1),(3,3,3,'张碧兰将任务《技术老师每周工作情况及销售下周项目安排计划表》标记结束',1565931301,0,'work','task','taskover',1),(4,3,3,'张碧兰将任务《技术老师每周工作情况及销售下周项目安排计划表》标记结束',1565931314,0,'work','task','taskover',1),(5,3,3,'张碧兰新建了任务《DAS、DBS项目计划书》',1565931442,0,'work','task','save',1),(6,1,0,'胡朝洋提交的【出差审批】,需要您审批',1566198317,0,'oa','examine','save',1),(7,1,0,'胡朝洋提交的【差旅报销】,需要您审批',1566368803,0,'oa','examine','save',11);
/*!40000 ALTER TABLE `5kcrm_admin_message` ENABLE KEYS */;
UNLOCK TABLES;

--
-- Table structure for table `5kcrm_admin_record`
--

DROP TABLE IF EXISTS `5kcrm_admin_record`;
/*!40101 SET @saved_cs_client     = @@character_set_client */;
 SET character_set_client = utf8mb4 ;
CREATE TABLE `5kcrm_admin_record` (
  `record_id` int(11) NOT NULL AUTO_INCREMENT,
  `types` varchar(50) NOT NULL COMMENT '关联类型',
  `types_id` int(11) NOT NULL COMMENT '类型ID',
  `content` varchar(1000) NOT NULL COMMENT '跟进内容',
  `category` varchar(30) NOT NULL DEFAULT '' COMMENT '跟进类型',
  `next_time` int(11) NOT NULL DEFAULT '0' COMMENT '下次联系时间',
  `business_ids` varchar(255) NOT NULL DEFAULT '' COMMENT '商机ID',
  `contacts_ids` varchar(255) NOT NULL DEFAULT '' COMMENT '联系人ID',
  `create_time` int(11) NOT NULL COMMENT '创建时间',
  `update_time` int(11) NOT NULL COMMENT '更新时间',
  `create_user_id` int(11) NOT NULL COMMENT '创建人ID',
  UNIQUE KEY `record_id` (`record_id`)
) ENGINE=InnoDB AUTO_INCREMENT=17 DEFAULT CHARSET=utf8 COMMENT='跟进记录';
/*!40101 SET character_set_client = @saved_cs_client */;

--
-- Dumping data for table `5kcrm_admin_record`
--

LOCK TABLES `5kcrm_admin_record` WRITE;
/*!40000 ALTER TABLE `5kcrm_admin_record` DISABLE KEYS */;
INSERT INTO `5kcrm_admin_record` VALUES (1,'crm_customer',2,'联系客户','打电话',1565920800,'','',1565879967,1565879967,32),(2,'crm_customer',3,'明天打电话沟通','打电话',1566057600,'','',1566044716,1566044716,31),(3,'crm_customer',3,'客户告知预算已经批准，正在准备URS，可能找3家来做对比。','打电话',1566093600,'','',1566044772,1566044772,31),(4,'crm_customer',4,'CSV意向','打电话',0,'','',1566047494,1566047494,9),(5,'crm_customer',5,'单机版DMS需求','打电话',0,'','',1566047960,1566047960,9),(6,'crm_customer',13,'预计9月底，10月中成交\n','打电话',0,'','',1566308444,1566308444,14),(7,'crm_customer',16,'等待，等待他们地批下来，化工企业，现在江苏涟水爆炸后不好批地，国家严查，落户山东也不好落。','打电话',0,'','',1566308515,1566308515,14),(8,'crm_customer',17,'等待搬新厂，大概年底搬','打电话',0,'','',1566308538,1566308538,14),(9,'crm_customer',15,'等二期临床上线','打电话',0,'','',1566308552,1566308552,14),(10,'crm_customer',14,'等李总下定决心，现在FDA警告信对于他们咖啡因高端市场影响不大，她们一年进入高端市场还不到10%','打电话',0,'','',1566308597,1566308597,14),(11,'crm_customer',19,'汇康和轩竹都是四环药业的子公司，等12月份产品工艺验证结束再审计','打电话',0,'','',1566308634,1566308634,14),(12,'crm_customer',18,'等万通总部做完，','打电话',0,'','',1566308657,1566308657,14),(13,'crm_business',2,'打电话沟通，','打电话',0,'','',1566309097,1566309097,31),(14,'crm_customer',5,'已汇报领导，领导没有做决定','打电话',0,'','',1566309543,1566309543,9),(15,'crm_customer',9,'已发会员资料给客户','打电话',0,'','',1566309596,1566309596,9),(16,'crm_customer',22,'8月20日拜访的QC负责人，小伙子三十岁，比较好说话，对于验证方面的工作知道要做，但是由于部门花费较大，目前想自已做一个简单的，等到认证以前找第三方做详细的。其实还是在观望当中，最近在联系一下，要一下上级领导的联系一下。还有该负责人建议找他们总部公司，因为他们的验证应该也没做，而且他们是盈利的企业，如果他们要是做了，他就直接找领报批也更硬气一些。','打电话',0,'','',1566311856,1566311856,11);
/*!40000 ALTER TABLE `5kcrm_admin_record` ENABLE KEYS */;
UNLOCK TABLES;

--
-- Table structure for table `5kcrm_admin_record_file`
--

DROP TABLE IF EXISTS `5kcrm_admin_record_file`;
/*!40101 SET @saved_cs_client     = @@character_set_client */;
 SET character_set_client = utf8mb4 ;
CREATE TABLE `5kcrm_admin_record_file` (
  `r_id` int(11) NOT NULL AUTO_INCREMENT,
  `record_id` int(11) NOT NULL COMMENT '日志ID',
  `file_id` int(11) NOT NULL COMMENT '附件ID',
  PRIMARY KEY (`r_id`)
) ENGINE=InnoDB DEFAULT CHARSET=utf8 COMMENT='跟进记录附件关系表';
/*!40101 SET character_set_client = @saved_cs_client */;

--
-- Dumping data for table `5kcrm_admin_record_file`
--

LOCK TABLES `5kcrm_admin_record_file` WRITE;
/*!40000 ALTER TABLE `5kcrm_admin_record_file` DISABLE KEYS */;
/*!40000 ALTER TABLE `5kcrm_admin_record_file` ENABLE KEYS */;
UNLOCK TABLES;

--
-- Table structure for table `5kcrm_admin_rule`
--

DROP TABLE IF EXISTS `5kcrm_admin_rule`;
/*!40101 SET @saved_cs_client     = @@character_set_client */;
 SET character_set_client = utf8mb4 ;
CREATE TABLE `5kcrm_admin_rule` (
  `id` int(11) NOT NULL AUTO_INCREMENT,
  `types` tinyint(2) NOT NULL DEFAULT '0' COMMENT '0系统设置1工作台2客户管理3项目管理4人力资源5财务管理6商业智能',
  `title` varchar(100) NOT NULL DEFAULT '' COMMENT '名称',
  `name` varchar(100) NOT NULL DEFAULT '' COMMENT '定义',
  `level` tinyint(5) NOT NULL DEFAULT '0' COMMENT '级别。1模块,2控制器,3操作',
  `pid` int(11) DEFAULT '0' COMMENT '父id，默认0',
  `status` tinyint(3) DEFAULT '1' COMMENT '状态，1启用，0禁用',
  PRIMARY KEY (`id`)
) ENGINE=InnoDB AUTO_INCREMENT=97 DEFAULT CHARSET=utf8 COMMENT='权限规则表';
/*!40101 SET character_set_client = @saved_cs_client */;

--
-- Dumping data for table `5kcrm_admin_rule`
--

LOCK TABLES `5kcrm_admin_rule` WRITE;
/*!40000 ALTER TABLE `5kcrm_admin_rule` DISABLE KEYS */;
INSERT INTO `5kcrm_admin_rule` VALUES (1,2,'全部','crm',1,0,1),(2,2,'线索管理','leads',2,1,1),(3,2,'新建','save',3,2,1),(4,2,'编辑','update',3,2,1),(5,2,'查看列表','index',3,2,1),(6,2,'查看详情','read',3,2,1),(7,2,'导入','excelImport',3,2,1),(8,2,'导出','excelExport',3,2,1),(9,2,'刪除','delete',3,2,1),(10,2,'客户管理','customer',2,1,1),(11,2,'新建','save',3,10,1),(12,2,'编辑','update',3,10,1),(13,2,'查看列表','index',3,10,1),(14,2,'查看详情','read',3,10,1),(15,2,'导入','excelImport',3,10,1),(16,2,'导出','excelExport',3,10,1),(17,2,'刪除','delete',3,10,1),(18,2,'转移','transfer',3,10,1),(19,2,'放入公海','putInPool',3,10,1),(20,2,'锁定/解锁','lock',3,10,1),(21,2,'编辑团队成员','teamSave',3,10,1),(22,2,'联系人管理','contacts',2,1,1),(23,2,'新建','save',3,22,1),(24,2,'编辑','update',3,22,1),(25,2,'查看列表','index',3,22,1),(26,2,'查看详情','read',3,22,1),(27,2,'刪除','delete',3,22,1),(28,2,'转移','transfer',3,22,1),(29,2,'公海管理','customer',2,1,1),(30,2,'查看列表','pool',3,29,1),(31,2,'查看详情','read',3,29,1),(32,2,'分配','distribute',3,29,1),(33,2,'领取','receive',3,29,1),(34,2,'商机管理','business',2,1,1),(35,2,'新建','save',3,34,1),(36,2,'编辑','update',3,34,1),(37,2,'查看列表','index',3,34,1),(38,2,'查看详情','read',3,34,1),(39,2,'刪除','delete',3,34,1),(40,2,'转移','transfer',3,34,1),(41,2,'编辑团队成员','teamSave',3,34,1),(42,2,'合同管理','contract',2,1,1),(43,2,'新建','save',3,42,1),(44,2,'编辑','update',3,42,1),(45,2,'查看列表','index',3,42,1),(46,2,'查看详情','read',3,42,1),(47,2,'刪除','delete',3,42,1),(48,2,'转移','transfer',3,42,1),(49,2,'编辑团队成员','teamSave',3,42,1),(50,2,'回款管理','receivables',2,1,1),(51,2,'新建','save',3,50,1),(52,2,'编辑','update',3,50,1),(53,2,'查看列表','index',3,50,1),(54,2,'查看详情','read',3,50,1),(55,2,'刪除','delete',3,50,1),(56,2,'产品管理','product',2,1,1),(57,2,'新建','save',3,56,1),(58,2,'编辑','update',3,56,1),(59,2,'查看列表','index',3,56,1),(60,2,'查看详情','read',3,56,1),(61,2,'上架/下架','status',3,56,1),(62,6,'商业智能','bi',1,0,1),(63,6,'员工客户分析','customer',2,62,1),(64,6,'查看','read',3,63,1),(65,6,'销售漏斗分析','business',2,62,1),(66,6,'查看','read',3,65,1),(67,6,'回款统计','receivables',2,62,0),(68,6,'查看','read',3,67,0),(69,6,'产品分析','product',2,62,1),(70,6,'查看','read',3,69,1),(71,6,'业绩目标完成情况','achievement',2,62,1),(72,6,'查看','read',3,71,1),(73,2,'转移','transfer',3,2,1),(74,2,'转化','transform',3,2,1),(75,6,'员工业绩分析','contract',2,62,1),(76,6,'查看','read',3,75,1),(77,6,'客户画像分析','portrait',2,62,1),(78,6,'查看','read',3,77,1),(79,6,'排行榜','ranking',2,62,1),(80,6,'查看','read',3,79,1),(81,2,'导入','excelImport',3,22,1),(82,2,'导出','excelExport',3,22,1),(83,2,'导入','excelImport',3,56,1),(84,2,'导出','excelExport',3,56,1),(85,2,'导出','poolExcelExport',3,29,1),(86,3,'项目管理','work',1,0,1),(87,3,'项目','work',2,86,1),(88,3,'任务','task',2,86,1),(89,3,'项目设置','update',3,87,1),(90,3,'任务列表','taskClass',2,86,1),(91,3,'新建任务列表','save',3,90,1),(92,3,'编辑任务列表','update',3,90,1),(93,3,'删除任务列表','delete',3,90,1),(94,3,'创建','save',3,88,1),(95,6,'办公分析','oa',2,62,1),(96,6,'查看','read',3,95,1);
/*!40000 ALTER TABLE `5kcrm_admin_rule` ENABLE KEYS */;
UNLOCK TABLES;

--
-- Table structure for table `5kcrm_admin_scene`
--

DROP TABLE IF EXISTS `5kcrm_admin_scene`;
/*!40101 SET @saved_cs_client     = @@character_set_client */;
 SET character_set_client = utf8mb4 ;
CREATE TABLE `5kcrm_admin_scene` (
  `scene_id` int(10) NOT NULL AUTO_INCREMENT,
  `types` varchar(50) NOT NULL COMMENT '分类',
  `name` varchar(50) NOT NULL COMMENT '场景名称',
  `user_id` int(10) NOT NULL COMMENT '用户ID',
  `order_id` int(10) NOT NULL DEFAULT '1' COMMENT '排序ID',
  `data` text COMMENT '属性值',
  `is_hide` tinyint(1) NOT NULL DEFAULT '0' COMMENT '1隐藏',
  `type` tinyint(1) NOT NULL DEFAULT '0' COMMENT '1系统0自定义',
  `bydata` varchar(50) NOT NULL DEFAULT '' COMMENT '系统参数',
  `create_time` int(11) NOT NULL COMMENT '创建时间',
  `update_time` int(11) NOT NULL COMMENT '更新时间',
  PRIMARY KEY (`scene_id`)
) ENGINE=InnoDB AUTO_INCREMENT=24 DEFAULT CHARSET=utf8 COMMENT='场景';
/*!40101 SET character_set_client = @saved_cs_client */;

--
-- Dumping data for table `5kcrm_admin_scene`
--

LOCK TABLES `5kcrm_admin_scene` WRITE;
/*!40000 ALTER TABLE `5kcrm_admin_scene` DISABLE KEYS */;
INSERT INTO `5kcrm_admin_scene` VALUES (1,'crm_customer','我负责的客户',0,0,'',0,1,'me',1546272000,1546272000),(2,'crm_customer','我参与的客户',0,0,'',0,1,'mePart',1546272000,1546272000),(3,'crm_customer','下属负责的客户',0,0,'',0,1,'sub',1546272000,1546272000),(4,'crm_customer','全部客户',0,0,'',0,1,'all',1546272000,1546272000),(5,'crm_leads','我负责的线索',0,0,'',0,1,'me',1546272000,1546272000),(6,'crm_leads','下属的线索',0,0,'',0,1,'sub',1546272000,1546272000),(7,'crm_leads','全部线索',0,0,'',0,1,'all',1546272000,1546272000),(8,'crm_contacts','我负责的联系人',0,0,'',0,1,'me',1546272000,1546272000),(9,'crm_contacts','下属负责的联系人',0,0,'',0,1,'sub',1546272000,1546272000),(10,'crm_contacts','全部联系人',0,0,'',0,1,'all',1546272000,1546272000),(11,'crm_business','我负责的商机',0,0,'',0,1,'me',1546272000,1546272000),(12,'crm_business','我参与的商机',0,0,'',0,1,'mePart',1546272000,1546272000),(13,'crm_business','下属负责的商机',0,0,'',0,1,'sub',1546272000,1546272000),(14,'crm_business','全部商机',0,0,'',0,1,'all',1546272000,1546272000),(15,'crm_contract','我负责的合同',0,0,'',0,1,'me',1546272000,1546272000),(16,'crm_contract','我参与的合同',0,0,'',0,1,'mePart',1546272000,1546272000),(17,'crm_contract','下属负责的合同',0,0,'',0,1,'sub',1546272000,1546272000),(18,'crm_contract','全部合同',0,0,'',0,1,'all',1546272000,1546272000),(19,'crm_receivables','我负责的回款',0,0,'',0,1,'me',1546272000,1551515457),(20,'crm_receivables','下属负责的回款',0,1,'',0,1,'sub',1546272000,1551515457),(21,'crm_receivables','全部回款',0,2,'',0,1,'all',1546272000,1551515457),(22,'crm_product','全部产品',32,0,'',0,1,'all',1546272000,1565880837),(23,'crm_leads','已转化线索',0,0,'',0,1,'is_transform',1546272000,1546272000);
/*!40000 ALTER TABLE `5kcrm_admin_scene` ENABLE KEYS */;
UNLOCK TABLES;

--
-- Table structure for table `5kcrm_admin_scene_default`
--

DROP TABLE IF EXISTS `5kcrm_admin_scene_default`;
/*!40101 SET @saved_cs_client     = @@character_set_client */;
 SET character_set_client = utf8mb4 ;
CREATE TABLE `5kcrm_admin_scene_default` (
  `default_id` int(11) NOT NULL AUTO_INCREMENT,
  `types` varchar(50) NOT NULL COMMENT '类型',
  `user_id` int(11) NOT NULL COMMENT '人员ID',
  `scene_id` int(11) NOT NULL COMMENT '场景ID',
  UNIQUE KEY `default_id` (`default_id`)
) ENGINE=InnoDB DEFAULT CHARSET=utf8 COMMENT='场景默认关系表';
/*!40101 SET character_set_client = @saved_cs_client */;

--
-- Dumping data for table `5kcrm_admin_scene_default`
--

LOCK TABLES `5kcrm_admin_scene_default` WRITE;
/*!40000 ALTER TABLE `5kcrm_admin_scene_default` DISABLE KEYS */;
/*!40000 ALTER TABLE `5kcrm_admin_scene_default` ENABLE KEYS */;
UNLOCK TABLES;

--
-- Table structure for table `5kcrm_admin_structure`
--

DROP TABLE IF EXISTS `5kcrm_admin_structure`;
/*!40101 SET @saved_cs_client     = @@character_set_client */;
 SET character_set_client = utf8mb4 ;
CREATE TABLE `5kcrm_admin_structure` (
  `id` int(11) NOT NULL AUTO_INCREMENT,
  `name` varchar(200) NOT NULL DEFAULT '',
  `pid` int(11) DEFAULT '0',
  PRIMARY KEY (`id`)
) ENGINE=InnoDB AUTO_INCREMENT=8 DEFAULT CHARSET=utf8 COMMENT='部门表';
/*!40101 SET character_set_client = @saved_cs_client */;

--
-- Dumping data for table `5kcrm_admin_structure`
--

LOCK TABLES `5kcrm_admin_structure` WRITE;
/*!40000 ALTER TABLE `5kcrm_admin_structure` DISABLE KEYS */;
INSERT INTO `5kcrm_admin_structure` VALUES (1,'中食药',0),(2,'产品部',1),(3,'董事会',1),(4,'办公室',1),(6,'培训部',1);
/*!40000 ALTER TABLE `5kcrm_admin_structure` ENABLE KEYS */;
UNLOCK TABLES;

--
-- Table structure for table `5kcrm_admin_system`
--

DROP TABLE IF EXISTS `5kcrm_admin_system`;
/*!40101 SET @saved_cs_client     = @@character_set_client */;
 SET character_set_client = utf8mb4 ;
CREATE TABLE `5kcrm_admin_system` (
  `id` int(11) NOT NULL AUTO_INCREMENT,
  `name` varchar(100) NOT NULL,
  `value` varchar(255) NOT NULL DEFAULT '',
  `description` varchar(255) NOT NULL DEFAULT '',
  PRIMARY KEY (`id`) USING BTREE
) ENGINE=InnoDB AUTO_INCREMENT=3 DEFAULT CHARSET=utf8 ROW_FORMAT=DYNAMIC;
/*!40101 SET character_set_client = @saved_cs_client */;

--
-- Dumping data for table `5kcrm_admin_system`
--

LOCK TABLES `5kcrm_admin_system` WRITE;
/*!40000 ALTER TABLE `5kcrm_admin_system` DISABLE KEYS */;
INSERT INTO `5kcrm_admin_system` VALUES (1,'name','中食药','网站名称'),(2,'logo','','企业logo');
/*!40000 ALTER TABLE `5kcrm_admin_system` ENABLE KEYS */;
UNLOCK TABLES;

--
-- Table structure for table `5kcrm_admin_user`
--

DROP TABLE IF EXISTS `5kcrm_admin_user`;
/*!40101 SET @saved_cs_client     = @@character_set_client */;
 SET character_set_client = utf8mb4 ;
CREATE TABLE `5kcrm_admin_user` (
  `id` int(11) NOT NULL AUTO_INCREMENT COMMENT '主键',
  `username` varchar(100) NOT NULL COMMENT '管理后台账号',
  `password` varchar(100) NOT NULL COMMENT '管理后台密码',
  `salt` varchar(4) NOT NULL COMMENT '安全符',
  `img` varchar(200) NOT NULL DEFAULT '' COMMENT '头像',
  `thumb_img` varchar(200) NOT NULL DEFAULT '' COMMENT '头像缩略图',
  `create_time` int(11) NOT NULL,
  `realname` varchar(100) NOT NULL DEFAULT '' COMMENT '真实姓名',
  `num` varchar(100) NOT NULL DEFAULT '' COMMENT '员工编号',
  `email` varchar(50) NOT NULL DEFAULT '' COMMENT '邮箱',
  `mobile` varchar(50) NOT NULL DEFAULT '' COMMENT '手机号码',
  `sex` varchar(5) NOT NULL DEFAULT '' COMMENT '男、女',
  `structure_id` int(11) NOT NULL DEFAULT '0' COMMENT '部门',
  `post` varchar(50) NOT NULL DEFAULT '' COMMENT '岗位',
  `status` tinyint(3) NOT NULL DEFAULT '2' COMMENT '状态,0禁用,1启用,2未激活',
  `parent_id` int(10) NOT NULL DEFAULT '0' COMMENT '直属上级ID',
  `authkey` varchar(32) NOT NULL DEFAULT '' COMMENT '验证信息',
  `authkey_time` int(11) NOT NULL DEFAULT '0' COMMENT '验证失效时间',
  `type` tinyint(2) NOT NULL COMMENT '1系统用户 0非系统用户',
  PRIMARY KEY (`id`)
) ENGINE=InnoDB AUTO_INCREMENT=36 DEFAULT CHARSET=utf8 COMMENT='用户表';
/*!40101 SET character_set_client = @saved_cs_client */;

--
-- Dumping data for table `5kcrm_admin_user`
--

LOCK TABLES `5kcrm_admin_user` WRITE;
/*!40000 ALTER TABLE `5kcrm_admin_user` DISABLE KEYS */;
INSERT INTO `5kcrm_admin_user` VALUES (1,'18622124397','9964f1dac0e5c191b323d073e9b42557','a8bd','','',1565840175,'竭友','','18622124397@163.com','18622124397','男',3,'产品事业部经理',1,0,'d72eaccec5cdb1d74da6faa7dec03cec',1566439047,1),(2,'13911975745','769404b6776bec59af563400a79f11e9','ad8e','','',1565846342,'何旭涛','','','13911975745','男',3,'CEO',1,0,'b25ff9dfb07e8947480015a2c7edb473',1566445801,1),(3,'13290785560','37c999e6792ef54423c32dd2eaa06aa0','8e93','','',1565846493,'张碧兰','','1652097362@qq.com','13290785560','女',4,'',1,2,'2dc29c911db6173ff4cc60272a822058',1566350613,1),(4,'18622232157','4d211b6ddf1665944dae5fa37ef23232','74ed','','',1565846653,'王彦忠','','','18622232157','男',3,'',1,0,'',0,1),(5,'13910343839','6c526e8d7219d3dcffd893d2dbd40ae3','d1a5','','',1565846689,'陈福华','','','13910343839','男',3,'',1,0,'448fa32af51601a59f12090801ac8e19',1566441073,1),(6,'13810539331','60c10d8005c1077cdb740a00efb1c804','592e','','',1565846747,'胡震山','','','13810539331','男',2,'',1,0,'fd99d7ee593000511387ba0a90dda4ac',1566265250,1),(7,'13520008012','cadbfa82df1e7b4bb112b1cf674762d4','3c45','','',1565846951,'朱小苗','','','13520008012','女',2,'',1,0,'0e8e75515727979eed60bf2966389faa',1566439272,1),(8,'18811730364','1febfb6b189dacc2f796f48847025faf','181b','','',1565846994,'孙志强','','','18811730364','男',2,'',1,0,'',0,1),(9,'13552474525','4f9ef3676d609164a484ccb73ea77c30','bb9d','','',1565847041,'胡朝洋','','','13552474525','男',2,'',1,0,'1423e737d537e10a15d055f551b45d4e',1566463658,1),(10,'13520008020','eb4362e3691d4ea25ff86cf9c241ff64','ed85','','',1565848105,'尹瑞娜','','','13520008020','女',2,'',1,0,'ee2b3837c30776a14c7a7231888fd9c3',1566394830,1),(11,'13520006792','7710ee11142f47666cfe98c6e6455730','7cd0','','',1565848214,'张薪新','','','13520006792','女',2,'',1,0,'a58ad2ffadcc53bfb2de042053a2a00d',1566484512,1),(12,'13552994332','f82febd3f8c9d5ac5c029f4966380e1c','2179','','',1565848269,'刘迈华','','','13552994332','男',2,'',1,0,'',0,1),(13,'13520008752','d6d860b6aa042dc370838544ece0f89f','3987','','',1565849421,'何志强','','','13520008752','男',6,'',1,0,'7b40658d001f005d80c8b4429670ab77',1566270256,1),(14,'18910595418','a44c5f7107443fa94f767b30e9f15663','6dda','','',1565850863,'梅宇竣','','','18910595418','男',2,'',1,0,'844fb20dba1850cb80728252fad21721',1566437775,1),(15,'13521853325','17ee6b55f85b5f8d1423cc389dbfc5a5','3fe6','','',1565851458,'张毅骅','','','13521853325','男',6,'部门经理',1,5,'',0,1),(16,'13520008517','3f67edffbc62f8ea8fe6df743657835d','44a8','','',1565851575,'崔佳欢','','','13520008517','男',6,'',1,0,'',0,1),(17,'13520008172','2c0f935f38d4f70cc99a45a7fd8e6891','c289','','',1565851636,'任彤','','','13520008172','女',6,'',1,0,'',0,1),(18,'13520008761','6fa603ab80acbe6aa73d0ca2a7908ad0','c1cf','','',1565851685,'于立志','','','13520008761','男',6,'',1,0,'',0,1),(19,'13520008253','eb644977e166152a56b01e71411b62f6','abfa','','',1565851762,'宫少静','','','13520008253','女',6,'',1,0,'',0,1),(20,'13521865862','b65fb2aafb76260f16d6a581da0e17d4','caa6','','',1565851867,'房玉娜','','','13521865862','女',6,'',1,0,'',0,1),(21,'13520006317','7758fb4c7f865002c573f208d5b0e435','c70f','','',1565851917,'刘海静','','','13520006317','女',6,'',1,0,'',0,1),(22,'13521853017','5b5c382372cecd2f1c385685b7d6d020','8a5c','','',1565852076,'聂华','','','13521853017','女',6,'',1,0,'',0,1),(23,'13521852803','ec8db60186a70a28ee6d818675687e00','c4d5','','',1565852162,'田冰洋','','','13521852803','男',6,'',1,0,'',0,1),(24,'13521853165','00ac85284f9f4873b9804dd5aa16c01a','b6c6','','',1565852218,'于淑国','','','13521853165','男',6,'',1,0,'',0,1),(25,'13521852857','3597f700a8a9a1da9e947f9e2601ffd7','3ee5','','',1565852564,'党招平','','','13521852857','女',6,'',1,0,'',0,1),(26,'13521853201','27d6ab4717458d889d053d6d90bd527d','a0fa','','',1565852620,'潘强','','','13521853201','男',6,'',1,0,'',0,1),(27,'13520008531','60b8c62146bcb16d939acae0cb106f02','c4e0','','',1565852686,'谷红卫','','','13520008531','男',6,'',1,0,'',0,1),(28,'13521866075','275a63ca2b907b6b8fc4f4b8ba9704a0','e527','','',1565852741,'夏玲燕','','','13521866075','女',6,'',2,0,'',0,1),(29,'13520008617','c88a71a6b4de5b8b962ac602860f0dae','1db0','','',1565852823,'刘桂朋','','','13520008617','男',6,'课题策划',1,0,'',0,1),(30,'13552994307','5c89f56a809af66e4bebc406df988d31','55e8','','',1565853130,'王鹏','','','13552994307','男',2,'',1,0,'0cc1289b9325d03d28baf09da04f24a6',1566350660,1),(31,'18611111111','3512fa4e8649a530d415bfff55cfbb33','2f61','','',1565877230,'Test','','','18611111111','男',2,'产品部销售',1,34,'61c36e0cf1d56493e502a37f64ca3ec8',1566395706,1),(32,'18622222222','fcf1df123f6c4a0d646522adcf205268','a5c9','','',1565878159,'Test2','','','18622222222','男',2,'',1,0,'704872fc0b369a01f97081ecbcb53405',1565967074,1),(33,'18633333333','726d7ed3bb7286b3791fa6ba0d5241cc','fa5a','','',1565878669,'training1','','','18633333333','',6,'',2,0,'',0,1),(34,'18600000000','975486068de8e288881f61de358a1f75','b1bd','','',1565878698,'Manager1','','','18600000000','',2,'',1,0,'fa0f8682befdd358ae49b3adcdf6a718',1565965375,1),(35,'13521865993','70e14f3dd189a9dd274021a0b95a93e7','1e71','','',1566194387,'翟志杰','','','13521865993','女',4,'',1,2,'0ea795334e037e5b992f3aed65de662c',1566350077,1);
/*!40000 ALTER TABLE `5kcrm_admin_user` ENABLE KEYS */;
UNLOCK TABLES;

--
-- Table structure for table `5kcrm_admin_user_field`
--

DROP TABLE IF EXISTS `5kcrm_admin_user_field`;
/*!40101 SET @saved_cs_client     = @@character_set_client */;
 SET character_set_client = utf8mb4 ;
CREATE TABLE `5kcrm_admin_user_field` (
  `id` int(11) NOT NULL AUTO_INCREMENT,
  `user_id` int(11) NOT NULL,
  `types` varchar(30) NOT NULL COMMENT '分类',
  `datas` text COMMENT '属性值',
  `create_time` int(11) NOT NULL COMMENT '创建时间',
  `update_time` int(11) NOT NULL COMMENT '更新时间',
  PRIMARY KEY (`id`)
) ENGINE=InnoDB AUTO_INCREMENT=15 DEFAULT CHARSET=utf8 COMMENT='自定义字段展示排序关系表';
/*!40101 SET character_set_client = @saved_cs_client */;

--
-- Dumping data for table `5kcrm_admin_user_field`
--

LOCK TABLES `5kcrm_admin_user_field` WRITE;
/*!40000 ALTER TABLE `5kcrm_admin_user_field` DISABLE KEYS */;
INSERT INTO `5kcrm_admin_user_field` VALUES (1,34,'crm_customer','{\"name\":{\"width\":\"163.39999389648438\",\"is_hide\":0},\"level\":{\"width\":\"\",\"is_hide\":0},\"industry\":{\"width\":\"\",\"is_hide\":0},\"crm_dkqyzy\":{\"width\":\"\",\"is_hide\":0},\"source\":{\"width\":\"\",\"is_hide\":0},\"deal_status\":{\"width\":\"\",\"is_hide\":0},\"telephone\":{\"width\":\"\",\"is_hide\":0},\"website\":{\"width\":\"\",\"is_hide\":0},\"next_time\":{\"width\":\"\",\"is_hide\":0},\"remark\":{\"width\":\"\",\"is_hide\":0},\"mobile\":{\"width\":\"\",\"is_hide\":0},\"create_user_id\":{\"width\":\"\",\"is_hide\":0},\"update_time\":{\"width\":\"\",\"is_hide\":0},\"create_time\":{\"width\":\"\",\"is_hide\":0},\"owner_user_id\":{\"width\":\"\",\"is_hide\":0}}',1565879093,1566047122),(2,1,'crm_contacts','{\"name\":{\"width\":\"\",\"is_hide\":0},\"customer_id\":{\"width\":\"266.6000061035156\",\"is_hide\":0},\"mobile\":{\"width\":\"\",\"is_hide\":0},\"telephone\":{\"width\":\"\",\"is_hide\":0},\"email\":{\"width\":\"\",\"is_hide\":0},\"decision\":{\"width\":\"\",\"is_hide\":0},\"post\":{\"width\":\"\",\"is_hide\":0},\"sex\":{\"width\":\"\",\"is_hide\":0},\"detail_address\":{\"width\":\"\",\"is_hide\":0},\"next_time\":{\"width\":\"\",\"is_hide\":0},\"remark\":{\"width\":\"\",\"is_hide\":0},\"create_user_id\":{\"width\":\"\",\"is_hide\":0},\"update_time\":{\"width\":\"\",\"is_hide\":0},\"create_time\":{\"width\":\"\",\"is_hide\":0},\"owner_user_id\":{\"width\":\"\",\"is_hide\":0}}',1565879548,1565879548),(3,32,'crm_customer','{\"name\":{\"width\":\"129.39999389648438\",\"is_hide\":0},\"level\":{\"width\":\"\",\"is_hide\":0},\"industry\":{\"width\":\"\",\"is_hide\":0},\"crm_dkqyzy\":{\"width\":\"\",\"is_hide\":0},\"source\":{\"width\":\"\",\"is_hide\":0},\"deal_status\":{\"width\":\"\",\"is_hide\":0},\"telephone\":{\"width\":\"\",\"is_hide\":0},\"website\":{\"width\":\"\",\"is_hide\":0},\"next_time\":{\"width\":\"\",\"is_hide\":0},\"remark\":{\"width\":\"\",\"is_hide\":0},\"mobile\":{\"width\":\"\",\"is_hide\":0},\"create_user_id\":{\"width\":\"\",\"is_hide\":0},\"update_time\":{\"width\":\"\",\"is_hide\":0},\"create_time\":{\"width\":\"\",\"is_hide\":0},\"owner_user_id\":{\"width\":\"\",\"is_hide\":0}}',1565879604,1566047122),(4,1,'crm_customer','{\"name\":{\"width\":\"207.39999389648438\",\"is_hide\":0},\"level\":{\"width\":\"185.79998779296875\",\"is_hide\":0},\"industry\":{\"width\":\"\",\"is_hide\":0},\"crm_dkqyzy\":{\"width\":\"\",\"is_hide\":0},\"source\":{\"width\":\"\",\"is_hide\":0},\"deal_status\":{\"width\":\"\",\"is_hide\":0},\"telephone\":{\"width\":\"\",\"is_hide\":0},\"website\":{\"width\":\"\",\"is_hide\":0},\"next_time\":{\"width\":\"\",\"is_hide\":0},\"remark\":{\"width\":\"\",\"is_hide\":0},\"mobile\":{\"width\":\"\",\"is_hide\":0},\"create_user_id\":{\"width\":\"\",\"is_hide\":0},\"update_time\":{\"width\":\"\",\"is_hide\":0},\"create_time\":{\"width\":\"\",\"is_hide\":0},\"owner_user_id\":{\"width\":\"\",\"is_hide\":0},\"crm_xqjlyw\":{\"width\":\"129\",\"is_hide\":0},\"crm_bzhouh\":{\"width\":\"\",\"is_hide\":1},\"pool_day\":{\"width\":\"119.199951171875\"}}',1565880397,1566149969),(5,1,'crm_product','{\"name\":{\"width\":\"207.79998779296875\",\"is_hide\":0},\"category_id\":{\"width\":\"\",\"is_hide\":0},\"num\":{\"width\":\"\",\"is_hide\":0},\"status\":{\"width\":\"\",\"is_hide\":0},\"unit\":{\"width\":\"\",\"is_hide\":0},\"price\":{\"width\":\"\",\"is_hide\":0},\"description\":{\"width\":\"\",\"is_hide\":0},\"create_user_id\":{\"width\":\"\",\"is_hide\":0},\"update_time\":{\"width\":\"\",\"is_hide\":0},\"create_time\":{\"width\":\"\",\"is_hide\":0},\"owner_user_id\":{\"width\":\"\",\"is_hide\":0}}',1565880905,1565880905),(6,31,'crm_customer','{\"name\":{\"width\":\"197.39999389648438\",\"is_hide\":0},\"crm_xqjlyw\":{\"width\":\"88.79998779296875\",\"is_hide\":0},\"level\":{\"width\":\"\",\"is_hide\":0},\"industry\":{\"width\":\"\",\"is_hide\":0},\"crm_dkqyzy\":{\"width\":\"\",\"is_hide\":0},\"source\":{\"width\":\"\",\"is_hide\":0},\"deal_status\":{\"width\":\"\",\"is_hide\":0},\"mobile\":{\"width\":\"\",\"is_hide\":0},\"telephone\":{\"width\":\"\",\"is_hide\":0},\"website\":{\"width\":\"\",\"is_hide\":0},\"next_time\":{\"width\":\"\",\"is_hide\":0},\"remark\":{\"width\":\"\",\"is_hide\":0},\"create_user_id\":{\"width\":\"\",\"is_hide\":0},\"update_time\":{\"width\":\"\",\"is_hide\":0},\"create_time\":{\"width\":\"\",\"is_hide\":0},\"owner_user_id\":{\"width\":\"\",\"is_hide\":0}}',1566044024,1566047122),(7,31,'crm_contacts','{\"name\":{\"width\":\"\",\"is_hide\":0},\"customer_id\":{\"width\":\"199.60000610351562\",\"is_hide\":0},\"mobile\":{\"width\":\"178.79998779296875\",\"is_hide\":0},\"telephone\":{\"width\":\"\",\"is_hide\":0},\"email\":{\"width\":\"\",\"is_hide\":0},\"decision\":{\"width\":\"\",\"is_hide\":0},\"post\":{\"width\":\"\",\"is_hide\":0},\"sex\":{\"width\":\"\",\"is_hide\":0},\"detail_address\":{\"width\":\"\",\"is_hide\":0},\"next_time\":{\"width\":\"\",\"is_hide\":0},\"remark\":{\"width\":\"\",\"is_hide\":0},\"create_user_id\":{\"width\":\"\",\"is_hide\":0},\"update_time\":{\"width\":\"\",\"is_hide\":0},\"create_time\":{\"width\":\"\",\"is_hide\":0},\"owner_user_id\":{\"width\":\"\",\"is_hide\":0}}',1566044404,1566044404),(8,31,'crm_product','{\"name\":{\"width\":\"227.79998779296875\",\"is_hide\":0},\"category_id\":{\"width\":\"\",\"is_hide\":0},\"num\":{\"width\":\"\",\"is_hide\":0},\"status\":{\"width\":\"\",\"is_hide\":0},\"unit\":{\"width\":\"\",\"is_hide\":0},\"price\":{\"width\":\"\",\"is_hide\":0},\"description\":{\"width\":\"\",\"is_hide\":0},\"create_user_id\":{\"width\":\"\",\"is_hide\":0},\"update_time\":{\"width\":\"\",\"is_hide\":0},\"create_time\":{\"width\":\"\",\"is_hide\":0},\"owner_user_id\":{\"width\":\"\",\"is_hide\":0}}',1566045454,1566045454),(9,31,'crm_customer_pool','{\"name\":{\"width\":\"142.79998779296875\",\"is_hide\":0},\"crm_xqjlyw\":{\"width\":\"\",\"is_hide\":0},\"level\":{\"width\":\"\",\"is_hide\":0},\"industry\":{\"width\":\"\",\"is_hide\":0},\"crm_dkqyzy\":{\"width\":\"\",\"is_hide\":0},\"source\":{\"width\":\"\",\"is_hide\":0},\"deal_status\":{\"width\":\"\",\"is_hide\":0},\"crm_broxyl\":{\"width\":\"\",\"is_hide\":0},\"mobile\":{\"width\":\"\",\"is_hide\":0},\"telephone\":{\"width\":\"\",\"is_hide\":0},\"website\":{\"width\":\"\",\"is_hide\":0},\"next_time\":{\"width\":\"\",\"is_hide\":0},\"remark\":{\"width\":\"\",\"is_hide\":0},\"create_user_id\":{\"width\":\"\",\"is_hide\":0},\"update_time\":{\"width\":\"\",\"is_hide\":0},\"create_time\":{\"width\":\"\",\"is_hide\":0},\"owner_user_id\":{\"width\":\"\",\"is_hide\":0}}',1566045820,1566045820),(10,9,'crm_customer','{\"name\":{\"width\":\"112\",\"is_hide\":0},\"crm_xqjlyw\":{\"width\":\"\",\"is_hide\":0},\"level\":{\"width\":\"\",\"is_hide\":0},\"industry\":{\"width\":\"\",\"is_hide\":0},\"crm_dkqyzy\":{\"width\":\"\",\"is_hide\":0},\"source\":{\"width\":\"\",\"is_hide\":0},\"deal_status\":{\"width\":\"\",\"is_hide\":0},\"crm_bzhouh\":{\"width\":\"\",\"is_hide\":0},\"mobile\":{\"width\":\"\",\"is_hide\":0},\"telephone\":{\"width\":\"\",\"is_hide\":0},\"website\":{\"width\":\"\",\"is_hide\":0},\"next_time\":{\"width\":\"\",\"is_hide\":0},\"remark\":{\"width\":\"\",\"is_hide\":0},\"create_user_id\":{\"width\":\"\",\"is_hide\":0},\"update_time\":{\"width\":\"\",\"is_hide\":0},\"create_time\":{\"width\":\"\",\"is_hide\":0},\"owner_user_id\":{\"width\":\"\",\"is_hide\":0}}',1566199395,1566199395),(11,3,'crm_product','{\"name\":{\"width\":\"356\",\"is_hide\":0},\"category_id\":{\"width\":\"\",\"is_hide\":0},\"num\":{\"width\":\"87\",\"is_hide\":0},\"status\":{\"width\":\"72\",\"is_hide\":0},\"unit\":{\"width\":\"54\",\"is_hide\":0},\"price\":{\"width\":\"88\",\"is_hide\":0},\"description\":{\"width\":\"277\",\"is_hide\":0},\"crm_ocgkro\":{\"width\":\"56\",\"is_hide\":0},\"crm_rjpyfk\":{\"width\":\"49\",\"is_hide\":0},\"crm_ljoxkk\":{\"width\":\"43\",\"is_hide\":0},\"crm_xtxtlu\":{\"width\":\"47\",\"is_hide\":0},\"crm_ynuyok\":{\"width\":\"43\",\"is_hide\":0},\"create_user_id\":{\"width\":\"48\",\"is_hide\":0},\"update_time\":{\"width\":\"\",\"is_hide\":0},\"create_time\":{\"width\":\"83\",\"is_hide\":0},\"owner_user_id\":{\"width\":\"62\",\"is_hide\":0}}',1566281715,1566281715),(12,14,'crm_customer','{\"name\":{\"width\":\"197.39999389648438\",\"is_hide\":0},\"crm_xqjlyw\":{\"width\":\"\",\"is_hide\":0},\"level\":{\"width\":\"\",\"is_hide\":0},\"industry\":{\"width\":\"\",\"is_hide\":0},\"crm_dkqyzy\":{\"width\":\"\",\"is_hide\":0},\"source\":{\"width\":\"\",\"is_hide\":0},\"deal_status\":{\"width\":\"\",\"is_hide\":0},\"crm_bzhouh\":{\"width\":\"\",\"is_hide\":0},\"mobile\":{\"width\":\"\",\"is_hide\":0},\"telephone\":{\"width\":\"\",\"is_hide\":0},\"website\":{\"width\":\"\",\"is_hide\":0},\"next_time\":{\"width\":\"\",\"is_hide\":0},\"remark\":{\"width\":\"\",\"is_hide\":0},\"create_user_id\":{\"width\":\"\",\"is_hide\":0},\"update_time\":{\"width\":\"\",\"is_hide\":0},\"create_time\":{\"width\":\"\",\"is_hide\":0},\"owner_user_id\":{\"width\":\"\",\"is_hide\":0}}',1566308360,1566308360),(13,31,'crm_business','{\"name\":{\"width\":\"\",\"is_hide\":0},\"customer_id\":{\"width\":\"142.19998168945312\",\"is_hide\":0},\"type_id\":{\"width\":\"\",\"is_hide\":0},\"status_id\":{\"width\":\"\",\"is_hide\":0},\"money\":{\"width\":\"\",\"is_hide\":0},\"deal_date\":{\"width\":\"151.5999755859375\",\"is_hide\":0},\"remark\":{\"width\":\"\",\"is_hide\":0},\"create_user_id\":{\"width\":\"\",\"is_hide\":0},\"update_time\":{\"width\":\"\",\"is_hide\":0},\"create_time\":{\"width\":\"\",\"is_hide\":0},\"owner_user_id\":{\"width\":\"\",\"is_hide\":0}}',1566309221,1566309221),(14,1,'crm_business','{\"name\":{\"width\":\"122.60000610351562\",\"is_hide\":0},\"customer_id\":{\"width\":\"\",\"is_hide\":0},\"type_id\":{\"width\":\"\",\"is_hide\":0},\"status_id\":{\"width\":\"\",\"is_hide\":0},\"money\":{\"width\":\"\",\"is_hide\":0},\"deal_date\":{\"width\":\"\",\"is_hide\":0},\"remark\":{\"width\":\"110.20001220703125\",\"is_hide\":0},\"create_user_id\":{\"width\":\"\",\"is_hide\":0},\"update_time\":{\"width\":\"\",\"is_hide\":0},\"create_time\":{\"width\":\"\",\"is_hide\":0},\"owner_user_id\":{\"width\":\"\",\"is_hide\":0}}',1566309743,1566309743);
/*!40000 ALTER TABLE `5kcrm_admin_user_field` ENABLE KEYS */;
UNLOCK TABLES;

--
-- Table structure for table `5kcrm_admin_user_threeparty`
--

DROP TABLE IF EXISTS `5kcrm_admin_user_threeparty`;
/*!40101 SET @saved_cs_client     = @@character_set_client */;
 SET character_set_client = utf8mb4 ;
CREATE TABLE `5kcrm_admin_user_threeparty` (
  `id` int(10) NOT NULL AUTO_INCREMENT COMMENT '主键',
  `user_id` int(10) NOT NULL COMMENT '用户ID',
  `ding_id` varchar(100) NOT NULL COMMENT '钉钉userID',
  PRIMARY KEY (`id`)
) ENGINE=InnoDB DEFAULT CHARSET=utf8 COMMENT='关联第三方';
/*!40101 SET character_set_client = @saved_cs_client */;

--
-- Dumping data for table `5kcrm_admin_user_threeparty`
--

LOCK TABLES `5kcrm_admin_user_threeparty` WRITE;
/*!40000 ALTER TABLE `5kcrm_admin_user_threeparty` DISABLE KEYS */;
/*!40000 ALTER TABLE `5kcrm_admin_user_threeparty` ENABLE KEYS */;
UNLOCK TABLES;

--
-- Table structure for table `5kcrm_crm_achievement`
--

DROP TABLE IF EXISTS `5kcrm_crm_achievement`;
/*!40101 SET @saved_cs_client     = @@character_set_client */;
 SET character_set_client = utf8mb4 ;
CREATE TABLE `5kcrm_crm_achievement` (
  `achievement_id` int(11) NOT NULL AUTO_INCREMENT,
  `name` varchar(50) NOT NULL DEFAULT '' COMMENT '名字',
  `obj_id` int(11) NOT NULL DEFAULT '0' COMMENT '对象ID',
  `type` tinyint(2) NOT NULL DEFAULT '0' COMMENT '1公司2部门3员工',
  `year` int(8) NOT NULL COMMENT '年',
  `january` decimal(18,2) NOT NULL DEFAULT '0.00' COMMENT '一月',
  `february` decimal(18,2) NOT NULL DEFAULT '0.00' COMMENT '二月',
  `march` decimal(18,2) NOT NULL DEFAULT '0.00' COMMENT '三月',
  `april` decimal(18,2) NOT NULL DEFAULT '0.00' COMMENT '四月',
  `may` decimal(18,2) NOT NULL DEFAULT '0.00' COMMENT '五月',
  `june` decimal(18,2) NOT NULL DEFAULT '0.00' COMMENT '六月',
  `july` decimal(18,2) NOT NULL DEFAULT '0.00' COMMENT '七月',
  `august` decimal(18,2) NOT NULL DEFAULT '0.00' COMMENT '八月',
  `september` decimal(18,2) NOT NULL DEFAULT '0.00' COMMENT '九月',
  `october` decimal(18,2) NOT NULL DEFAULT '0.00' COMMENT '十月',
  `november` decimal(18,2) NOT NULL DEFAULT '0.00' COMMENT '十一月',
  `december` decimal(18,2) NOT NULL DEFAULT '0.00' COMMENT '十二月',
  `status` tinyint(2) NOT NULL DEFAULT '0' COMMENT '1销售（目标）2回款（目标）',
  `yeartarget` decimal(18,2) NOT NULL DEFAULT '0.00' COMMENT '年目标',
  PRIMARY KEY (`achievement_id`) USING BTREE
) ENGINE=InnoDB AUTO_INCREMENT=6 DEFAULT CHARSET=utf8 ROW_FORMAT=DYNAMIC;
/*!40101 SET character_set_client = @saved_cs_client */;

--
-- Dumping data for table `5kcrm_crm_achievement`
--

LOCK TABLES `5kcrm_crm_achievement` WRITE;
/*!40000 ALTER TABLE `5kcrm_crm_achievement` DISABLE KEYS */;
INSERT INTO `5kcrm_crm_achievement` VALUES (1,'中食药',1,2,2019,0.00,0.00,0.00,0.00,0.00,0.00,0.00,0.00,0.00,0.00,0.00,0.00,1,0.00),(2,'产品部',2,2,2019,0.00,0.00,0.00,0.00,0.00,0.00,0.00,70000.00,70000.00,140000.00,210000.00,210000.00,1,700000.00),(3,'董事会',3,2,2019,0.00,0.00,0.00,0.00,0.00,0.00,0.00,0.00,0.00,0.00,0.00,0.00,1,0.00),(4,'办公室',4,2,2019,0.00,0.00,0.00,0.00,0.00,0.00,0.00,0.00,0.00,0.00,0.00,0.00,1,0.00),(5,'培训部',6,2,2019,0.00,0.00,0.00,0.00,0.00,0.00,0.00,0.00,0.00,0.00,0.00,0.00,1,0.00);
/*!40000 ALTER TABLE `5kcrm_crm_achievement` ENABLE KEYS */;
UNLOCK TABLES;

--
-- Table structure for table `5kcrm_crm_business`
--

DROP TABLE IF EXISTS `5kcrm_crm_business`;
/*!40101 SET @saved_cs_client     = @@character_set_client */;
 SET character_set_client = utf8mb4 ;
CREATE TABLE `5kcrm_crm_business` (
  `business_id` int(11) NOT NULL AUTO_INCREMENT,
  `customer_id` varchar(255) CHARACTER SET utf8 COLLATE utf8_general_ci DEFAULT NULL COMMENT '客户名称',
  `type_id` varchar(255) CHARACTER SET utf8 COLLATE utf8_general_ci DEFAULT NULL COMMENT '商机状态组',
  `status_id` varchar(255) CHARACTER SET utf8 COLLATE utf8_general_ci DEFAULT NULL COMMENT '商机阶段',
  `status_time` int(11) NOT NULL DEFAULT '0' COMMENT '阶段推进时间',
  `is_end` tinyint(4) NOT NULL DEFAULT '0' COMMENT '1赢单2输单3无效',
  `next_time` int(11) NOT NULL DEFAULT '0' COMMENT '下次联系时间',
  `name` varchar(255) CHARACTER SET utf8 COLLATE utf8_general_ci DEFAULT NULL COMMENT '商机名称',
  `money` decimal(18,2) DEFAULT '0.00' COMMENT '商机金额',
  `total_price` decimal(18,2) NOT NULL DEFAULT '0.00' COMMENT '产品总金额',
  `deal_date` date DEFAULT NULL COMMENT '预计成交日期',
  `discount_rate` decimal(10,2) NOT NULL DEFAULT '0.00' COMMENT '整单折扣',
  `remark` text COMMENT '备注',
  `create_user_id` int(10) NOT NULL COMMENT '创建人ID',
  `owner_user_id` int(10) NOT NULL COMMENT '负责人ID',
  `ro_user_id` varchar(500) NOT NULL DEFAULT '' COMMENT '只读权限',
  `rw_user_id` varchar(500) NOT NULL DEFAULT '' COMMENT '读写权限',
  `create_time` int(11) NOT NULL COMMENT '创建时间',
  `update_time` int(11) NOT NULL COMMENT '更新时间',
  PRIMARY KEY (`business_id`)
) ENGINE=InnoDB AUTO_INCREMENT=15 DEFAULT CHARSET=utf8 COMMENT='商机表';
/*!40101 SET character_set_client = @saved_cs_client */;

--
-- Dumping data for table `5kcrm_crm_business`
--

LOCK TABLES `5kcrm_crm_business` WRITE;
/*!40000 ALTER TABLE `5kcrm_crm_business` DISABLE KEYS */;
INSERT INTO `5kcrm_crm_business` VALUES (3,'5','1','6',1566309406,0,0,'DMS单机版',70000.00,0.00,'2019-11-30',0.00,'',9,9,'',',8,',1566196311,1566309406),(4,'4','1','4',0,0,0,'CSV',0.00,0.00,'2019-12-31',0.00,'',9,9,'',',8,',1566204800,1566204800),(5,'9','1','5',0,0,0,'会员需求',0.00,0.00,'2019-12-31',0.00,'',9,9,'',',8,',1566204830,1566205817),(6,'13','1','6',0,0,0,'实验室体系审计',45000.00,0.00,'2019-10-14',60.00,'',14,14,'','',1566303813,1566303813),(7,'14','1','6',0,0,0,'FDA 483警告信 体系整改',1650000.00,0.00,'2019-12-31',0.00,'最终方案需要老板下定决心，',14,14,'','',1566304439,1566304439),(8,'15','1','6',0,0,0,'新药注册现场一致性评价',1600000.00,0.00,'2020-01-01',0.00,'等待他们二期临床方案下来，',14,14,'','',1566305010,1566305010),(9,'16','1','6',0,0,0,'GMP新建厂房咨询',520000.00,0.00,'2019-12-31',0.00,'等待他们生产许可证办下来',14,14,'','',1566305404,1566305404),(10,'17','1','5',0,0,0,'DMS网络版',350000.00,0.00,'2019-12-31',0.00,'等待搬新厂',14,14,'','',1566306046,1566306046),(11,'18','1','6',0,0,0,'DMS网络版',400000.00,0.00,'2019-12-31',0.00,'等万通总部做完',14,14,'','',1566306183,1566306183),(12,'19','1','6',0,0,0,'新药现场审计',75000.00,0.00,'2020-01-07',0.00,'12月方法转移，1月初差不多三批工艺验证结束，进审计',14,14,'','',1566306396,1566306396),(13,'36','1','4',0,0,0,'csv',25000.00,0.00,'2019-11-30',0.00,'预计九月份先让咱们做一台难度较高的设备，后期想自己尝试着做。',11,11,'','',1566398812,1566398812),(14,'22','1','4',0,0,0,'CSV',200000.00,0.00,'2020-09-30',0.00,'还没有GMP证书，预计认证前做CSV。',11,11,'','',1566398946,1566398946);
/*!40000 ALTER TABLE `5kcrm_crm_business` ENABLE KEYS */;
UNLOCK TABLES;

--
-- Table structure for table `5kcrm_crm_business_file`
--

DROP TABLE IF EXISTS `5kcrm_crm_business_file`;
/*!40101 SET @saved_cs_client     = @@character_set_client */;
 SET character_set_client = utf8mb4 ;
CREATE TABLE `5kcrm_crm_business_file` (
  `r_id` int(11) NOT NULL AUTO_INCREMENT,
  `business_id` int(11) NOT NULL COMMENT '商机ID',
  `file_id` int(11) NOT NULL COMMENT '附件ID',
  PRIMARY KEY (`r_id`)
) ENGINE=InnoDB DEFAULT CHARSET=utf8 COMMENT='商机附件关系表';
/*!40101 SET character_set_client = @saved_cs_client */;

--
-- Dumping data for table `5kcrm_crm_business_file`
--

LOCK TABLES `5kcrm_crm_business_file` WRITE;
/*!40000 ALTER TABLE `5kcrm_crm_business_file` DISABLE KEYS */;
/*!40000 ALTER TABLE `5kcrm_crm_business_file` ENABLE KEYS */;
UNLOCK TABLES;

--
-- Table structure for table `5kcrm_crm_business_log`
--

DROP TABLE IF EXISTS `5kcrm_crm_business_log`;
/*!40101 SET @saved_cs_client     = @@character_set_client */;
 SET character_set_client = utf8mb4 ;
CREATE TABLE `5kcrm_crm_business_log` (
  `id` int(11) NOT NULL AUTO_INCREMENT,
  `business_id` int(11) NOT NULL COMMENT '商机id',
  `status_id` int(11) NOT NULL COMMENT '状态id',
  `is_end` tinyint(4) NOT NULL COMMENT '1赢单2输单3无效',
  `create_time` int(11) NOT NULL COMMENT '创建时间',
  `owner_user_id` int(11) NOT NULL COMMENT '负责人',
  `remark` varchar(500) NOT NULL DEFAULT '' COMMENT '备注',
  PRIMARY KEY (`id`) USING BTREE
) ENGINE=InnoDB AUTO_INCREMENT=17 DEFAULT CHARSET=utf8 ROW_FORMAT=DYNAMIC COMMENT='商机推进日志';
/*!40101 SET character_set_client = @saved_cs_client */;

--
-- Dumping data for table `5kcrm_crm_business_log`
--

LOCK TABLES `5kcrm_crm_business_log` WRITE;
/*!40000 ALTER TABLE `5kcrm_crm_business_log` DISABLE KEYS */;
INSERT INTO `5kcrm_crm_business_log` VALUES (1,1,4,0,1565877569,31,'新建商机'),(2,2,4,0,1566044158,31,'新建商机'),(3,2,2,2,1566047746,1,'1'),(4,3,4,0,1566196311,9,'新建商机'),(5,4,4,0,1566204801,9,'新建商机'),(6,5,5,0,1566204830,9,'新建商机'),(7,6,6,0,1566303813,14,'新建商机'),(8,7,6,0,1566304439,14,'新建商机'),(9,8,6,0,1566305010,14,'新建商机'),(10,9,6,0,1566305404,14,'新建商机'),(11,10,5,0,1566306046,14,'新建商机'),(12,11,6,0,1566306183,14,'新建商机'),(13,12,6,0,1566306396,14,'新建商机'),(14,3,6,0,1566309406,9,''),(15,13,4,0,1566398812,11,'新建商机'),(16,14,4,0,1566398947,11,'新建商机');
/*!40000 ALTER TABLE `5kcrm_crm_business_log` ENABLE KEYS */;
UNLOCK TABLES;

--
-- Table structure for table `5kcrm_crm_business_product`
--

DROP TABLE IF EXISTS `5kcrm_crm_business_product`;
/*!40101 SET @saved_cs_client     = @@character_set_client */;
 SET character_set_client = utf8mb4 ;
CREATE TABLE `5kcrm_crm_business_product` (
  `r_id` int(11) NOT NULL AUTO_INCREMENT,
  `business_id` int(11) NOT NULL COMMENT '商机ID',
  `product_id` int(11) NOT NULL COMMENT '产品ID',
  `price` decimal(18,2) NOT NULL DEFAULT '0.00' COMMENT '产品单价',
  `sales_price` decimal(18,2) NOT NULL DEFAULT '0.00' COMMENT '销售价格',
  `num` decimal(12,2) NOT NULL DEFAULT '0.00' COMMENT '数量',
  `discount` decimal(10,2) NOT NULL DEFAULT '0.00' COMMENT '折扣',
  `subtotal` decimal(18,2) NOT NULL DEFAULT '0.00' COMMENT '小计（折扣后价格）',
  `unit` varchar(50) NOT NULL DEFAULT '' COMMENT '单位',
  PRIMARY KEY (`r_id`)
) ENGINE=InnoDB AUTO_INCREMENT=4 DEFAULT CHARSET=utf8 COMMENT='商机产品关系表';
/*!40101 SET character_set_client = @saved_cs_client */;

--
-- Dumping data for table `5kcrm_crm_business_product`
--

LOCK TABLES `5kcrm_crm_business_product` WRITE;
/*!40000 ALTER TABLE `5kcrm_crm_business_product` DISABLE KEYS */;
INSERT INTO `5kcrm_crm_business_product` VALUES (1,2,1,300000.00,300000.00,0.00,0.00,0.00,'套'),(2,6,24,200000.00,250000.00,0.00,-25.00,0.00,'套'),(3,10,1,330000.00,330000.00,0.00,0.00,0.00,'套');
/*!40000 ALTER TABLE `5kcrm_crm_business_product` ENABLE KEYS */;
UNLOCK TABLES;

--
-- Table structure for table `5kcrm_crm_business_status`
--

DROP TABLE IF EXISTS `5kcrm_crm_business_status`;
/*!40101 SET @saved_cs_client     = @@character_set_client */;
 SET character_set_client = utf8mb4 ;
CREATE TABLE `5kcrm_crm_business_status` (
  `status_id` int(11) NOT NULL AUTO_INCREMENT,
  `type_id` int(11) NOT NULL COMMENT '商机状态类别ID',
  `name` varchar(50) NOT NULL COMMENT '标识',
  `rate` varchar(20) NOT NULL COMMENT '赢单率',
  `order_id` tinyint(4) NOT NULL DEFAULT '0' COMMENT '排序',
  PRIMARY KEY (`status_id`)
) ENGINE=InnoDB AUTO_INCREMENT=12 DEFAULT CHARSET=utf8 COMMENT='商机状态';
/*!40101 SET character_set_client = @saved_cs_client */;

--
-- Dumping data for table `5kcrm_crm_business_status`
--

LOCK TABLES `5kcrm_crm_business_status` WRITE;
/*!40000 ALTER TABLE `5kcrm_crm_business_status` DISABLE KEYS */;
INSERT INTO `5kcrm_crm_business_status` VALUES (1,0,'赢单','100',99),(2,0,'输单','0',100),(3,0,'无效','0',101),(4,1,'验证客户','20',1),(5,1,'需求分析','15',2),(6,1,'方案/报价','30',3),(7,1,'谈判审核','30',4),(8,2,'验证客户','20',1),(9,2,'需求分析','15',2),(10,2,'方案/报价','30',3),(11,2,'谈判审核','30',4);
/*!40000 ALTER TABLE `5kcrm_crm_business_status` ENABLE KEYS */;
UNLOCK TABLES;

--
-- Table structure for table `5kcrm_crm_business_type`
--

DROP TABLE IF EXISTS `5kcrm_crm_business_type`;
/*!40101 SET @saved_cs_client     = @@character_set_client */;
 SET character_set_client = utf8mb4 ;
CREATE TABLE `5kcrm_crm_business_type` (
  `type_id` int(11) NOT NULL AUTO_INCREMENT,
  `name` varchar(50) NOT NULL COMMENT '标识',
  `structure_id` varchar(255) NOT NULL DEFAULT '' COMMENT '部门ID',
  `create_user_id` int(11) NOT NULL COMMENT '创建人ID',
  `create_time` int(11) NOT NULL COMMENT '创建时间',
  `update_time` int(11) NOT NULL COMMENT '更新时间',
  `status` tinyint(1) NOT NULL DEFAULT '1' COMMENT '1启用0禁用',
  PRIMARY KEY (`type_id`)
) ENGINE=InnoDB AUTO_INCREMENT=3 DEFAULT CHARSET=utf8 COMMENT='商机状态组类别';
/*!40101 SET character_set_client = @saved_cs_client */;

--
-- Dumping data for table `5kcrm_crm_business_type`
--

LOCK TABLES `5kcrm_crm_business_type` WRITE;
/*!40000 ALTER TABLE `5kcrm_crm_business_type` DISABLE KEYS */;
INSERT INTO `5kcrm_crm_business_type` VALUES (1,'产品部',',2,',1,1540973371,1540973371,1),(2,'培训部',',6,',1,1565878083,1565878083,1);
/*!40000 ALTER TABLE `5kcrm_crm_business_type` ENABLE KEYS */;
UNLOCK TABLES;

--
-- Table structure for table `5kcrm_crm_config`
--

DROP TABLE IF EXISTS `5kcrm_crm_config`;
/*!40101 SET @saved_cs_client     = @@character_set_client */;
 SET character_set_client = utf8mb4 ;
CREATE TABLE `5kcrm_crm_config` (
  `id` int(11) NOT NULL AUTO_INCREMENT,
  `name` varchar(255) NOT NULL COMMENT '标识',
  `value` varchar(255) NOT NULL COMMENT '值',
  `description` varchar(255) NOT NULL DEFAULT '' COMMENT '描述',
  PRIMARY KEY (`id`)
) ENGINE=InnoDB AUTO_INCREMENT=7 DEFAULT CHARSET=utf8 COMMENT='CRM管理相关配置';
/*!40101 SET character_set_client = @saved_cs_client */;

--
-- Dumping data for table `5kcrm_crm_config`
--

LOCK TABLES `5kcrm_crm_config` WRITE;
/*!40000 ALTER TABLE `5kcrm_crm_config` DISABLE KEYS */;
INSERT INTO `5kcrm_crm_config` VALUES (1,'follow_day','15','距跟进天数'),(2,'deal_day','90','距成交天数'),(3,'config','1','1启用规则'),(4,'contract_day','30','合同到期提醒天数'),(5,'record_type','[\"\\u6253\\u7535\\u8bdd\",\"\\u53d1\\u90ae\\u4ef6\",\"\\u53d1\\u77ed\\u4fe1\",\"\\u89c1\\u9762\\u62dc\\u8bbf\",\"\\u6d3b\\u52a8\"]','跟进记录类型'),(6,'contract_config','1','1开启');
/*!40000 ALTER TABLE `5kcrm_crm_config` ENABLE KEYS */;
UNLOCK TABLES;

--
-- Table structure for table `5kcrm_crm_contacts`
--

DROP TABLE IF EXISTS `5kcrm_crm_contacts`;
/*!40101 SET @saved_cs_client     = @@character_set_client */;
 SET character_set_client = utf8mb4 ;
CREATE TABLE `5kcrm_crm_contacts` (
  `contacts_id` int(11) NOT NULL AUTO_INCREMENT,
  `customer_id` varchar(255) CHARACTER SET utf8 COLLATE utf8_general_ci DEFAULT NULL COMMENT '客户名称',
  `name` varchar(255) CHARACTER SET utf8 COLLATE utf8_general_ci DEFAULT NULL COMMENT '姓名',
  `mobile` varchar(255) CHARACTER SET utf8 COLLATE utf8_general_ci DEFAULT NULL COMMENT '手机',
  `telephone` varchar(255) CHARACTER SET utf8 COLLATE utf8_general_ci DEFAULT NULL COMMENT '电话',
  `email` varchar(255) CHARACTER SET utf8 COLLATE utf8_general_ci DEFAULT NULL COMMENT '电子邮箱',
  `decision` varchar(500) CHARACTER SET utf8 COLLATE utf8_general_ci DEFAULT NULL COMMENT '是否关键决策人',
  `post` varchar(255) CHARACTER SET utf8 COLLATE utf8_general_ci DEFAULT NULL COMMENT '职务',
  `sex` varchar(500) CHARACTER SET utf8 COLLATE utf8_general_ci DEFAULT NULL COMMENT '性别',
  `detail_address` varchar(255) CHARACTER SET utf8 COLLATE utf8_general_ci DEFAULT NULL COMMENT '地址',
  `remark` text COMMENT '备注',
  `ro_user_id` varchar(500) NOT NULL DEFAULT '' COMMENT '只读权限',
  `rw_user_id` varchar(500) NOT NULL DEFAULT '' COMMENT '读写权限',
  `create_user_id` int(11) NOT NULL COMMENT '创建人ID',
  `owner_user_id` int(11) NOT NULL COMMENT '负责人ID',
  `next_time` int(11) DEFAULT NULL COMMENT '下次联系时间',
  `create_time` int(11) NOT NULL COMMENT '创建时间',
  `update_time` int(11) NOT NULL COMMENT '更新时间',
  `crm_qbtleb` varchar(255) CHARACTER SET utf8 COLLATE utf8_general_ci DEFAULT NULL COMMENT '部门',
  PRIMARY KEY (`contacts_id`)
) ENGINE=InnoDB AUTO_INCREMENT=7 DEFAULT CHARSET=utf8 COMMENT='联系人表';
/*!40101 SET character_set_client = @saved_cs_client */;

--
-- Dumping data for table `5kcrm_crm_contacts`
--

LOCK TABLES `5kcrm_crm_contacts` WRITE;
/*!40000 ALTER TABLE `5kcrm_crm_contacts` DISABLE KEYS */;
INSERT INTO `5kcrm_crm_contacts` VALUES (4,'11','陈梅芳','13517817072','0771-3217915','604227025@qq.com','','生产技术部经理','女','','','','',3,3,0,1566298930,1566298930,NULL),(5,'13','张莹','13793153383','','wu@163.com','是','QA经理','女','','','','',14,14,1568340000,1566304067,1566304067,NULL),(6,'15','张军','18686469186','','wu@163.com','是','总经理','男','','','','',14,14,1568340000,1566304828,1566304846,NULL);
/*!40000 ALTER TABLE `5kcrm_crm_contacts` ENABLE KEYS */;
UNLOCK TABLES;

--
-- Table structure for table `5kcrm_crm_contacts_business`
--

DROP TABLE IF EXISTS `5kcrm_crm_contacts_business`;
/*!40101 SET @saved_cs_client     = @@character_set_client */;
 SET character_set_client = utf8mb4 ;
CREATE TABLE `5kcrm_crm_contacts_business` (
  `id` int(10) NOT NULL AUTO_INCREMENT,
  `contacts_id` int(10) NOT NULL,
  `business_id` int(10) NOT NULL,
  PRIMARY KEY (`id`)
) ENGINE=InnoDB DEFAULT CHARSET=utf8;
/*!40101 SET character_set_client = @saved_cs_client */;

--
-- Dumping data for table `5kcrm_crm_contacts_business`
--

LOCK TABLES `5kcrm_crm_contacts_business` WRITE;
/*!40000 ALTER TABLE `5kcrm_crm_contacts_business` DISABLE KEYS */;
/*!40000 ALTER TABLE `5kcrm_crm_contacts_business` ENABLE KEYS */;
UNLOCK TABLES;

--
-- Table structure for table `5kcrm_crm_contacts_file`
--

DROP TABLE IF EXISTS `5kcrm_crm_contacts_file`;
/*!40101 SET @saved_cs_client     = @@character_set_client */;
 SET character_set_client = utf8mb4 ;
CREATE TABLE `5kcrm_crm_contacts_file` (
  `r_id` int(11) NOT NULL AUTO_INCREMENT,
  `contacts_id` int(11) NOT NULL COMMENT '联系人ID',
  `file_id` int(11) NOT NULL COMMENT '附件ID',
  PRIMARY KEY (`r_id`)
) ENGINE=InnoDB DEFAULT CHARSET=utf8 COMMENT='联系人附件关系表';
/*!40101 SET character_set_client = @saved_cs_client */;

--
-- Dumping data for table `5kcrm_crm_contacts_file`
--

LOCK TABLES `5kcrm_crm_contacts_file` WRITE;
/*!40000 ALTER TABLE `5kcrm_crm_contacts_file` DISABLE KEYS */;
/*!40000 ALTER TABLE `5kcrm_crm_contacts_file` ENABLE KEYS */;
UNLOCK TABLES;

--
-- Table structure for table `5kcrm_crm_contract`
--

DROP TABLE IF EXISTS `5kcrm_crm_contract`;
/*!40101 SET @saved_cs_client     = @@character_set_client */;
 SET character_set_client = utf8mb4 ;
CREATE TABLE `5kcrm_crm_contract` (
  `contract_id` int(11) NOT NULL AUTO_INCREMENT,
  `customer_id` int(11) NOT NULL COMMENT '客户ID',
  `business_id` int(11) NOT NULL COMMENT '商机ID',
  `contacts_id` int(11) NOT NULL COMMENT '客户签约人（联系人ID）',
  `name` varchar(50) NOT NULL DEFAULT '' COMMENT '合同名称',
  `num` varchar(255) NOT NULL DEFAULT '' COMMENT '合同编号',
  `order_date` date DEFAULT NULL COMMENT '下单时间',
  `money` decimal(18,2) NOT NULL DEFAULT '0.00' COMMENT '合同金额',
  `total_price` decimal(18,2) NOT NULL DEFAULT '0.00' COMMENT '产品总金额',
  `discount_rate` decimal(10,2) NOT NULL DEFAULT '0.00' COMMENT '整单折扣',
  `check_status` tinyint(4) NOT NULL DEFAULT '0' COMMENT '0待审核、1审核中、2审核通过、3审核未通过',
  `flow_id` int(11) NOT NULL DEFAULT '0' COMMENT '审核流程ID',
  `order_id` int(11) NOT NULL DEFAULT '0' COMMENT '审核步骤排序ID',
  `check_user_id` varchar(255) NOT NULL DEFAULT '' COMMENT '审批人IDs',
  `flow_user_id` varchar(255) NOT NULL DEFAULT '' COMMENT '流程审批人ID',
  `start_time` date DEFAULT NULL COMMENT '开始时间',
  `end_time` date DEFAULT NULL COMMENT '结束时间',
  `order_user_id` varchar(255) NOT NULL DEFAULT '' COMMENT '公司签约人',
  `remark` text COMMENT '备注',
  `create_user_id` int(10) NOT NULL COMMENT '创建人ID',
  `owner_user_id` int(10) NOT NULL COMMENT '负责人ID',
  `ro_user_id` varchar(500) NOT NULL DEFAULT '' COMMENT '只读权限',
  `rw_user_id` varchar(500) NOT NULL DEFAULT '' COMMENT '读写权限',
  `next_time` int(11) NOT NULL DEFAULT '0' COMMENT '下次联系时间',
  `create_time` int(11) NOT NULL COMMENT '创建时间',
  `update_time` int(11) NOT NULL COMMENT '更新时间',
  PRIMARY KEY (`contract_id`)
) ENGINE=InnoDB AUTO_INCREMENT=2 DEFAULT CHARSET=utf8 COMMENT='合同表';
/*!40101 SET character_set_client = @saved_cs_client */;

--
-- Dumping data for table `5kcrm_crm_contract`
--

LOCK TABLES `5kcrm_crm_contract` WRITE;
/*!40000 ALTER TABLE `5kcrm_crm_contract` DISABLE KEYS */;
/*!40000 ALTER TABLE `5kcrm_crm_contract` ENABLE KEYS */;
UNLOCK TABLES;

--
-- Table structure for table `5kcrm_crm_contract_file`
--

DROP TABLE IF EXISTS `5kcrm_crm_contract_file`;
/*!40101 SET @saved_cs_client     = @@character_set_client */;
 SET character_set_client = utf8mb4 ;
CREATE TABLE `5kcrm_crm_contract_file` (
  `r_id` int(11) NOT NULL AUTO_INCREMENT,
  `contract_id` int(11) NOT NULL COMMENT '合同ID',
  `file_id` int(11) NOT NULL COMMENT '附件ID',
  PRIMARY KEY (`r_id`)
) ENGINE=InnoDB DEFAULT CHARSET=utf8 COMMENT='合同附件关系表';
/*!40101 SET character_set_client = @saved_cs_client */;

--
-- Dumping data for table `5kcrm_crm_contract_file`
--

LOCK TABLES `5kcrm_crm_contract_file` WRITE;
/*!40000 ALTER TABLE `5kcrm_crm_contract_file` DISABLE KEYS */;
/*!40000 ALTER TABLE `5kcrm_crm_contract_file` ENABLE KEYS */;
UNLOCK TABLES;

--
-- Table structure for table `5kcrm_crm_contract_product`
--

DROP TABLE IF EXISTS `5kcrm_crm_contract_product`;
/*!40101 SET @saved_cs_client     = @@character_set_client */;
 SET character_set_client = utf8mb4 ;
CREATE TABLE `5kcrm_crm_contract_product` (
  `r_id` int(11) NOT NULL AUTO_INCREMENT,
  `contract_id` int(11) NOT NULL COMMENT '合同ID',
  `product_id` int(11) NOT NULL COMMENT '产品ID',
  `price` decimal(18,2) NOT NULL DEFAULT '0.00' COMMENT '产品单价',
  `sales_price` decimal(18,2) NOT NULL DEFAULT '0.00' COMMENT '销售价格',
  `num` decimal(12,2) NOT NULL DEFAULT '0.00' COMMENT '数量',
  `discount` decimal(10,2) NOT NULL DEFAULT '0.00' COMMENT '折扣',
  `subtotal` decimal(18,2) NOT NULL DEFAULT '0.00' COMMENT '小计（折扣后价格）',
  `unit` varchar(50) NOT NULL DEFAULT '' COMMENT '单位',
  PRIMARY KEY (`r_id`)
) ENGINE=InnoDB AUTO_INCREMENT=2 DEFAULT CHARSET=utf8 COMMENT='合同产品关系表';
/*!40101 SET character_set_client = @saved_cs_client */;

--
-- Dumping data for table `5kcrm_crm_contract_product`
--

LOCK TABLES `5kcrm_crm_contract_product` WRITE;
/*!40000 ALTER TABLE `5kcrm_crm_contract_product` DISABLE KEYS */;
INSERT INTO `5kcrm_crm_contract_product` VALUES (1,1,2,100000.00,100000.00,1.00,0.00,100000.00,'套');
/*!40000 ALTER TABLE `5kcrm_crm_contract_product` ENABLE KEYS */;
UNLOCK TABLES;

--
-- Table structure for table `5kcrm_crm_customer`
--

DROP TABLE IF EXISTS `5kcrm_crm_customer`;
/*!40101 SET @saved_cs_client     = @@character_set_client */;
 SET character_set_client = utf8mb4 ;
CREATE TABLE `5kcrm_crm_customer` (
  `customer_id` int(11) NOT NULL AUTO_INCREMENT,
  `name` varchar(255) CHARACTER SET utf8 COLLATE utf8_general_ci DEFAULT NULL COMMENT '客户名称',
  `is_lock` tinyint(1) NOT NULL DEFAULT '0' COMMENT '1锁定',
  `deal_status` varchar(500) CHARACTER SET utf8 COLLATE utf8_general_ci DEFAULT '未成交' COMMENT '成交状态',
  `deal_time` int(11) NOT NULL COMMENT '成交时间',
  `level` varchar(500) CHARACTER SET utf8 COLLATE utf8_general_ci DEFAULT NULL COMMENT '客户级别',
  `industry` varchar(500) CHARACTER SET utf8 COLLATE utf8_general_ci DEFAULT '其他' COMMENT '客户行业',
  `source` varchar(500) CHARACTER SET utf8 COLLATE utf8_general_ci DEFAULT NULL COMMENT '客户来源',
  `telephone` varchar(255) CHARACTER SET utf8 COLLATE utf8_general_ci DEFAULT NULL COMMENT '电话',
  `mobile` varchar(255) CHARACTER SET utf8 COLLATE utf8_general_ci DEFAULT NULL COMMENT '手机',
  `website` varchar(255) CHARACTER SET utf8 COLLATE utf8_general_ci DEFAULT NULL COMMENT '网址',
  `remark` text COMMENT '备注',
  `create_user_id` int(11) NOT NULL COMMENT '创建人ID',
  `owner_user_id` int(11) NOT NULL COMMENT '负责人ID',
  `ro_user_id` varchar(500) NOT NULL DEFAULT '' COMMENT '只读权限',
  `rw_user_id` varchar(500) NOT NULL DEFAULT '' COMMENT '读写权限',
  `address` varchar(255) NOT NULL DEFAULT '' COMMENT '省市区',
  `location` varchar(255) NOT NULL DEFAULT '' COMMENT '定位信息',
  `detail_address` varchar(255) NOT NULL DEFAULT '' COMMENT '详细地址',
  `lng` double(14,11) DEFAULT NULL COMMENT '地理位置经度',
  `lat` double(14,11) DEFAULT NULL COMMENT '地理位置维度',
  `next_time` int(11) DEFAULT NULL COMMENT '下次联系时间',
  `follow` varchar(20) DEFAULT NULL COMMENT '跟进',
  `create_time` int(11) NOT NULL COMMENT '创建时间',
  `update_time` int(11) NOT NULL COMMENT '更新时间',
  `crm_dkqyzy` varchar(500) CHARACTER SET utf8 COLLATE utf8_general_ci DEFAULT '产品事业部' COMMENT '所属部门',
  `crm_xqjlyw` varchar(255) CHARACTER SET utf8 COLLATE utf8_general_ci DEFAULT NULL COMMENT '省份',
  `crm_bzhouh` varchar(255) CHARACTER SET utf8 COLLATE utf8_general_ci DEFAULT NULL COMMENT '联系人',
  PRIMARY KEY (`customer_id`)
) ENGINE=InnoDB AUTO_INCREMENT=37 DEFAULT CHARSET=utf8 COMMENT='客户表';
/*!40101 SET character_set_client = @saved_cs_client */;

--
-- Dumping data for table `5kcrm_crm_customer`
--

LOCK TABLES `5kcrm_crm_customer` WRITE;
/*!40000 ALTER TABLE `5kcrm_crm_customer` DISABLE KEYS */;
INSERT INTO `5kcrm_crm_customer` VALUES (1,'内蒙古医科大学',1,'未成交',1565877324,'B（普通客户）','研发','搜索引擎','','','','',31,31,'',',1,','内蒙古自治区\n呼和浩特市\n赛罕区','','',0.00000000000,0.00000000000,0,NULL,1565877324,1566047804,'产品事业部',NULL,NULL),(3,'天津大学',1,'未成交',1566045891,'','研发','公司资源','','1862124397','','',31,31,'','','','','',NULL,NULL,1566093600,'已跟进',1566043991,1566047804,'产品事业部','天津',NULL),(4,'国药集团贵州血液制品有限公司',0,'未成交',1566046765,'B（普通客户）','生产','电话咨询','','15086233399','','',9,9,'',',8,','贵州省\n黔东南苗族侗族自治州\n凯里市','','',0.00000000000,0.00000000000,0,'已跟进',1566046765,1566368944,'产品事业部','贵州省','朱瑞芳'),(5,'广东三顺制药有限公司',0,'未成交',1566047744,'B（普通客户）','生产','电话咨询','','13662684870','','DMS需求',9,9,'',',8,','广东省\n云浮市\n罗定市','广东省云浮市罗定市双东环保工业园(352省道西)双东环保工业园','广东省云浮市罗定市双东环保工业园(352省道西)双东环保工业园',111.62451099082,22.81150497925,0,'已跟进',1566047744,1566311356,'产品事业部','广东省','李海朋'),(6,'太极集团重庆西南药业股份有限公司',0,'未成交',1566180040,'A（重点客户）','生产','预约上门','023-89855095','13290085070','http://www.swp.cn/index.php?c=article&a=type&tid=135','此客户是我和孙志强共同跟进的企业，企业目前各部门走流程和其他服务公司在做价格对比。',13,8,'',',13,','重庆市\n\n','','',0.00000000000,0.00000000000,1565107200,'待跟进',1566180040,1566182748,'培训部','重庆','傅松岚'),(7,'四川五盛药业有限公司',0,'未成交',1566184359,'A（重点客户）','生产','转介绍','','13419014970','https://www.11467.com/qiye/78834210.htm','原计划8月份开始做计算机化系统验证的工作了，由于一些特殊原因推辞到9-10月份，做3台单机版的计算机化系统验证工作。',13,13,'','','四川省\n成都市\n金堂县','','',0.00000000000,0.00000000000,1566921600,NULL,1566184359,1566184359,'培训部','四川','王建平'),(8,'重庆植恩药业有限公司鼎联分公司',0,'未成交',1566186760,'C（非优先客户）','生产','个人资源','','17823805959','https://www.qixin.com/company/16e1c1b7-0283-4aa2-9644-ef90aaacfbc9','这个是我和孙志强共享的客户，这个企业比较挑剔，需要的服务是计算机化系统的验证，也在和奥星还有重庆本地的验证公司在询价！',13,13,'',',8,','重庆市\n市辖区\n长寿区','','',0.00000000000,0.00000000000,1566403200,NULL,1566186760,1566186760,'培训部','重庆','李堃'),(9,'深圳市天道医药有限公司',0,'未成交',1566196141,'B（普通客户）','生产','电话咨询','','13168077077','','',9,9,'',',8,','广东省\n深圳市\n南山区','广东省深圳市南山区高新中一道19号深圳市天道医药有限公司','广东省深圳市南山区高新中一道19号深圳市天道医药有限公司',113.94110202226,22.55467403876,0,'已跟进',1566196141,1566309596,'产品事业部','广东省','唐巍'),(10,'山东新华鲁抗医药有限公司',0,'未成交',1566271172,'B（普通客户）','研发','公司资源','0531-88698052','15064038279','','2019年8月19日第一次拜访，分析部负责人高老师组织QA,QC，研发，IT等共十几位老师一起与菅老师交流，菅老师也回答了他们遇到的工作上的问题，很多问题正好是因为做CSV而导质的，对于CSV高老师也有了近一步的认识，也说一直没有做CSV是因为觉得它不重要，高老师也在考量CSV的必要性。目前企业是安捷仑网络版，12个客户端，设备都是2017年采购，全部是安捷仑品牌。也有一些光谱和一些小仪器没有连在网络版里，也介绍了一下DBS。近一步跟踪。',11,11,'','','山东省\n济南市\n','','',0.00000000000,0.00000000000,1566781980,NULL,1566271172,1566271172,'产品事业部','山东省','高英涵'),(11,'广西厚德大健康产业股份有限公司（广西博科药业有限公司）',0,'未成交',1566298131,'','生产','','0771-3217915','13517817072','','何总（生产部负责人）：13978767828\n陈梅芳（生产经理）：0771-3217915\n卢玉扬（质管部门经理）：15994485827\n黄卓枫（质管部门经理）：13677711611\n覃经理（质量部经理）：0771-3219152',3,3,'','','广西壮族自治区\n\n','','',0.00000000000,0.00000000000,0,NULL,1566298131,1566298131,'培训部','广西省','陈梅芳（生产技术部经理）'),(12,'广西博科药业有限公司（广西厚德大健康产业股份有限公司）',0,'未成交',1566298689,'','生产','','0771-3217915','13517817072','','何总（生产部负责人）:13978767828\n卢玉扬(质管部门经理):15994485827\n黄卓枫(质管部门经理):13677711611\n覃经理(质量部经理):0771-3219152',3,3,'','','广西壮族自治区\n\n','','',0.00000000000,0.00000000000,0,NULL,1566298689,1566298689,'培训部','广西省','陈梅芳（生产技术部经理）'),(13,'山东轩竹医药科技有限公司',0,'未成交',1566303490,'A（重点客户）','研发','电话咨询','','13573789733','','',14,14,'','','','','',NULL,NULL,1568340000,'已跟进',1566303490,1566308444,'产品事业部','山东省','殷法杰'),(14,'吉林省舒兰合成药业股份有限公司',0,'未成交',1566304326,'A（重点客户）','生产','电话咨询','','13704445942','','',14,14,'','','','','',NULL,NULL,0,'已跟进',1566304326,1566308597,'产品事业部','吉林','张秀苹'),(15,'长春圣金诺生物制药有限公司',0,'未成交',1566304785,'A（重点客户）','其他','转介绍','','13844063906','','',14,14,'','','','','',0.00000000000,0.00000000000,1568304000,'已跟进',1566304785,1566308552,'产品事业部','吉林','王聪'),(16,'苏州优合科技有限公司',0,'未成交',1566305298,'A（重点客户）','其他','个人资源','','13962264253','','',14,14,'','','','','',0.00000000000,0.00000000000,1568340000,'已跟进',1566305298,1566308515,'产品事业部','江苏 山东','夏燕'),(17,'广西金嗓子药业有限公司',0,'未成交',1566305806,'A（重点客户）','生产','转介绍','','13607827366','','',14,14,'','','','','',NULL,NULL,0,'已跟进',1566305806,1566308538,'产品事业部','广西','邹为忠'),(18,'长春万通药业有限公司',0,'未成交',1566305868,'A（重点客户）','生产','转介绍','','13894892187','','',14,14,'','','','','',NULL,NULL,0,'已跟进',1566305868,1566308657,'产品事业部','吉林','苑玲玲'),(19,'吉林汇康药业有限公司',0,'未成交',1566306295,'A（重点客户）','生产','','','13793153383','','和山东轩竹同属于四环子公司',14,14,'','','','','',NULL,NULL,0,'已跟进',1566306295,1566308634,'产品事业部','吉林','张莹'),(20,'桂林三金药业有限公司',0,'未成交',1566307662,'B（普通客户）','生产','公司资源','','13977322620','','',14,14,'','','','','',NULL,NULL,0,NULL,1566307662,1566307662,'产品事业部','广西','卢丹'),(21,'通化东宝药业股份有限公司',0,'未成交',1566307835,'B（普通客户）','生产','陌拜','','18004358106','','',14,14,'','','','','',NULL,NULL,1566525600,NULL,1566307835,1566307835,'产品事业部','吉林','崔亚楠'),(22,'山东科兴生物化学原料厂',0,'未成交',1566310993,'B（普通客户）','生产','个人资源','','18615588426','','目前还没有GMP证书，安捷仑的设备，沃特世的网络版，验证没做，网络版5月份实施完毕，目前还没有盈利，也看生物制品公司的动态，他们应该也没有验证，建议先搞定他们。做验证的时间主要看监管形式或者认证以前。',11,11,'','','山东省\n济南市\n章丘区','山东省济南市章丘区刁镇工业园绿野路山东天海新材料工程有限公司','山东省济南市章丘区刁镇工业园绿野路山东天海新材料工程有限公司',117.46914779011,36.90406316294,1566871200,'已跟进',1566310993,1566311856,'产品事业部','山东','谢帅'),(23,'内蒙古兰太药业有限责任公司',0,'未成交',1566348532,'A（重点客户）','生产','转介绍','0471-3601710','13337117590',':www.weifengyanzao.com;','客户上数据自动备份软件，钱已经批复  基本定了我们   现在沟通具体协议细节',7,7,'','','','','',0.00000000000,0.00000000000,1566489600,'已跟进',1566348532,1566349067,'产品事业部','内蒙古 呼和浩特','尹莉萍'),(24,'河北扁鹊制药有限公司',0,'未成交',1566348678,'A（重点客户）','生产','预约上门','','18562331808','','客户想19年11月过认证   我们帮忙做质量体系文件审核和验证文件审核，已经做了报价 等待结果',7,7,'','','','','',0.00000000000,0.00000000000,1566489600,'已跟进',1566348678,1566348988,'产品事业部','河北省  邢台市','游小发'),(25,'河北金牛原大药业有限公司',0,'未成交',1566348883,'B（普通客户）','其他','公司资源','','13398602756','www.11467.com/qiye/36826952.htm','客户19年年底过认证   想考虑一下DMS',7,7,'','','河北省\n保定市\n','','',0.00000000000,0.00000000000,1566748800,'已跟进',1566348883,1566348897,'产品事业部','河北省  定州市','王兰芬'),(26,'承德天原药业股份有限公司',0,'未成交',1566349269,'B（普通客户）','生产','公司资源','','13832477559','','客户考虑计算机化系统验证  周五去承德颈复康内训   顺便周六去拜访一下',7,7,'','','河北省\n承德市\n围场满族蒙古族自治县','','',0.00000000000,0.00000000000,1566576000,NULL,1566349269,1566349269,'产品事业部','河北省','闵向南'),(27,'河北医科大学制药厂',0,'未成交',1566349483,'C（非优先客户）','生产','公司资源','','13831185360','','客户想上数据自动备份软件   觉得贵   等经费申请',7,7,'','','河北省\n石家庄市\n','','',0.00000000000,0.00000000000,1566144000,NULL,1566349483,1566349483,'产品事业部','河北省','姚翠英'),(28,'石家庄市华新药业有限责任公司',0,'未成交',1566349738,'B（普通客户）','生产','公司资源','','15830187159','','客户打算签约会员',7,7,'','','河北省\n石家庄市\n','','',0.00000000000,0.00000000000,1566748800,NULL,1566349738,1566349738,'产品事业部','河北省','李双梅'),(29,'内蒙古鸿毛药业有限责任公司',0,'未成交',1566349873,'B（普通客户）','生产','公司资源','','15101677872','','客户考虑我们的DMS及计算机化系统验证    想签约会员',7,7,'','','内蒙古自治区\n乌兰察布市\n','','',0.00000000000,0.00000000000,1566748800,'已跟进',1566349873,1566350325,'产品事业部','内蒙古','李忠文'),(30,'河北白美达医药科技有限公司',0,'未成交',1566350138,'B（普通客户）','生产','公司资源','','13930120085','','客户是兽药   想过FDA认证   想让我们帮忙做计算机化系统验证',7,7,'','','河北省\n石家庄市\n','','',0.00000000000,0.00000000000,1567008000,NULL,1566350138,1566350138,'产品事业部','河北省','田苗珍'),(31,'康臣药业(内蒙古)有限责任公司',0,'未成交',1566350503,'B（普通客户）','其他','转介绍','','13947528016','','客户想上我们的DMS， 需要总部安排   总部我也沟通了   已经报过方案',7,7,'','','内蒙古自治区\n通辽市\n','','',0.00000000000,0.00000000000,1566403200,NULL,1566350503,1566350503,'产品事业部','内蒙古','王艳丽'),(32,'广州康臣药物研究有限公司',0,'未成交',1566350644,'B（普通客户）','其他','转介绍','','18666980697','','想集团一起上DMS   集团版   经费一直没有批下来',7,7,'','','广东省\n广州市\n','','',0.00000000000,0.00000000000,1566403200,NULL,1566350644,1566350644,'产品事业部','广东省','许总'),(33,'赤峰赛林泰药业有限公司',0,'未成交',1566350793,'B（普通客户）','其他','转介绍','','13664865829','','客户想做DMS及计算机化系统验证  由于内部整合  一直没有批复',7,7,'','','内蒙古自治区\n赤峰市\n','','',0.00000000000,0.00000000000,1566748800,NULL,1566350793,1566350793,'产品事业部','内蒙古','王亚辉'),(34,'北京万辉双鹤药业有限责任公司',0,'未成交',1566351335,'B（普通客户）','生产','转介绍','','15210223711','','客户想做数据归档  系统退役  已经做方案   等待批款',7,7,'','','北京市\n北京城区\n','','',0.00000000000,0.00000000000,1566748800,NULL,1566351335,1566351335,'产品事业部','北京市','张典'),(35,'华润双鹤药业股份有限公司',0,'未成交',1566351553,'','生产','转介绍','','15810454802','','客户想做俩套网络版的计算机化系统验证   网络版还没有安装好  需要等一段时间',7,7,'','','北京市\n\n','','',0.00000000000,0.00000000000,1566921600,NULL,1566351553,1566351553,'产品事业部','北京市','幺晓琳'),(36,'康立泰药业有限公司',0,'未成交',1566398533,'B（普通客户）','研发','电话咨询','','18561909021','','',11,11,'','','山东省\n青岛市\n城阳区','青岛市城阳区河东路368号青岛蓝色生物医药产业园','青岛市城阳区河东路368号青岛蓝色生物医药产业园',120.29853274980,36.28050974532,1566784800,NULL,1566398533,1566398533,'产品事业部','山东','王媛媛');
/*!40000 ALTER TABLE `5kcrm_crm_customer` ENABLE KEYS */;
UNLOCK TABLES;

--
-- Table structure for table `5kcrm_crm_customer_file`
--

DROP TABLE IF EXISTS `5kcrm_crm_customer_file`;
/*!40101 SET @saved_cs_client     = @@character_set_client */;
 SET character_set_client = utf8mb4 ;
CREATE TABLE `5kcrm_crm_customer_file` (
  `r_id` int(11) NOT NULL AUTO_INCREMENT,
  `customer_id` int(11) NOT NULL COMMENT '客户ID',
  `file_id` int(11) NOT NULL COMMENT '附件ID',
  PRIMARY KEY (`r_id`)
) ENGINE=InnoDB DEFAULT CHARSET=utf8 COMMENT='客户附件关系表';
/*!40101 SET character_set_client = @saved_cs_client */;

--
-- Dumping data for table `5kcrm_crm_customer_file`
--

LOCK TABLES `5kcrm_crm_customer_file` WRITE;
/*!40000 ALTER TABLE `5kcrm_crm_customer_file` DISABLE KEYS */;
/*!40000 ALTER TABLE `5kcrm_crm_customer_file` ENABLE KEYS */;
UNLOCK TABLES;

--
-- Table structure for table `5kcrm_crm_leads`
--

DROP TABLE IF EXISTS `5kcrm_crm_leads`;
/*!40101 SET @saved_cs_client     = @@character_set_client */;
 SET character_set_client = utf8mb4 ;
CREATE TABLE `5kcrm_crm_leads` (
  `leads_id` int(11) NOT NULL AUTO_INCREMENT,
  `customer_id` int(11) NOT NULL DEFAULT '0' COMMENT '线索转化为客户ID',
  `is_transform` tinyint(1) NOT NULL DEFAULT '0' COMMENT '1已转化',
  `name` varchar(255) CHARACTER SET utf8 COLLATE utf8_general_ci DEFAULT NULL COMMENT '线索名称',
  `source` varchar(500) CHARACTER SET utf8 COLLATE utf8_general_ci DEFAULT '个人资源' COMMENT '线索来源',
  `telephone` varchar(255) CHARACTER SET utf8 COLLATE utf8_general_ci DEFAULT NULL COMMENT '电话',
  `mobile` varchar(255) CHARACTER SET utf8 COLLATE utf8_general_ci DEFAULT NULL COMMENT '手机',
  `industry` varchar(500) CHARACTER SET utf8 COLLATE utf8_general_ci DEFAULT 'IT/通信/电子/互联网' COMMENT '客户行业',
  `level` varchar(500) CHARACTER SET utf8 COLLATE utf8_general_ci DEFAULT NULL COMMENT '客户级别',
  `detail_address` varchar(255) CHARACTER SET utf8 COLLATE utf8_general_ci DEFAULT NULL COMMENT '地址',
  `remark` text COMMENT '备注',
  `create_user_id` int(10) NOT NULL COMMENT '创建人ID',
  `owner_user_id` int(10) NOT NULL COMMENT '负责人ID',
  `next_time` int(11) DEFAULT NULL COMMENT '下次联系时间',
  `follow` varchar(20) DEFAULT NULL COMMENT '跟进',
  `create_time` int(11) NOT NULL COMMENT '创建时间',
  `update_time` int(11) NOT NULL COMMENT '更新时间',
  PRIMARY KEY (`leads_id`)
) ENGINE=InnoDB DEFAULT CHARSET=utf8 COMMENT='线索表';
/*!40101 SET character_set_client = @saved_cs_client */;

--
-- Dumping data for table `5kcrm_crm_leads`
--

LOCK TABLES `5kcrm_crm_leads` WRITE;
/*!40000 ALTER TABLE `5kcrm_crm_leads` DISABLE KEYS */;
/*!40000 ALTER TABLE `5kcrm_crm_leads` ENABLE KEYS */;
UNLOCK TABLES;

--
-- Table structure for table `5kcrm_crm_leads_file`
--

DROP TABLE IF EXISTS `5kcrm_crm_leads_file`;
/*!40101 SET @saved_cs_client     = @@character_set_client */;
 SET character_set_client = utf8mb4 ;
CREATE TABLE `5kcrm_crm_leads_file` (
  `r_id` int(11) NOT NULL AUTO_INCREMENT,
  `leads_id` int(11) NOT NULL COMMENT '线索ID',
  `file_id` int(11) NOT NULL COMMENT '附件ID',
  PRIMARY KEY (`r_id`)
) ENGINE=InnoDB DEFAULT CHARSET=utf8 COMMENT='线索附件关系表';
/*!40101 SET character_set_client = @saved_cs_client */;

--
-- Dumping data for table `5kcrm_crm_leads_file`
--

LOCK TABLES `5kcrm_crm_leads_file` WRITE;
/*!40000 ALTER TABLE `5kcrm_crm_leads_file` DISABLE KEYS */;
/*!40000 ALTER TABLE `5kcrm_crm_leads_file` ENABLE KEYS */;
UNLOCK TABLES;

--
-- Table structure for table `5kcrm_crm_product`
--

DROP TABLE IF EXISTS `5kcrm_crm_product`;
/*!40101 SET @saved_cs_client     = @@character_set_client */;
 SET character_set_client = utf8mb4 ;
CREATE TABLE `5kcrm_crm_product` (
  `product_id` int(11) NOT NULL AUTO_INCREMENT,
  `name` varchar(255) CHARACTER SET utf8 COLLATE utf8_general_ci DEFAULT NULL COMMENT '产品名称',
  `num` varchar(255) CHARACTER SET utf8 COLLATE utf8_general_ci DEFAULT NULL COMMENT '产品编码',
  `unit` varchar(500) CHARACTER SET utf8 COLLATE utf8_general_ci DEFAULT '套' COMMENT '单位',
  `price` decimal(18,2) DEFAULT '0.00' COMMENT '报价金额',
  `status` varchar(500) CHARACTER SET utf8 COLLATE utf8_general_ci DEFAULT '上架' COMMENT '是否上架',
  `category_id` varchar(255) CHARACTER SET utf8 COLLATE utf8_general_ci DEFAULT NULL COMMENT '产品类别',
  `category_str` varchar(255) NOT NULL DEFAULT '' COMMENT '产品分类id(层级)',
  `description` varchar(255) CHARACTER SET utf8 COLLATE utf8_general_ci DEFAULT NULL COMMENT '产品描述',
  `create_user_id` int(10) NOT NULL COMMENT '创建人ID',
  `owner_user_id` int(10) NOT NULL COMMENT '负责人ID',
  `create_time` int(11) NOT NULL COMMENT '创建时间',
  `update_time` int(11) NOT NULL COMMENT '更新时间',
  `crm_ocgkro` varchar(255) CHARACTER SET utf8 COLLATE utf8_general_ci DEFAULT NULL COMMENT '单行文本',
  `crm_rjpyfk` varchar(255) CHARACTER SET utf8 COLLATE utf8_general_ci DEFAULT NULL COMMENT '产品事业部',
  `crm_ljoxkk` varchar(255) CHARACTER SET utf8 COLLATE utf8_general_ci DEFAULT NULL COMMENT '单行文本',
  `crm_xtxtlu` int(11) DEFAULT '0' COMMENT '数字',
  `crm_ynuyok` int(11) DEFAULT '0' COMMENT '数字',
  PRIMARY KEY (`product_id`)
) ENGINE=InnoDB AUTO_INCREMENT=30 DEFAULT CHARSET=utf8 COMMENT='产品表';
/*!40101 SET character_set_client = @saved_cs_client */;

--
-- Dumping data for table `5kcrm_crm_product`
--

LOCK TABLES `5kcrm_crm_product` WRITE;
/*!40000 ALTER TABLE `5kcrm_crm_product` DISABLE KEYS */;
INSERT INTO `5kcrm_crm_product` VALUES (1,'中食药®嘉和eGMP-DMS数据管理系统（网络版）及DMS软件计算机化系统验证服务','100001','套',330000.00,'上架','2',',2,','软件+验证+实施费用（10个端口+5个用户名）',1,1,1565880898,1566281704,'','','',0,0),(2,'DMS网络版计算机化系统验证','200001','套',100000.00,'上架','3',',3,','',1,1,1565880941,1565880941,NULL,NULL,NULL,0,0),(3,'中食药®嘉和eGMP-DMS数据管理系统（网络版）','300001','套',230000.00,'上架','2',',2,','软件+实施费用',3,3,1566281571,1566281571,'','','',0,0),(4,'中食药®嘉和eGMP-DMS数据管理系统（单机版）及DMS软件计算机化系统验证服务','400001','台',35000.00,'上架','2',',2,','软件+验证',3,3,1566282015,1566282015,'','','',0,0),(5,'中食药®嘉和eGMP-DMS数据管理系统（单机版）','500001','台',20000.00,'上架','2',',2,','软件',3,3,1566282076,1566282076,'','','',0,0),(6,'中食药®嘉和eGMP-DMS数据管理系统（单机版）计算机化系统验证服务','600001','台',15000.00,'上架','3',',3,','单机版验证',3,3,1566282161,1566282191,'','','',0,0),(7,'仪器软件计算机化系统验证（属于3类系统）','700001','台',20000.00,'上架','3',',3,','',3,3,1566282263,1566283671,'','','',0,0),(8,'文档管理','800001','套',300000.00,'上架','2',',2,','',3,3,1566282398,1566282398,'','','',0,0),(9,'培训管理','800002','套',300000.00,'上架','2',',2,','',3,3,1566282470,1566282470,'','','',0,0),(10,'记录管理','800003','套',200000.00,'上架','2',',2,','',3,3,1566282522,1566282522,'','','',0,0),(11,'变更管理','800004','套',250000.00,'上架','2',',2,','',3,3,1566282590,1566282590,'','','',0,0),(12,'偏差管理','800005','套',250000.00,'上架','2',',2,','',3,3,1566282640,1566282640,'','','',0,0),(13,'超标管理（OOS/OOT）','800006','套',250000.00,'上架','2',',2,','',3,3,1566282711,1566282711,'','','',0,0),(14,'CAPA管理','800007','套',250000.00,'上架','2',',2,','',3,3,1566282837,1566282837,'','','',0,0),(15,'供应商管理','800008','套',250000.00,'上架','2',',2,','',3,3,1566282884,1566282884,'','','',0,0),(16,'审计管理','800009','套',250000.00,'上架','2',',2,','',3,3,1566282930,1566282930,'','','',0,0),(17,'批生产管理（EBR）','800010','套',750000.00,'上架','2',',2,','',3,3,1566282992,1566282992,'','','',0,0),(18,'设备管理','800011','套',250000.00,'上架','2',',2,','',3,3,1566283027,1566283027,'','','',0,0),(19,'物料管理','800012','套',400000.00,'上架','2',',2,','',3,3,1566283072,1566283072,'','','',0,0),(20,'项目管理','800013','套',250000.00,'上架','2',',2,','',3,3,1566283104,1566283104,'','','',0,0),(21,'模块验证+实施','800001-800013','套',180000.00,'上架','3',',3,','800001-800013产品模块的验证+实施费用',3,3,1566283238,1566283314,'模块验证15万+实施3万','','',0,0),(22,'DMS采集端口','100001-1','台',10000.00,'上架','2',',2,','',3,3,1566283403,1566283585,'','','',0,0),(23,'DMS用户名','100001-2','台',5000.00,'上架','2',',2,','',3,3,1566283571,1566283571,'','','',0,0),(24,'网络版计算机化系统验证（例如安捷伦、岛津、沃特世等网络版验证）','700002','套',200000.00,'上架','3',',3,','',3,3,1566283719,1566284595,'','','',0,0),(25,'计算机化系统体系建立','900001','套',80000.00,'上架','3',',3,','',3,3,1566284441,1566284441,'','','',0,0),(26,'DBS数据备份系统','800014','套',70800.00,'上架','2',',2,','',3,3,1566284754,1566284754,'','','',0,0),(27,'审计','200001','次',60000.00,'上架','5',',5,','2天/2-3位专家',3,3,1566284984,1566284984,'不包含差旅食宿费用','','',0,0),(28,'模拟飞行检查','200002','次',80000.00,'上架','5',',5,','3天/2-3人',3,3,1566285083,1566285083,'不包含差旅食宿费用','','',0,0),(29,'内训','30001','次',20000.00,'上架','4',',4,','2万元/天（1位专家/老师）',3,3,1566285206,1566285206,'','','',0,0);
/*!40000 ALTER TABLE `5kcrm_crm_product` ENABLE KEYS */;
UNLOCK TABLES;

--
-- Table structure for table `5kcrm_crm_product_category`
--

DROP TABLE IF EXISTS `5kcrm_crm_product_category`;
/*!40101 SET @saved_cs_client     = @@character_set_client */;
 SET character_set_client = utf8mb4 ;
CREATE TABLE `5kcrm_crm_product_category` (
  `category_id` int(11) NOT NULL AUTO_INCREMENT,
  `name` varchar(200) NOT NULL DEFAULT '',
  `pid` int(11) DEFAULT '0',
  PRIMARY KEY (`category_id`)
) ENGINE=InnoDB AUTO_INCREMENT=6 DEFAULT CHARSET=utf8 COMMENT='产品分类表';
/*!40101 SET character_set_client = @saved_cs_client */;

--
-- Dumping data for table `5kcrm_crm_product_category`
--

LOCK TABLES `5kcrm_crm_product_category` WRITE;
/*!40000 ALTER TABLE `5kcrm_crm_product_category` DISABLE KEYS */;
INSERT INTO `5kcrm_crm_product_category` VALUES (2,'软件产品',0),(3,'计算机化系统验证服务',0),(4,'培训',0),(5,'咨询服务',0);
/*!40000 ALTER TABLE `5kcrm_crm_product_category` ENABLE KEYS */;
UNLOCK TABLES;

--
-- Table structure for table `5kcrm_crm_product_file`
--

DROP TABLE IF EXISTS `5kcrm_crm_product_file`;
/*!40101 SET @saved_cs_client     = @@character_set_client */;
 SET character_set_client = utf8mb4 ;
CREATE TABLE `5kcrm_crm_product_file` (
  `r_id` int(11) NOT NULL AUTO_INCREMENT,
  `product_id` int(11) NOT NULL COMMENT '产品ID',
  `file_id` int(11) NOT NULL COMMENT '附件ID',
  PRIMARY KEY (`r_id`)
) ENGINE=InnoDB DEFAULT CHARSET=utf8 COMMENT='产品附件关系表';
/*!40101 SET character_set_client = @saved_cs_client */;

--
-- Dumping data for table `5kcrm_crm_product_file`
--

LOCK TABLES `5kcrm_crm_product_file` WRITE;
/*!40000 ALTER TABLE `5kcrm_crm_product_file` DISABLE KEYS */;
/*!40000 ALTER TABLE `5kcrm_crm_product_file` ENABLE KEYS */;
UNLOCK TABLES;

--
-- Table structure for table `5kcrm_crm_receivables`
--

DROP TABLE IF EXISTS `5kcrm_crm_receivables`;
/*!40101 SET @saved_cs_client     = @@character_set_client */;
 SET character_set_client = utf8mb4 ;
CREATE TABLE `5kcrm_crm_receivables` (
  `receivables_id` int(11) NOT NULL AUTO_INCREMENT,
  `plan_id` int(11) NOT NULL COMMENT '回款计划ID',
  `number` varchar(100) NOT NULL DEFAULT '' COMMENT '回款编号',
  `customer_id` int(11) NOT NULL COMMENT '客户ID',
  `contract_id` int(11) NOT NULL COMMENT '合同ID',
  `return_time` date DEFAULT NULL COMMENT '回款日期',
  `return_type` varchar(100) NOT NULL DEFAULT '' COMMENT '回款方式',
  `money` decimal(18,2) NOT NULL DEFAULT '0.00' COMMENT '回款金额',
  `check_status` tinyint(4) NOT NULL DEFAULT '0' COMMENT '0待审核、1审核中、2审核通过、3审核未通过',
  `flow_id` int(11) NOT NULL DEFAULT '0' COMMENT '审核流程ID',
  `order_id` int(11) NOT NULL DEFAULT '0' COMMENT '审核步骤排序ID',
  `check_user_id` varchar(255) NOT NULL DEFAULT '' COMMENT '审批人IDs',
  `flow_user_id` varchar(255) NOT NULL DEFAULT '' COMMENT '流程审批人ID',
  `remark` text COMMENT '备注',
  `create_user_id` int(10) NOT NULL COMMENT '创建人ID',
  `owner_user_id` int(10) NOT NULL COMMENT '负责人ID',
  `create_time` int(11) NOT NULL COMMENT '创建时间',
  `update_time` int(11) NOT NULL COMMENT '更新时间',
  PRIMARY KEY (`receivables_id`)
) ENGINE=InnoDB DEFAULT CHARSET=utf8 COMMENT='回款表';
/*!40101 SET character_set_client = @saved_cs_client */;

--
-- Dumping data for table `5kcrm_crm_receivables`
--

LOCK TABLES `5kcrm_crm_receivables` WRITE;
/*!40000 ALTER TABLE `5kcrm_crm_receivables` DISABLE KEYS */;
/*!40000 ALTER TABLE `5kcrm_crm_receivables` ENABLE KEYS */;
UNLOCK TABLES;

--
-- Table structure for table `5kcrm_crm_receivables_plan`
--

DROP TABLE IF EXISTS `5kcrm_crm_receivables_plan`;
/*!40101 SET @saved_cs_client     = @@character_set_client */;
 SET character_set_client = utf8mb4 ;
CREATE TABLE `5kcrm_crm_receivables_plan` (
  `plan_id` int(11) NOT NULL AUTO_INCREMENT,
  `num` varchar(100) NOT NULL DEFAULT '' COMMENT '期数',
  `receivables_id` int(11) NOT NULL DEFAULT '0' COMMENT '回款ID',
  `status` tinyint(4) NOT NULL DEFAULT '0' COMMENT '1完成',
  `contract_id` int(11) NOT NULL COMMENT '合同ID',
  `customer_id` int(11) NOT NULL COMMENT '客户ID',
  `money` decimal(18,2) NOT NULL DEFAULT '0.00' COMMENT '计划回款金额',
  `return_date` date DEFAULT NULL COMMENT '计划回款日期',
  `return_type` varchar(255) NOT NULL DEFAULT '' COMMENT '计划回款方式',
  `remind` tinyint(4) NOT NULL DEFAULT '0' COMMENT '提前几天提醒',
  `remind_date` date DEFAULT NULL COMMENT '提醒日期',
  `remark` varchar(500) NOT NULL DEFAULT '' COMMENT '备注',
  `create_user_id` int(11) NOT NULL COMMENT '创建人ID',
  `owner_user_id` int(11) NOT NULL COMMENT '负责人ID',
  `create_time` int(11) NOT NULL COMMENT '创建时间',
  `update_time` int(11) NOT NULL COMMENT '更新时间',
  `file` varchar(500) NOT NULL DEFAULT '' COMMENT '附件',
  PRIMARY KEY (`plan_id`)
) ENGINE=InnoDB DEFAULT CHARSET=utf8 COMMENT='回款计划表';
/*!40101 SET character_set_client = @saved_cs_client */;

--
-- Dumping data for table `5kcrm_crm_receivables_plan`
--

LOCK TABLES `5kcrm_crm_receivables_plan` WRITE;
/*!40000 ALTER TABLE `5kcrm_crm_receivables_plan` DISABLE KEYS */;
/*!40000 ALTER TABLE `5kcrm_crm_receivables_plan` ENABLE KEYS */;
UNLOCK TABLES;

--
-- Table structure for table `5kcrm_crm_top`
--

DROP TABLE IF EXISTS `5kcrm_crm_top`;
/*!40101 SET @saved_cs_client     = @@character_set_client */;
 SET character_set_client = utf8mb4 ;
CREATE TABLE `5kcrm_crm_top` (
  `top_id` int(10) NOT NULL AUTO_INCREMENT,
  `module_id` int(10) NOT NULL COMMENT '相关模块ID',
  `set_top` tinyint(1) NOT NULL DEFAULT '1' COMMENT '1置顶',
  `top_time` int(10) NOT NULL COMMENT '置顶时间',
  `create_role_id` int(10) NOT NULL COMMENT '创建人ID',
  `module` varchar(50) NOT NULL DEFAULT 'business' COMMENT '置顶模块',
  PRIMARY KEY (`top_id`)
) ENGINE=InnoDB DEFAULT CHARSET=utf8 COMMENT='置顶表';
/*!40101 SET character_set_client = @saved_cs_client */;

--
-- Dumping data for table `5kcrm_crm_top`
--

LOCK TABLES `5kcrm_crm_top` WRITE;
/*!40000 ALTER TABLE `5kcrm_crm_top` DISABLE KEYS */;
/*!40000 ALTER TABLE `5kcrm_crm_top` ENABLE KEYS */;
UNLOCK TABLES;

--
-- Table structure for table `5kcrm_hrm_user_det`
--

DROP TABLE IF EXISTS `5kcrm_hrm_user_det`;
/*!40101 SET @saved_cs_client     = @@character_set_client */;
 SET character_set_client = utf8mb4 ;
CREATE TABLE `5kcrm_hrm_user_det` (
  `userdet_id` int(9) NOT NULL AUTO_INCREMENT,
  `user_id` int(11) NOT NULL COMMENT '员工id',
  `join_time` int(11) NOT NULL DEFAULT '0' COMMENT '入职时间',
  `type` tinyint(2) NOT NULL DEFAULT '0' COMMENT '工作性质：1全职 2兼职 3实习',
  `status` tinyint(2) NOT NULL DEFAULT '0' COMMENT '用户类型：1非系统用户 2系统用户 3待离职 4离职 ',
  `userstatus` tinyint(2) NOT NULL DEFAULT '1' COMMENT '员工状态：1试用 2正式',
  `mobile` varchar(20) NOT NULL DEFAULT '' COMMENT '手机号',
  `sex` varchar(15) NOT NULL DEFAULT '' COMMENT '性别',
  `age` int(3) NOT NULL DEFAULT '0' COMMENT '年龄',
  `job_num` varchar(30) NOT NULL DEFAULT '' COMMENT '工号',
  `idtype` tinyint(2) NOT NULL DEFAULT '0' COMMENT '证件类型',
  `idnum` varchar(30) NOT NULL DEFAULT '' COMMENT '证件号码',
  `birth_time` varchar(30) NOT NULL DEFAULT '' COMMENT '出生日期',
  `nation` varchar(20) NOT NULL DEFAULT '' COMMENT '民族',
  `internship` tinyint(2) NOT NULL DEFAULT '0' COMMENT '试用期（月）',
  `done_time` int(11) NOT NULL DEFAULT '0' COMMENT '转正时间',
  `parroll_id` int(11) NOT NULL DEFAULT '0' COMMENT '工资信息表ID',
  `create_time` int(11) NOT NULL COMMENT '添加时间',
  `update_time` int(11) NOT NULL DEFAULT '0' COMMENT '编辑时间',
  `email` varchar(100) NOT NULL DEFAULT '' COMMENT '邮箱',
  `political` varchar(100) NOT NULL DEFAULT '' COMMENT '政治面貌',
  `location` varchar(255) NOT NULL DEFAULT '' COMMENT '户籍地址',
  `leave_time` int(11) NOT NULL DEFAULT '0' COMMENT '离职时间',
  PRIMARY KEY (`userdet_id`) USING BTREE
) ENGINE=InnoDB AUTO_INCREMENT=36 DEFAULT CHARSET=utf8 ROW_FORMAT=DYNAMIC COMMENT='员工档案表';
/*!40101 SET character_set_client = @saved_cs_client */;

--
-- Dumping data for table `5kcrm_hrm_user_det`
--

LOCK TABLES `5kcrm_hrm_user_det` WRITE;
/*!40000 ALTER TABLE `5kcrm_hrm_user_det` DISABLE KEYS */;
INSERT INTO `5kcrm_hrm_user_det` VALUES (1,1,1565840175,1,1,2,'18622124397','男',0,'',0,'','','0',0,0,0,1565840175,1566185456,'18622124397@163.com','','',0),(2,2,0,0,0,1,'13911975745','男',0,'',0,'','','',0,0,0,1565846342,1565846388,'','','',0),(3,3,0,0,0,1,'13290785560','女',0,'',0,'','','',0,0,0,1565846493,1566279000,'1652097362@qq.com','','',0),(4,4,0,0,0,1,'18622232157','男',0,'',0,'','','',0,0,0,1565846653,0,'','','',0),(5,5,0,0,0,1,'13910343839','男',0,'',0,'','','',0,0,0,1565846689,0,'','','',0),(6,6,0,0,0,1,'13810539331','男',0,'',0,'','','',0,0,0,1565846747,1565846865,'','','',0),(7,7,0,0,0,1,'13520008012','女',0,'',0,'','','',0,0,0,1565846951,0,'','','',0),(8,8,0,0,0,1,'18811730364','男',0,'',0,'','','',0,0,0,1565846994,0,'','','',0),(9,9,0,0,0,1,'13552474525','男',0,'',0,'','','',0,0,0,1565847041,0,'','','',0),(10,10,0,0,0,1,'13520008020','女',0,'',0,'','','',0,0,0,1565848105,0,'','','',0),(11,11,0,0,0,1,'13520006792','女',0,'',0,'','','',0,0,0,1565848214,0,'','','',0),(12,12,0,0,0,1,'13552994332','男',0,'',0,'','','',0,0,0,1565848269,0,'','','',0),(13,13,0,0,0,1,'13520008752','男',0,'',0,'','','',0,0,0,1565849421,0,'','','',0),(14,14,0,0,0,1,'18910595418','男',0,'',0,'','','',0,0,0,1565850863,0,'','','',0),(15,15,0,0,0,1,'13521853325','男',0,'',0,'','','',0,0,0,1565851458,1565851957,'','','',0),(16,16,0,0,0,1,'13520008517','男',0,'',0,'','','',0,0,0,1565851575,0,'','','',0),(17,17,0,0,0,1,'13520008172','女',0,'',0,'','','',0,0,0,1565851636,0,'','','',0),(18,18,0,0,0,1,'13520008761','男',0,'',0,'','','',0,0,0,1565851685,1565851705,'','','',0),(19,19,0,0,0,1,'13520008253','女',0,'',0,'','','',0,0,0,1565851762,0,'','','',0),(20,20,0,0,0,1,'13521865862','女',0,'',0,'','','',0,0,0,1565851867,0,'','','',0),(21,21,0,0,0,1,'13520006317','女',0,'',0,'','','',0,0,0,1565851917,0,'','','',0),(22,22,0,0,0,1,'13521853017','女',0,'',0,'','','',0,0,0,1565852076,0,'','','',0),(23,23,0,0,0,1,'13521852803','男',0,'',0,'','','',0,0,0,1565852162,0,'','','',0),(24,24,0,0,0,1,'13521853165','男',0,'',0,'','','',0,0,0,1565852218,0,'','','',0),(25,25,0,0,0,1,'13521852857','女',0,'',0,'','','',0,0,0,1565852564,0,'','','',0),(26,26,0,0,0,1,'13521853201','男',0,'',0,'','','',0,0,0,1565852620,0,'','','',0),(27,27,0,0,0,1,'13520008531','男',0,'',0,'','','',0,0,0,1565852686,0,'','','',0),(28,28,0,0,0,1,'13521866075','女',0,'',0,'','','',0,0,0,1565852741,0,'','','',0),(29,29,0,0,0,1,'13520008617','男',0,'',0,'','','',0,0,0,1565852823,0,'','','',0),(30,30,0,0,0,1,'13552994307','男',0,'',0,'','','',0,0,0,1565853130,0,'','','',0),(31,31,0,0,0,1,'18611111111','男',0,'',0,'','','',0,0,0,1565877230,1565878947,'','','',0),(32,32,0,0,0,1,'18622222222','男',0,'',0,'','','',0,0,0,1565878159,0,'','','',0),(33,33,0,0,0,1,'18633333333','',0,'',0,'','','',0,0,0,1565878669,0,'','','',0),(34,34,0,0,0,1,'18600000000','',0,'',0,'','','',0,0,0,1565878698,0,'','','',0),(35,35,0,0,0,1,'13521865993','女',0,'',0,'','','',0,0,0,1566194387,0,'','','',0);
/*!40000 ALTER TABLE `5kcrm_hrm_user_det` ENABLE KEYS */;
UNLOCK TABLES;

--
-- Table structure for table `5kcrm_oa_announcement`
--

DROP TABLE IF EXISTS `5kcrm_oa_announcement`;
/*!40101 SET @saved_cs_client     = @@character_set_client */;
 SET character_set_client = utf8mb4 ;
CREATE TABLE `5kcrm_oa_announcement` (
  `announcement_id` int(11) NOT NULL AUTO_INCREMENT,
  `title` varchar(50) NOT NULL COMMENT '标题',
  `content` text COMMENT '内容',
  `create_user_id` int(10) NOT NULL COMMENT '创建人ID',
  `create_time` int(11) NOT NULL COMMENT '创建时间',
  `update_time` int(11) NOT NULL COMMENT '更新时间',
  `start_time` int(11) NOT NULL COMMENT '开始时间',
  `end_time` int(11) NOT NULL COMMENT '结束时间',
  `structure_ids` varchar(100) NOT NULL DEFAULT '' COMMENT '通知部门',
  `owner_user_ids` varchar(100) NOT NULL DEFAULT '' COMMENT '通知人',
  `read_user_ids` text COMMENT '阅读人',
  PRIMARY KEY (`announcement_id`)
) ENGINE=InnoDB DEFAULT CHARSET=utf8 COMMENT='公告表';
/*!40101 SET character_set_client = @saved_cs_client */;

--
-- Dumping data for table `5kcrm_oa_announcement`
--

LOCK TABLES `5kcrm_oa_announcement` WRITE;
/*!40000 ALTER TABLE `5kcrm_oa_announcement` DISABLE KEYS */;
/*!40000 ALTER TABLE `5kcrm_oa_announcement` ENABLE KEYS */;
UNLOCK TABLES;

--
-- Table structure for table `5kcrm_oa_event`
--

DROP TABLE IF EXISTS `5kcrm_oa_event`;
/*!40101 SET @saved_cs_client     = @@character_set_client */;
 SET character_set_client = utf8mb4 ;
CREATE TABLE `5kcrm_oa_event` (
  `event_id` int(11) NOT NULL AUTO_INCREMENT,
  `title` varchar(255) NOT NULL COMMENT '日程标题',
  `start_time` int(11) NOT NULL COMMENT '开始时间',
  `end_time` int(11) NOT NULL COMMENT '结束时间',
  `create_user_id` int(10) NOT NULL COMMENT '创建人ID',
  `create_time` int(11) NOT NULL COMMENT '创建时间',
  `update_time` int(11) NOT NULL COMMENT '更新时间',
  `type` tinyint(2) DEFAULT '0' COMMENT '0不提醒1每天2每周3每月4每年',
  `remindtype` tinyint(4) NOT NULL DEFAULT '0' COMMENT '提醒时间0准时提醒 1：5分钟前 2：15分钟前 3：30分钟前 4：一个小时前 5：两个小时前 6：一天前 7：两天前 8：一周前',
  `owner_user_ids` varchar(255) NOT NULL DEFAULT '' COMMENT '参与人',
  `remark` varchar(2000) CHARACTER SET utf8 COLLATE utf8_bin DEFAULT '' COMMENT '备注',
  `color` varchar(15) NOT NULL DEFAULT '' COMMENT '颜色',
  PRIMARY KEY (`event_id`)
) ENGINE=InnoDB AUTO_INCREMENT=3 DEFAULT CHARSET=utf8 COMMENT='日程表';
/*!40101 SET character_set_client = @saved_cs_client */;

--
-- Dumping data for table `5kcrm_oa_event`
--

LOCK TABLES `5kcrm_oa_event` WRITE;
/*!40000 ALTER TABLE `5kcrm_oa_event` DISABLE KEYS */;
INSERT INTO `5kcrm_oa_event` VALUES (1,'联系客户',1565920800,1566007199,32,1565879967,1565879967,0,0,'','',''),(2,'拜访康立泰药业有限公司',1566363600,1566372600,11,1566399225,1566399225,0,0,'','研发企业，单机版，一直有自己做的想法，但是一直没有开展，也有DMS的需求。','#3E8EF7');
/*!40000 ALTER TABLE `5kcrm_oa_event` ENABLE KEYS */;
UNLOCK TABLES;

--
-- Table structure for table `5kcrm_oa_event_notice`
--

DROP TABLE IF EXISTS `5kcrm_oa_event_notice`;
/*!40101 SET @saved_cs_client     = @@character_set_client */;
 SET character_set_client = utf8mb4 ;
CREATE TABLE `5kcrm_oa_event_notice` (
  `id` int(11) NOT NULL AUTO_INCREMENT,
  `event_id` int(11) NOT NULL COMMENT '日程ID',
  `noticetype` varchar(255) NOT NULL DEFAULT '' COMMENT '1天 2周 3月 4年 0不提醒',
  `repeated` varchar(30) NOT NULL DEFAULT '',
  `start_time` int(11) NOT NULL COMMENT '开始时间',
  `stop_time` int(11) NOT NULL COMMENT '介绍时间',
  PRIMARY KEY (`id`) USING BTREE
) ENGINE=InnoDB DEFAULT CHARSET=utf8 ROW_FORMAT=DYNAMIC COMMENT='日程提醒设置表';
/*!40101 SET character_set_client = @saved_cs_client */;

--
-- Dumping data for table `5kcrm_oa_event_notice`
--

LOCK TABLES `5kcrm_oa_event_notice` WRITE;
/*!40000 ALTER TABLE `5kcrm_oa_event_notice` DISABLE KEYS */;
/*!40000 ALTER TABLE `5kcrm_oa_event_notice` ENABLE KEYS */;
UNLOCK TABLES;

--
-- Table structure for table `5kcrm_oa_event_relation`
--

DROP TABLE IF EXISTS `5kcrm_oa_event_relation`;
/*!40101 SET @saved_cs_client     = @@character_set_client */;
 SET character_set_client = utf8mb4 ;
CREATE TABLE `5kcrm_oa_event_relation` (
  `eventrelation_id` int(11) NOT NULL AUTO_INCREMENT COMMENT '日程关联业务表',
  `event_id` int(11) NOT NULL COMMENT '日程ID',
  `customer_ids` varchar(255) NOT NULL DEFAULT '' COMMENT '客户IDs',
  `contacts_ids` varchar(255) NOT NULL DEFAULT '' COMMENT '联系人IDs',
  `business_ids` varchar(255) NOT NULL DEFAULT '' COMMENT '商机IDs',
  `contract_ids` varchar(255) NOT NULL DEFAULT '' COMMENT '合同IDs',
  `status` tinyint(2) DEFAULT '0' COMMENT '状态1可用',
  `create_time` int(11) NOT NULL COMMENT '创建时间',
  PRIMARY KEY (`eventrelation_id`) USING BTREE
) ENGINE=InnoDB AUTO_INCREMENT=3 DEFAULT CHARSET=utf8 ROW_FORMAT=DYNAMIC COMMENT='日程关联业务表';
/*!40101 SET character_set_client = @saved_cs_client */;

--
-- Dumping data for table `5kcrm_oa_event_relation`
--

LOCK TABLES `5kcrm_oa_event_relation` WRITE;
/*!40000 ALTER TABLE `5kcrm_oa_event_relation` DISABLE KEYS */;
INSERT INTO `5kcrm_oa_event_relation` VALUES (1,1,',2,','','','',1,1565879967),(2,2,'','','','',1,1566399225);
/*!40000 ALTER TABLE `5kcrm_oa_event_relation` ENABLE KEYS */;
UNLOCK TABLES;

--
-- Table structure for table `5kcrm_oa_examine`
--

DROP TABLE IF EXISTS `5kcrm_oa_examine`;
/*!40101 SET @saved_cs_client     = @@character_set_client */;
 SET character_set_client = utf8mb4 ;
CREATE TABLE `5kcrm_oa_examine` (
  `examine_id` int(11) NOT NULL AUTO_INCREMENT,
  `category_id` int(11) NOT NULL DEFAULT '1' COMMENT '审批类型',
  `content` varchar(500) NOT NULL DEFAULT '' COMMENT '内容',
  `remark` varchar(500) NOT NULL DEFAULT '' COMMENT '备注',
  `money` decimal(18,2) NOT NULL DEFAULT '0.00' COMMENT '差旅、报销总金额',
  `start_time` int(11) NOT NULL DEFAULT '0' COMMENT '开始时间',
  `end_time` int(11) NOT NULL DEFAULT '0' COMMENT '结束时间',
  `duration` decimal(10,1) NOT NULL DEFAULT '0.0' COMMENT '时长',
  `create_user_id` int(10) NOT NULL COMMENT '创建人ID',
  `check_user_id` varchar(200) NOT NULL COMMENT '审批人ID',
  `flow_user_id` varchar(500) NOT NULL DEFAULT '' COMMENT '流程审批人ID',
  `check_status` tinyint(4) NOT NULL DEFAULT '0' COMMENT '状态（0待审、1审批中、2通过、3失败、4撤销）',
  `flow_id` int(11) NOT NULL DEFAULT '0' COMMENT '审批流程ID',
  `order_id` int(10) NOT NULL DEFAULT '0' COMMENT '审批流程排序ID',
  `create_time` int(11) NOT NULL COMMENT '创建时间',
  `update_time` int(11) NOT NULL COMMENT '更新时间',
  PRIMARY KEY (`examine_id`)
) ENGINE=InnoDB AUTO_INCREMENT=12 DEFAULT CHARSET=utf8 COMMENT='审批表';
/*!40101 SET character_set_client = @saved_cs_client */;

--
-- Dumping data for table `5kcrm_oa_examine`
--

LOCK TABLES `5kcrm_oa_examine` WRITE;
/*!40000 ALTER TABLE `5kcrm_oa_examine` DISABLE KEYS */;
INSERT INTO `5kcrm_oa_examine` VALUES (1,3,'贵阳8月23-24日培训班','22日去现场准备',0.00,0,0,3.0,9,'',',1,2,',2,10,2,1566198317,1566359020),(2,3,'承德颈复康药业内训出差','',0.00,0,0,3.0,7,',1,','',0,10,1,1566352123,1566352123),(3,3,'承德颈复康药业内训出差','',0.00,0,0,3.0,7,',1,','',0,10,1,1566352128,1566352128),(4,3,'承德颈复康药业内训出差','',0.00,0,0,3.0,7,',1,','',0,10,1,1566352140,1566352140),(5,3,'承德颈复康药业内训出差','',0.00,0,0,3.0,7,',1,','',0,10,1,1566352171,1566352171),(6,3,'承德颈复康药业内训出差','',0.00,0,0,3.0,7,',1,','',0,10,1,1566352190,1566352190),(7,3,'承德颈复康药业内训出差','',0.00,0,0,3.0,7,',1,','',0,10,1,1566352200,1566352200),(8,3,'承德颈复康药业内训出差','',0.00,0,0,3.0,7,',1,','',0,10,1,1566352333,1566352333),(9,3,'承德颈复康药业内训出差','',0.00,0,0,3.0,7,',1,','',0,10,1,1566352350,1566352350),(10,3,'承德颈复康药业内训出差','周五早上出发去北京站接上夏璐华老师   评车出发去承德市    评车没有发票   周六下午六点课程结束 周日去承德天源药业聊聊DMS和计算机化系统验证事宜     周日下午返回燕郊',0.00,0,0,3.0,7,',2,',',1,',1,10,2,1566352511,1566390486),(11,5,'贵州良济药业内审及内训学习','附件已经上传发票',69.59,0,0,0.0,9,',1,','',0,13,1,1566368803,1566368803);
/*!40000 ALTER TABLE `5kcrm_oa_examine` ENABLE KEYS */;
UNLOCK TABLES;

--
-- Table structure for table `5kcrm_oa_examine_category`
--

DROP TABLE IF EXISTS `5kcrm_oa_examine_category`;
/*!40101 SET @saved_cs_client     = @@character_set_client */;
 SET character_set_client = utf8mb4 ;
CREATE TABLE `5kcrm_oa_examine_category` (
  `category_id` int(11) NOT NULL AUTO_INCREMENT,
  `title` varchar(50) NOT NULL COMMENT '名称',
  `remark` varchar(500) NOT NULL DEFAULT '' COMMENT '描述',
  `create_user_id` int(10) NOT NULL COMMENT '创建人ID',
  `status` tinyint(1) NOT NULL DEFAULT '1' COMMENT '1启用，0禁用',
  `is_sys` tinyint(1) NOT NULL DEFAULT '0' COMMENT '1为系统类型，不能删除',
  `user_ids` varchar(500) NOT NULL DEFAULT '' COMMENT '可见范围（员工）',
  `structure_ids` varchar(500) NOT NULL DEFAULT '' COMMENT '可见范围（部门）',
  `create_time` int(11) NOT NULL COMMENT '创建时间',
  `update_time` int(11) NOT NULL COMMENT '更新时间',
  `is_deleted` tinyint(1) NOT NULL DEFAULT '0' COMMENT '1已删除',
  `delete_time` int(11) NOT NULL DEFAULT '0' COMMENT '删除时间',
  `delete_user_id` int(11) NOT NULL DEFAULT '0' COMMENT '删除人ID',
  `flow_id` int(11) NOT NULL DEFAULT '0' COMMENT '审批流ID',
  PRIMARY KEY (`category_id`)
) ENGINE=InnoDB AUTO_INCREMENT=7 DEFAULT CHARSET=utf8 COMMENT='审批类型表';
/*!40101 SET character_set_client = @saved_cs_client */;

--
-- Dumping data for table `5kcrm_oa_examine_category`
--

LOCK TABLES `5kcrm_oa_examine_category` WRITE;
/*!40000 ALTER TABLE `5kcrm_oa_examine_category` DISABLE KEYS */;
INSERT INTO `5kcrm_oa_examine_category` VALUES (1,'普通审批','普通审批',1,0,1,'','',1548911542,1548911542,0,0,0,1),(2,'请假审批','请假审批',1,1,1,'','',1566024356,1566024356,0,0,0,12),(3,'出差审批','出差审批',1,1,1,'','',1566024273,1566024273,0,0,0,10),(4,'加班审批','加班审批',1,0,1,'','',1548911542,1548911542,0,0,0,1),(5,'差旅报销','差旅报销',1,1,1,'','',1566038490,1566038490,0,0,0,13),(6,'借款申请','借款申请',1,0,1,'','',1548911542,1548911542,0,0,0,1);
/*!40000 ALTER TABLE `5kcrm_oa_examine_category` ENABLE KEYS */;
UNLOCK TABLES;

--
-- Table structure for table `5kcrm_oa_examine_data`
--

DROP TABLE IF EXISTS `5kcrm_oa_examine_data`;
/*!40101 SET @saved_cs_client     = @@character_set_client */;
 SET character_set_client = utf8mb4 ;
CREATE TABLE `5kcrm_oa_examine_data` (
  `data_id` int(11) NOT NULL AUTO_INCREMENT,
  `examine_id` int(11) NOT NULL COMMENT '审批ID',
  `field` varchar(30) NOT NULL COMMENT '字段名',
  `value` varchar(1000) DEFAULT NULL COMMENT '值',
  PRIMARY KEY (`data_id`)
) ENGINE=InnoDB DEFAULT CHARSET=utf8 COMMENT='审批数据扩展表';
/*!40101 SET character_set_client = @saved_cs_client */;

--
-- Dumping data for table `5kcrm_oa_examine_data`
--

LOCK TABLES `5kcrm_oa_examine_data` WRITE;
/*!40000 ALTER TABLE `5kcrm_oa_examine_data` DISABLE KEYS */;
/*!40000 ALTER TABLE `5kcrm_oa_examine_data` ENABLE KEYS */;
UNLOCK TABLES;

--
-- Table structure for table `5kcrm_oa_examine_file`
--

DROP TABLE IF EXISTS `5kcrm_oa_examine_file`;
/*!40101 SET @saved_cs_client     = @@character_set_client */;
 SET character_set_client = utf8mb4 ;
CREATE TABLE `5kcrm_oa_examine_file` (
  `r_id` int(11) NOT NULL AUTO_INCREMENT,
  `examine_id` int(11) NOT NULL COMMENT '审批ID',
  `file_id` int(11) NOT NULL COMMENT '附件ID',
  PRIMARY KEY (`r_id`)
) ENGINE=InnoDB AUTO_INCREMENT=3 DEFAULT CHARSET=utf8 COMMENT='审批附件关系表';
/*!40101 SET character_set_client = @saved_cs_client */;

--
-- Dumping data for table `5kcrm_oa_examine_file`
--

LOCK TABLES `5kcrm_oa_examine_file` WRITE;
/*!40000 ALTER TABLE `5kcrm_oa_examine_file` DISABLE KEYS */;
INSERT INTO `5kcrm_oa_examine_file` VALUES (1,11,1),(2,11,2);
/*!40000 ALTER TABLE `5kcrm_oa_examine_file` ENABLE KEYS */;
UNLOCK TABLES;

--
-- Table structure for table `5kcrm_oa_examine_relation`
--

DROP TABLE IF EXISTS `5kcrm_oa_examine_relation`;
/*!40101 SET @saved_cs_client     = @@character_set_client */;
 SET character_set_client = utf8mb4 ;
CREATE TABLE `5kcrm_oa_examine_relation` (
  `r_id` int(11) NOT NULL AUTO_INCREMENT COMMENT '审批关联业务表',
  `examine_id` int(11) NOT NULL COMMENT '审批ID',
  `customer_ids` varchar(255) NOT NULL DEFAULT '' COMMENT '客户IDs',
  `contacts_ids` varchar(255) NOT NULL DEFAULT '' COMMENT '联系人IDs',
  `business_ids` varchar(255) NOT NULL DEFAULT '' COMMENT '商机IDs',
  `contract_ids` varchar(255) NOT NULL DEFAULT '' COMMENT '合同IDs',
  `status` tinyint(2) NOT NULL DEFAULT '1' COMMENT '状态1可用',
  `create_time` int(11) NOT NULL COMMENT '创建时间',
  PRIMARY KEY (`r_id`) USING BTREE
) ENGINE=InnoDB AUTO_INCREMENT=12 DEFAULT CHARSET=utf8 ROW_FORMAT=DYNAMIC COMMENT='审批关联业务表';
/*!40101 SET character_set_client = @saved_cs_client */;

--
-- Dumping data for table `5kcrm_oa_examine_relation`
--

LOCK TABLES `5kcrm_oa_examine_relation` WRITE;
/*!40000 ALTER TABLE `5kcrm_oa_examine_relation` DISABLE KEYS */;
INSERT INTO `5kcrm_oa_examine_relation` VALUES (1,1,'','','','',1,1566198317),(2,2,'','','','',1,1566352123),(3,3,'','','','',1,1566352128),(4,4,'','','','',1,1566352140),(5,5,',26,','','','',1,1566352171),(6,6,',26,','','','',1,1566352190),(7,7,',26,','','','',1,1566352200),(8,8,',26,','','','',1,1566352333),(9,9,',26,','','','',1,1566352350),(10,10,',26,','','','',1,1566352511),(11,11,'','','','',1,1566368803);
/*!40000 ALTER TABLE `5kcrm_oa_examine_relation` ENABLE KEYS */;
UNLOCK TABLES;

--
-- Table structure for table `5kcrm_oa_examine_travel`
--

DROP TABLE IF EXISTS `5kcrm_oa_examine_travel`;
/*!40101 SET @saved_cs_client     = @@character_set_client */;
 SET character_set_client = utf8mb4 ;
CREATE TABLE `5kcrm_oa_examine_travel` (
  `travel_id` int(11) NOT NULL AUTO_INCREMENT,
  `examine_id` int(11) NOT NULL COMMENT '审批ID',
  `start_address` varchar(100) NOT NULL DEFAULT '' COMMENT '出发地',
  `start_time` int(11) NOT NULL COMMENT '出发时间',
  `end_address` varchar(100) NOT NULL DEFAULT '' COMMENT '目的地',
  `end_time` int(11) NOT NULL COMMENT '到达时间',
  `traffic` decimal(18,2) NOT NULL DEFAULT '0.00' COMMENT '交通费',
  `stay` decimal(18,2) NOT NULL DEFAULT '0.00' COMMENT '住宿费',
  `diet` decimal(18,2) NOT NULL DEFAULT '0.00' COMMENT '餐饮费',
  `other` decimal(18,2) NOT NULL DEFAULT '0.00' COMMENT '其他费用',
  `money` decimal(18,2) NOT NULL DEFAULT '0.00' COMMENT '金额',
  `vehicle` varchar(255) NOT NULL DEFAULT '' COMMENT '交通工具',
  `trip` varchar(50) NOT NULL DEFAULT '' COMMENT '单程往返（单程、往返）',
  `duration` decimal(10,1) NOT NULL DEFAULT '0.0' COMMENT '时长',
  `description` varchar(500) NOT NULL DEFAULT '' COMMENT '备注',
  PRIMARY KEY (`travel_id`)
) ENGINE=InnoDB AUTO_INCREMENT=3 DEFAULT CHARSET=utf8 COMMENT='差旅行程表';
/*!40101 SET character_set_client = @saved_cs_client */;

--
-- Dumping data for table `5kcrm_oa_examine_travel`
--

LOCK TABLES `5kcrm_oa_examine_travel` WRITE;
/*!40000 ALTER TABLE `5kcrm_oa_examine_travel` DISABLE KEYS */;
INSERT INTO `5kcrm_oa_examine_travel` VALUES (1,1,'贵阳',1566403200,'贵阳',1566576000,0.00,0.00,0.00,0.00,0.00,'其他','往返',3.0,''),(2,11,'贵阳市',1565798400,'贵州省黔南龙里县',1566057600,69.59,0.00,0.00,0.00,69.59,'','',0.0,'报销为8月16日打车费用，上午从办事处打车至贵州良济药业，费用53.57元；下午坐贵州良济同事的车到贵阳，然后打车至办事处，费用16.02元');
/*!40000 ALTER TABLE `5kcrm_oa_examine_travel` ENABLE KEYS */;
UNLOCK TABLES;

--
-- Table structure for table `5kcrm_oa_examine_travel_file`
--

DROP TABLE IF EXISTS `5kcrm_oa_examine_travel_file`;
/*!40101 SET @saved_cs_client     = @@character_set_client */;
 SET character_set_client = utf8mb4 ;
CREATE TABLE `5kcrm_oa_examine_travel_file` (
  `r_id` int(11) NOT NULL AUTO_INCREMENT,
  `travel_id` int(11) NOT NULL COMMENT '差旅id',
  `file_id` int(11) NOT NULL COMMENT '附件ID',
  PRIMARY KEY (`r_id`)
) ENGINE=InnoDB DEFAULT CHARSET=utf8 COMMENT='差旅附件关系表';
/*!40101 SET character_set_client = @saved_cs_client */;

--
-- Dumping data for table `5kcrm_oa_examine_travel_file`
--

LOCK TABLES `5kcrm_oa_examine_travel_file` WRITE;
/*!40000 ALTER TABLE `5kcrm_oa_examine_travel_file` DISABLE KEYS */;
/*!40000 ALTER TABLE `5kcrm_oa_examine_travel_file` ENABLE KEYS */;
UNLOCK TABLES;

--
-- Table structure for table `5kcrm_oa_log`
--

DROP TABLE IF EXISTS `5kcrm_oa_log`;
/*!40101 SET @saved_cs_client     = @@character_set_client */;
 SET character_set_client = utf8mb4 ;
CREATE TABLE `5kcrm_oa_log` (
  `log_id` int(11) NOT NULL AUTO_INCREMENT,
  `category_id` tinyint(2) NOT NULL DEFAULT '1' COMMENT '日志类型（1日报，2周报，3月报）',
  `title` varchar(50) NOT NULL DEFAULT '' COMMENT '日志标题',
  `content` text COMMENT '日志内容',
  `tomorrow` varchar(1000) NOT NULL DEFAULT '' COMMENT '明日工作内容',
  `question` varchar(1000) NOT NULL DEFAULT '' COMMENT '遇到问题',
  `create_user_id` int(10) NOT NULL COMMENT '创建人ID',
  `create_time` int(11) NOT NULL COMMENT '创建时间',
  `update_time` int(11) NOT NULL COMMENT '更新时间',
  `send_user_ids` varchar(255) NOT NULL DEFAULT '' COMMENT '通知人',
  `send_structure_ids` varchar(255) NOT NULL DEFAULT '' COMMENT '通知部门',
  `read_user_ids` text COMMENT '已读ids',
  PRIMARY KEY (`log_id`)
) ENGINE=InnoDB DEFAULT CHARSET=utf8 COMMENT='工作日志表';
/*!40101 SET character_set_client = @saved_cs_client */;

--
-- Dumping data for table `5kcrm_oa_log`
--

LOCK TABLES `5kcrm_oa_log` WRITE;
/*!40000 ALTER TABLE `5kcrm_oa_log` DISABLE KEYS */;
/*!40000 ALTER TABLE `5kcrm_oa_log` ENABLE KEYS */;
UNLOCK TABLES;

--
-- Table structure for table `5kcrm_oa_log_file`
--

DROP TABLE IF EXISTS `5kcrm_oa_log_file`;
/*!40101 SET @saved_cs_client     = @@character_set_client */;
 SET character_set_client = utf8mb4 ;
CREATE TABLE `5kcrm_oa_log_file` (
  `r_id` int(11) NOT NULL AUTO_INCREMENT,
  `log_id` int(11) NOT NULL COMMENT '日志ID',
  `file_id` int(11) NOT NULL COMMENT '附件ID',
  PRIMARY KEY (`r_id`)
) ENGINE=InnoDB DEFAULT CHARSET=utf8 COMMENT='日志附件关系表';
/*!40101 SET character_set_client = @saved_cs_client */;

--
-- Dumping data for table `5kcrm_oa_log_file`
--

LOCK TABLES `5kcrm_oa_log_file` WRITE;
/*!40000 ALTER TABLE `5kcrm_oa_log_file` DISABLE KEYS */;
/*!40000 ALTER TABLE `5kcrm_oa_log_file` ENABLE KEYS */;
UNLOCK TABLES;

--
-- Table structure for table `5kcrm_oa_log_relation`
--

DROP TABLE IF EXISTS `5kcrm_oa_log_relation`;
/*!40101 SET @saved_cs_client     = @@character_set_client */;
 SET character_set_client = utf8mb4 ;
CREATE TABLE `5kcrm_oa_log_relation` (
  `r_id` int(11) NOT NULL AUTO_INCREMENT COMMENT '日志关联业务表',
  `log_id` int(11) NOT NULL COMMENT '日志ID',
  `customer_ids` varchar(255) NOT NULL DEFAULT '' COMMENT '客户IDs',
  `contacts_ids` varchar(255) NOT NULL DEFAULT '' COMMENT '联系人IDs',
  `business_ids` varchar(255) NOT NULL DEFAULT '' COMMENT '商机IDs',
  `contract_ids` varchar(255) NOT NULL DEFAULT '' COMMENT '合同IDs',
  `status` tinyint(2) NOT NULL COMMENT '状态1可用',
  `create_time` int(11) NOT NULL COMMENT '创建时间',
  PRIMARY KEY (`r_id`) USING BTREE
) ENGINE=InnoDB DEFAULT CHARSET=utf8 ROW_FORMAT=DYNAMIC COMMENT='日志关联业务表';
/*!40101 SET character_set_client = @saved_cs_client */;

--
-- Dumping data for table `5kcrm_oa_log_relation`
--

LOCK TABLES `5kcrm_oa_log_relation` WRITE;
/*!40000 ALTER TABLE `5kcrm_oa_log_relation` DISABLE KEYS */;
/*!40000 ALTER TABLE `5kcrm_oa_log_relation` ENABLE KEYS */;
UNLOCK TABLES;

--
-- Table structure for table `5kcrm_task`
--

DROP TABLE IF EXISTS `5kcrm_task`;
/*!40101 SET @saved_cs_client     = @@character_set_client */;
 SET character_set_client = utf8mb4 ;
CREATE TABLE `5kcrm_task` (
  `task_id` int(11) NOT NULL AUTO_INCREMENT COMMENT '任务表',
  `name` varchar(50) NOT NULL COMMENT '任务名称',
  `create_user_id` int(11) NOT NULL COMMENT '创建人ID',
  `main_user_id` int(11) NOT NULL COMMENT '负责人ID',
  `owner_user_id` varchar(255) NOT NULL DEFAULT '' COMMENT '团队成员ID',
  `structure_ids` varchar(255) NOT NULL DEFAULT '' COMMENT '部门IDs',
  `create_time` int(11) NOT NULL COMMENT '新建时间',
  `update_time` int(11) NOT NULL COMMENT '更新时间',
  `status` tinyint(2) NOT NULL DEFAULT '1' COMMENT '完成状态 1正在进行2延期3归档 5结束',
  `class_id` int(5) NOT NULL DEFAULT '0' COMMENT '分类 要做 在做 待定',
  `lable_id` varchar(255) NOT NULL DEFAULT '' COMMENT '标签 ,号拼接',
  `description` text COMMENT '描述',
  `pid` int(11) DEFAULT '0' COMMENT '上级ID',
  `start_time` int(11) NOT NULL DEFAULT '0' COMMENT '开始时间',
  `stop_time` int(11) NOT NULL DEFAULT '0' COMMENT '结束时间',
  `priority` tinyint(2) NOT NULL DEFAULT '0' COMMENT '优先级 从大到小',
  `work_id` int(11) DEFAULT '0' COMMENT '项目ID',
  `is_top` tinyint(2) DEFAULT '0' COMMENT '工作台展示 0收件箱 1，2，3',
  `is_open` tinyint(2) DEFAULT '1' COMMENT '是否公开',
  `order_id` tinyint(4) NOT NULL DEFAULT '0' COMMENT '排序ID',
  `top_order_id` tinyint(4) NOT NULL DEFAULT '0' COMMENT '我的任务排序ID',
  `is_archive` tinyint(1) NOT NULL DEFAULT '0' COMMENT '1归档',
  `archive_time` int(11) NOT NULL DEFAULT '0' COMMENT '归档时间',
  `ishidden` tinyint(2) DEFAULT '0' COMMENT '是否删除',
  `hidden_time` int(11) NOT NULL DEFAULT '0' COMMENT '删除时间',
  PRIMARY KEY (`task_id`) USING BTREE
) ENGINE=InnoDB AUTO_INCREMENT=3 DEFAULT CHARSET=utf8 ROW_FORMAT=DYNAMIC COMMENT='任务表';
/*!40101 SET character_set_client = @saved_cs_client */;

--
-- Dumping data for table `5kcrm_task`
--

LOCK TABLES `5kcrm_task` WRITE;
/*!40000 ALTER TABLE `5kcrm_task` DISABLE KEYS */;
INSERT INTO `5kcrm_task` VALUES (1,'技术老师每周工作情况及销售下周项目安排计划表',3,3,',3,','',1565931263,1565931324,5,0,'',NULL,0,1565884800,1565913600,0,0,1,1,0,0,0,0,0,0),(2,'DAS、DBS项目计划书',3,3,',3,','',1565931441,1565931441,5,0,'','需要给梅宇竣做DAS、DBS项目计划书',0,1565884800,1566144000,1,0,1,1,0,0,0,0,0,0);
/*!40000 ALTER TABLE `5kcrm_task` ENABLE KEYS */;
UNLOCK TABLES;

--
-- Table structure for table `5kcrm_task_relation`
--

DROP TABLE IF EXISTS `5kcrm_task_relation`;
/*!40101 SET @saved_cs_client     = @@character_set_client */;
 SET character_set_client = utf8mb4 ;
CREATE TABLE `5kcrm_task_relation` (
  `r_id` int(11) NOT NULL AUTO_INCREMENT COMMENT '任务关联业务表',
  `task_id` int(11) NOT NULL COMMENT '任务ID',
  `customer_ids` varchar(255) NOT NULL DEFAULT '' COMMENT '客户IDs',
  `contacts_ids` varchar(255) NOT NULL DEFAULT '' COMMENT '联系人IDs',
  `business_ids` varchar(255) NOT NULL DEFAULT '' COMMENT '商机IDs',
  `contract_ids` varchar(255) NOT NULL DEFAULT '' COMMENT '合同IDs',
  `status` tinyint(2) NOT NULL DEFAULT '1' COMMENT '状态1可用',
  `create_time` int(11) NOT NULL COMMENT '创建时间',
  PRIMARY KEY (`r_id`) USING BTREE
) ENGINE=InnoDB AUTO_INCREMENT=3 DEFAULT CHARSET=utf8 ROW_FORMAT=DYNAMIC COMMENT='任务关联业务表';
/*!40101 SET character_set_client = @saved_cs_client */;

--
-- Dumping data for table `5kcrm_task_relation`
--

LOCK TABLES `5kcrm_task_relation` WRITE;
/*!40000 ALTER TABLE `5kcrm_task_relation` DISABLE KEYS */;
INSERT INTO `5kcrm_task_relation` VALUES (1,1,'','','','',1,1565931263),(2,2,'','','','',1,1565931442);
/*!40000 ALTER TABLE `5kcrm_task_relation` ENABLE KEYS */;
UNLOCK TABLES;

--
-- Table structure for table `5kcrm_work`
--

DROP TABLE IF EXISTS `5kcrm_work`;
/*!40101 SET @saved_cs_client     = @@character_set_client */;
 SET character_set_client = utf8mb4 ;
CREATE TABLE `5kcrm_work` (
  `work_id` int(11) NOT NULL AUTO_INCREMENT,
  `name` varchar(50) NOT NULL COMMENT '项目名字',
  `status` tinyint(2) DEFAULT '0' COMMENT '状态 1启用 0归档',
  `create_time` int(11) NOT NULL,
  `create_user_id` int(11) NOT NULL COMMENT '创建人ID',
  `description` text COMMENT '描述',
  `color` varchar(15) NOT NULL DEFAULT '' COMMENT '颜色',
  `is_open` tinyint(2) DEFAULT '0' COMMENT '是否所有人可见 1可见',
  `owner_user_id` varchar(255) NOT NULL DEFAULT '' COMMENT '项目成员',
  `ishidden` tinyint(2) DEFAULT '0' COMMENT '是否删除',
  `archive_time` int(11) NOT NULL DEFAULT '0' COMMENT '归档时间',
  PRIMARY KEY (`work_id`) USING BTREE
) ENGINE=InnoDB DEFAULT CHARSET=utf8 ROW_FORMAT=DYNAMIC COMMENT='项目表';
/*!40101 SET character_set_client = @saved_cs_client */;

--
-- Dumping data for table `5kcrm_work`
--

LOCK TABLES `5kcrm_work` WRITE;
/*!40000 ALTER TABLE `5kcrm_work` DISABLE KEYS */;
/*!40000 ALTER TABLE `5kcrm_work` ENABLE KEYS */;
UNLOCK TABLES;

--
-- Table structure for table `5kcrm_work_relation`
--

DROP TABLE IF EXISTS `5kcrm_work_relation`;
/*!40101 SET @saved_cs_client     = @@character_set_client */;
 SET character_set_client = utf8mb4 ;
CREATE TABLE `5kcrm_work_relation` (
  `r_id` int(11) NOT NULL AUTO_INCREMENT COMMENT '日志关联业务表',
  `work_id` int(11) NOT NULL COMMENT '项目ID',
  `customer_ids` varchar(255) NOT NULL DEFAULT '' COMMENT '客户IDs',
  `contacts_ids` varchar(255) NOT NULL DEFAULT '' COMMENT '联系人IDs',
  `business_ids` varchar(255) NOT NULL DEFAULT '' COMMENT '商机IDs',
  `contract_ids` varchar(255) NOT NULL DEFAULT '' COMMENT '合同IDs',
  `status` tinyint(2) NOT NULL DEFAULT '1' COMMENT '状态1可用',
  `create_time` int(11) NOT NULL COMMENT '创建时间',
  PRIMARY KEY (`r_id`) USING BTREE
) ENGINE=InnoDB DEFAULT CHARSET=utf8 ROW_FORMAT=DYNAMIC COMMENT='项目关联业务表';
/*!40101 SET character_set_client = @saved_cs_client */;

--
-- Dumping data for table `5kcrm_work_relation`
--

LOCK TABLES `5kcrm_work_relation` WRITE;
/*!40000 ALTER TABLE `5kcrm_work_relation` DISABLE KEYS */;
/*!40000 ALTER TABLE `5kcrm_work_relation` ENABLE KEYS */;
UNLOCK TABLES;

--
-- Table structure for table `5kcrm_work_task_class`
--

DROP TABLE IF EXISTS `5kcrm_work_task_class`;
/*!40101 SET @saved_cs_client     = @@character_set_client */;
 SET character_set_client = utf8mb4 ;
CREATE TABLE `5kcrm_work_task_class` (
  `class_id` int(11) NOT NULL AUTO_INCREMENT COMMENT '任务分类表',
  `name` varchar(50) NOT NULL COMMENT '分类名',
  `create_time` int(11) NOT NULL COMMENT '创建时间',
  `create_user_id` int(11) NOT NULL COMMENT '创建人ID',
  `status` tinyint(2) DEFAULT '0' COMMENT '状态1正常',
  `work_id` int(11) NOT NULL COMMENT '项目ID',
  `order_id` tinyint(4) NOT NULL DEFAULT '0' COMMENT '排序',
  PRIMARY KEY (`class_id`) USING BTREE
) ENGINE=InnoDB DEFAULT CHARSET=utf8 ROW_FORMAT=DYNAMIC COMMENT='任务分类表';
/*!40101 SET character_set_client = @saved_cs_client */;

--
-- Dumping data for table `5kcrm_work_task_class`
--

LOCK TABLES `5kcrm_work_task_class` WRITE;
/*!40000 ALTER TABLE `5kcrm_work_task_class` DISABLE KEYS */;
/*!40000 ALTER TABLE `5kcrm_work_task_class` ENABLE KEYS */;
UNLOCK TABLES;

--
-- Table structure for table `5kcrm_work_task_file`
--

DROP TABLE IF EXISTS `5kcrm_work_task_file`;
/*!40101 SET @saved_cs_client     = @@character_set_client */;
 SET character_set_client = utf8mb4 ;
CREATE TABLE `5kcrm_work_task_file` (
  `r_id` int(11) NOT NULL AUTO_INCREMENT,
  `file_id` int(11) NOT NULL COMMENT '文件ID',
  `task_id` int(11) NOT NULL COMMENT '任务ID',
  PRIMARY KEY (`r_id`) USING BTREE
) ENGINE=InnoDB DEFAULT CHARSET=utf8 ROW_FORMAT=DYNAMIC;
/*!40101 SET character_set_client = @saved_cs_client */;

--
-- Dumping data for table `5kcrm_work_task_file`
--

LOCK TABLES `5kcrm_work_task_file` WRITE;
/*!40000 ALTER TABLE `5kcrm_work_task_file` DISABLE KEYS */;
/*!40000 ALTER TABLE `5kcrm_work_task_file` ENABLE KEYS */;
UNLOCK TABLES;

--
-- Table structure for table `5kcrm_work_task_lable`
--

DROP TABLE IF EXISTS `5kcrm_work_task_lable`;
/*!40101 SET @saved_cs_client     = @@character_set_client */;
 SET character_set_client = utf8mb4 ;
CREATE TABLE `5kcrm_work_task_lable` (
  `lable_id` int(11) NOT NULL AUTO_INCREMENT,
  `name` varchar(50) NOT NULL COMMENT '标签名',
  `create_time` int(11) NOT NULL COMMENT '创建时间',
  `create_user_id` int(11) NOT NULL COMMENT '创建人ID',
  `status` tinyint(2) DEFAULT '0' COMMENT '状态',
  `color` varchar(15) NOT NULL DEFAULT '' COMMENT '颜色',
  PRIMARY KEY (`lable_id`) USING BTREE
) ENGINE=InnoDB DEFAULT CHARSET=utf8 ROW_FORMAT=DYNAMIC COMMENT='任务标签表';
/*!40101 SET character_set_client = @saved_cs_client */;

--
-- Dumping data for table `5kcrm_work_task_lable`
--

LOCK TABLES `5kcrm_work_task_lable` WRITE;
/*!40000 ALTER TABLE `5kcrm_work_task_lable` DISABLE KEYS */;
/*!40000 ALTER TABLE `5kcrm_work_task_lable` ENABLE KEYS */;
UNLOCK TABLES;

--
-- Table structure for table `5kcrm_work_task_log`
--

DROP TABLE IF EXISTS `5kcrm_work_task_log`;
/*!40101 SET @saved_cs_client     = @@character_set_client */;
 SET character_set_client = utf8mb4 ;
CREATE TABLE `5kcrm_work_task_log` (
  `log_id` int(11) NOT NULL AUTO_INCREMENT COMMENT '项目日志表',
  `user_id` int(11) NOT NULL COMMENT '操作人ID',
  `content` varchar(255) NOT NULL DEFAULT '' COMMENT '内容',
  `create_time` int(11) NOT NULL COMMENT '创建时间',
  `status` tinyint(2) DEFAULT '0' COMMENT '状态 4删除',
  `task_id` int(11) DEFAULT '0' COMMENT '任务ID',
  `work_id` int(11) DEFAULT '0' COMMENT '项目ID',
  PRIMARY KEY (`log_id`) USING BTREE
) ENGINE=InnoDB AUTO_INCREMENT=10 DEFAULT CHARSET=utf8 ROW_FORMAT=DYNAMIC COMMENT='任务日志表';
/*!40101 SET character_set_client = @saved_cs_client */;

--
-- Dumping data for table `5kcrm_work_task_log`
--

LOCK TABLES `5kcrm_work_task_log` WRITE;
/*!40000 ALTER TABLE `5kcrm_work_task_log` DISABLE KEYS */;
INSERT INTO `5kcrm_work_task_log` VALUES (1,3,'添加新任务:技术老师每周工作情况及销售下周项目安排计划表',1565931263,0,1,0),(2,3,'任务标记结束',1565931301,0,1,0),(3,3,'任务标记开始',1565931307,0,1,0),(4,3,'任务标记结束',1565931314,0,1,0),(5,3,'任务标记开始',1565931316,0,1,0),(6,3,'修改截至时间为：2019-08-16',1565931324,0,1,NULL),(7,3,'添加新任务:DAS、DBS项目计划书',1565931442,0,2,0),(8,3,'任务标记结束',1566178855,0,2,0),(9,3,'任务标记结束',1566178856,0,1,0);
/*!40000 ALTER TABLE `5kcrm_work_task_log` ENABLE KEYS */;
UNLOCK TABLES;

--
-- Table structure for table `5kcrm_work_user`
--

DROP TABLE IF EXISTS `5kcrm_work_user`;
/*!40101 SET @saved_cs_client     = @@character_set_client */;
 SET character_set_client = utf8mb4 ;
CREATE TABLE `5kcrm_work_user` (
  `id` int(11) NOT NULL AUTO_INCREMENT,
  `work_id` int(11) NOT NULL COMMENT '项目ID',
  `user_id` int(11) NOT NULL COMMENT '成员ID',
  `types` tinyint(1) NOT NULL DEFAULT '0' COMMENT '1管理员，0初始权限',
  `group_id` int(11) NOT NULL COMMENT '角色ID',
  PRIMARY KEY (`id`)
) ENGINE=InnoDB DEFAULT CHARSET=utf8 COMMENT='项目成员表';
/*!40101 SET character_set_client = @saved_cs_client */;

--
-- Dumping data for table `5kcrm_work_user`
--

LOCK TABLES `5kcrm_work_user` WRITE;
/*!40000 ALTER TABLE `5kcrm_work_user` DISABLE KEYS */;
/*!40000 ALTER TABLE `5kcrm_work_user` ENABLE KEYS */;
UNLOCK TABLES;
/*!40103 SET TIME_ZONE=@OLD_TIME_ZONE */;

/*!40101 SET SQL_MODE=@OLD_SQL_MODE */;
/*!40014 SET FOREIGN_KEY_CHECKS=@OLD_FOREIGN_KEY_CHECKS */;
/*!40014 SET UNIQUE_CHECKS=@OLD_UNIQUE_CHECKS */;
/*!40101 SET CHARACTER_SET_CLIENT=@OLD_CHARACTER_SET_CLIENT */;
/*!40101 SET CHARACTER_SET_RESULTS=@OLD_CHARACTER_SET_RESULTS */;
/*!40101 SET COLLATION_CONNECTION=@OLD_COLLATION_CONNECTION */;
/*!40111 SET SQL_NOTES=@OLD_SQL_NOTES */;

-- Dump completed on 2019-08-21 23:50:22
